MODEL_YEAR,CAFE_MFR_NM,CAFE_MFR_CD,COMPLIANCE_CATEGORY_CD,COMPLIANCE_CATEGORY_DESC,LDFE_CAFE_ID,APPROVED_YN,SIGNED_YN,FINAL_STATUS_IND_YN,FOOTPRINT_MFR_NM,FOOTPRINT_MFR_CD,FOOTPRINT_DIVISION_NM,FTPT_DIVISION_CD,FOOTPRINT_CARLINE_NM,FTPT_CARLINE_CD,FP_MODEL_YR,FOOTPRINT_INDEX,FOOTPRINT_DESC,WHEEL_BASE_INCHES,FRONT_TRACK_WIDTH_INCHES,REAR_TRACK_WIDTH_INCHES,MFR_CALC_ROUNDED_AREA,EPA_CALC_ROUNDED_AREA,DISCREPANCY_MFR_EPA_CALC_FP,MFR_TARGET_FE_VALUE,EPA_TARGET_FE_VALUE,FP_TARGET_FE_DISCREP_VALUE,MFR_TARGET_GHG_RND_GPM_1,EPA_TARGET_GHG_RND_GPM_1,TARGET_GHG_DISCREPANCY_VAL,FINAL_MY_GHG_PROD_UNIT,FINAL_MY_GHG_TLAAS_PROD_UNIT,FINAL_MY_CAFE_PROD_UNIT
2024,"American Honda Motor Co., Inc.",HNX,LT,Light Trucks,4927,N,N,Y,"American Honda Motor Co., Inc.",HNX,Acura,2,MDX AWD,1,2024,1,MDX AWD 20in,113.8,67.7,67.7,53.5,53.5,0,35.55,35.55,0,219.1,219.1,0,36307,,36307
2024,"American Honda Motor Co., Inc.",HNX,LT,Light Trucks,4927,N,N,Y,"American Honda Motor Co., Inc.",HNX,Acura,2,MDX AWD Type-S,4,2024,1,MDX AWD TYPE S 21in,113.8,67.7,67.7,53.5,53.5,0,35.55,35.55,0,219.1,219.1,0,4706,,4706
2024,"American Honda Motor Co., Inc.",HNX,LT,Light Trucks,4927,N,N,Y,"American Honda Motor Co., Inc.",HNX,Acura,2,MDX FWD,2,2024,1,MDX FWD 19in,113.8,67.7,67.7,53.5,53.5,0,35.55,35.55,0,219.1,219.1,0,2268,,2268
2024,"American Honda Motor Co., Inc.",HNX,LT,Light Trucks,4927,N,N,Y,"American Honda Motor Co., Inc.",HNX,Acura,2,MDX FWD,2,2024,2,MDX FWD 20in,113.8,67.7,67.7,53.5,53.5,0,35.55,35.55,0,219.1,219.1,0,6110,,6110
2024,"American Honda Motor Co., Inc.",HNX,LT,Light Trucks,4927,N,N,Y,"American Honda Motor Co., Inc.",HNX,Acura,2,RDX AWD,101,2024,1,RDX AWD 19in,108.3,64.2,64.7,48.4,48.4,0,38.72,38.72,0,199.9,199.9,0,30014,,30014
2024,"American Honda Motor Co., Inc.",HNX,LT,Light Trucks,4927,N,N,Y,"American Honda Motor Co., Inc.",HNX,Acura,2,RDX AWD A-SPEC,103,2024,1,RDX AWD A-SPEC 20in,108.3,64.2,64.7,48.4,48.4,0,38.72,38.72,0,199.9,199.9,0,11125,,11125
2024,"American Honda Motor Co., Inc.",HNX,LT,Light Trucks,4927,N,N,Y,"American Honda Motor Co., Inc.",HNX,Acura,2,ZDX AWD,901,2024,1,2024MY Acura ZDX AWD,121.8,66.1,66.3,56.0,56.0,0,34.17,34.17,0,228.5,228.5,0,6885,,6885
2024,"American Honda Motor Co., Inc.",HNX,LT,Light Trucks,4927,N,N,Y,"American Honda Motor Co., Inc.",HNX,Acura,2,ZDX AWD Type S,903,2024,1,2024 Acura ZDX AWD Type-S,121.8,66.1,66.2,56.0,56.0,0,34.17,34.17,0,228.5,228.5,0,2889,,2889
2024,"American Honda Motor Co., Inc.",HNX,LT,Light Trucks,4927,N,N,Y,"American Honda Motor Co., Inc.",HNX,Acura,2,ZDX RWD,902,2024,1,2024MY Acura ZDX RWD,121.8,66.1,66.3,56.2,56.0,0.2,34.17,34.17,0,228.5,228.5,0,4033,,4033
2024,"American Honda Motor Co., Inc.",HNX,LT,Light Trucks,4927,N,N,Y,"American Honda Motor Co., Inc.",HNX,Honda,1,CR-V AWD,101,2024,1,CR-V AWD 17in,106.3,63.3,63.9,46.9,46.9,0,39.76,39.76,0,194.2,194.2,0,55694,,55694
2024,"American Honda Motor Co., Inc.",HNX,LT,Light Trucks,4927,N,N,Y,"American Honda Motor Co., Inc.",HNX,Honda,1,CR-V AWD,101,2024,2,CR-V AWD 18in,106.3,63.3,63.9,46.9,46.9,0,39.76,39.76,0,194.2,194.2,0,70081,,70081
2024,"American Honda Motor Co., Inc.",HNX,LT,Light Trucks,4927,N,N,Y,"American Honda Motor Co., Inc.",HNX,Honda,1,CR-V AWD,101,2024,3,CR-V AWD Hybrid 18in,106.3,63.3,63.9,46.9,46.9,0,39.76,39.76,0,194.2,194.2,0,136054,,136054
2024,"American Honda Motor Co., Inc.",HNX,LT,Light Trucks,4927,N,N,Y,"American Honda Motor Co., Inc.",HNX,Honda,1,ODYSSEY FWD,201,2024,1,ODYSSEY FWD 18in,118.1,67.3,67.2,55.1,55.1,0,34.66,34.66,0,225.1,225.1,0,45286,,45286
2024,"American Honda Motor Co., Inc.",HNX,LT,Light Trucks,4927,N,N,Y,"American Honda Motor Co., Inc.",HNX,Honda,1,ODYSSEY FWD,201,2024,2,ODYSSEY FWD 19in,118.1,67.3,67.2,55.1,55.1,0,34.66,34.66,0,225.1,225.1,0,30905,,30905
2024,"American Honda Motor Co., Inc.",HNX,LT,Light Trucks,4927,N,N,Y,"American Honda Motor Co., Inc.",HNX,Honda,1,PASSPORT AWD,310,2024,1,PASSPORT AWD 20in,110.9,66.7,66.7,51.4,51.4,0,36.79,36.79,0,211.2,211.2,0,16230,,16230
2024,"American Honda Motor Co., Inc.",HNX,LT,Light Trucks,4927,N,N,Y,"American Honda Motor Co., Inc.",HNX,Honda,1,PASSPORT AWD,310,2024,2,PASSPORT AWD 18in,110.9,67.1,67.1,51.7,51.7,0,36.61,36.61,0,212.3,212.3,0,7735,,7735
2024,"American Honda Motor Co., Inc.",HNX,LT,Light Trucks,4927,N,N,Y,"American Honda Motor Co., Inc.",HNX,Honda,1,PILOT AWD,301,2024,1,PILOT AWD 18in,113.8,67.5,67.8,53.4,53.4,0,35.60,35.60,0,218.7,218.7,0,10182,,10182
2024,"American Honda Motor Co., Inc.",HNX,LT,Light Trucks,4927,N,N,Y,"American Honda Motor Co., Inc.",HNX,Honda,1,PILOT AWD,301,2024,2,PILOT AWD 20in,113.8,67.5,67.8,53.4,53.4,0,35.60,35.60,0,218.7,218.7,0,869,,869
2024,"American Honda Motor Co., Inc.",HNX,LT,Light Trucks,4927,N,N,Y,"American Honda Motor Co., Inc.",HNX,Honda,1,PILOT FWD,302,2024,1,PILOT FWD 18in,113.8,67.5,67.8,53.4,53.4,0,35.60,35.60,0,218.7,218.7,0,10622,,10622
2024,"American Honda Motor Co., Inc.",HNX,LT,Light Trucks,4927,N,N,Y,"American Honda Motor Co., Inc.",HNX,Honda,1,PILOT FWD,302,2024,2,PILOT FWD 20in,113.8,67.5,67.8,53.4,53.4,0,35.60,35.60,0,218.7,218.7,0,6496,,6496
2024,"American Honda Motor Co., Inc.",HNX,LT,Light Trucks,4927,N,N,Y,"American Honda Motor Co., Inc.",HNX,Honda,1,Pilot AWD TRAILSPORT,305,2024,1,PILOT AWD TRAILSPORT 18in,113.8,67.2,67.4,53.2,53.2,0,35.72,35.72,0,218.0,218.0,0,9640,,9640
2024,"American Honda Motor Co., Inc.",HNX,LT,Light Trucks,4927,N,N,Y,"American Honda Motor Co., Inc.",HNX,Honda,1,Pilot AWD Touring/Elite/Black,304,2024,1,PILOT AWD Touring 20in,113.8,67.5,67.8,53.4,53.4,0,35.60,35.60,0,218.7,218.7,0,29366,,29366
2024,"American Honda Motor Co., Inc.",HNX,LT,Light Trucks,4927,N,N,Y,"American Honda Motor Co., Inc.",HNX,Honda,1,Prologue AWD,801,2024,1,"2024MY Honda Prologue AWD (EX, Touring)",121.8,66.4,66.5,56.2,56.2,0,34.07,34.07,0,229.3,229.3,0,23228,,23228
2024,"American Honda Motor Co., Inc.",HNX,LT,Light Trucks,4927,N,N,Y,"American Honda Motor Co., Inc.",HNX,Honda,1,Prologue AWD,801,2024,2,2024MY Honda Prologue AWD (Elite),121.8,66.2,66.3,56.0,56.0,0,34.17,34.17,0,228.5,228.5,0,11870,,11870
2024,"American Honda Motor Co., Inc.",HNX,LT,Light Trucks,4927,N,N,Y,"American Honda Motor Co., Inc.",HNX,Honda,1,Prologue FWD,802,2024,1,2024MY Honda Prologue FWD,121.8,66.4,66.5,56.2,56.2,0,34.07,34.07,0,229.3,229.3,0,9896,,9896
2024,"American Honda Motor Co., Inc.",HNX,LT,Light Trucks,4927,N,N,Y,"American Honda Motor Co., Inc.",HNX,Honda,1,RIDGELINE AWD,501,2024,1,RIDGELINE AWD 18in,125.2,66.9,66.8,58.1,58.1,0,33.10,33.10,0,236.4,236.4,0,25578,,25578
2024,"American Honda Motor Co., Inc.",HNX,LT,Light Trucks,4927,N,N,Y,"American Honda Motor Co., Inc.",HNX,Honda,1,RIDGELINE AWD TrailSport,503,2024,1,RIDGELINE AWD TrailSport 18in,125.2,66.9,66.8,58.1,58.1,0,33.10,33.10,0,236.4,236.4,0,7852,,7852
2024,"American Honda Motor Co., Inc.",HNX,PV,Passenger Vehicles,4928,N,N,Y,"American Honda Motor Co., Inc.",HNX,Acura,2,INTEGRA,120,2024,1,INTEGRA 17in,107.7,60.9,62.1,46.0,46.0,0,49.83,49.83,0,155.5,155.5,0,6072,,6072
2024,"American Honda Motor Co., Inc.",HNX,PV,Passenger Vehicles,4928,N,N,Y,"American Honda Motor Co., Inc.",HNX,Acura,2,INTEGRA,120,2024,2,INTEGRA 19in,107.7,60.9,62.1,46.0,46.0,0,49.83,49.83,0,155.5,155.5,0,72,,72
2024,"American Honda Motor Co., Inc.",HNX,PV,Passenger Vehicles,4928,N,N,Y,"American Honda Motor Co., Inc.",HNX,Acura,2,INTEGRA,120,2024,3,INTEGRA Type-S 19in,107.7,64.0,63.6,47.7,47.7,0,48.17,48.17,0,161.3,161.3,0,3919,,3919
2024,"American Honda Motor Co., Inc.",HNX,PV,Passenger Vehicles,4928,N,N,Y,"American Honda Motor Co., Inc.",HNX,Acura,2,INTEGRA A-SPEC,121,2024,1,INTEGRA A-SPEC 18in,107.7,60.5,61.6,45.6,45.6,0,50.23,50.23,0,154.2,154.2,0,23656,,23656
2024,"American Honda Motor Co., Inc.",HNX,PV,Passenger Vehicles,4928,N,N,Y,"American Honda Motor Co., Inc.",HNX,Acura,2,INTEGRA A-SPEC,121,2024,2,INTEGRA A-SPEC 19in,107.7,60.5,61.6,45.6,45.6,0,50.23,50.23,0,154.2,154.2,0,282,,282
2024,"American Honda Motor Co., Inc.",HNX,PV,Passenger Vehicles,4928,N,N,Y,"American Honda Motor Co., Inc.",HNX,Acura,2,TLX AWD A-SPEC,62,2024,1,TLX AWD A-SPEC 19in,113.0,64.0,64.6,50.5,50.5,0,45.68,45.68,0,170.8,170.8,0,2340,,2340
2024,"American Honda Motor Co., Inc.",HNX,PV,Passenger Vehicles,4928,N,N,Y,"American Honda Motor Co., Inc.",HNX,Acura,2,TLX FWD,61,2024,1,TLX FWD 18in,113.0,64.0,64.6,50.5,50.5,0,45.68,45.68,0,170.8,170.8,0,0,,0
2024,"American Honda Motor Co., Inc.",HNX,PV,Passenger Vehicles,4928,N,N,Y,"American Honda Motor Co., Inc.",HNX,Acura,2,TLX FWD,61,2024,2,TLX FWD 19in,113.0,64.0,64.6,50.5,50.5,0,45.68,45.68,0,170.8,170.8,0,1516,,1516
2024,"American Honda Motor Co., Inc.",HNX,PV,Passenger Vehicles,4928,N,N,Y,"American Honda Motor Co., Inc.",HNX,Acura,2,TLX Type-S,64,2024,1,TLX Type-S 20in,113.0,64.0,64.6,50.5,50.5,0,45.68,45.68,0,170.8,170.8,0,500,,500
2024,"American Honda Motor Co., Inc.",HNX,PV,Passenger Vehicles,4928,N,N,Y,"American Honda Motor Co., Inc.",HNX,Honda,1,ACCORD,20,2024,1,ACCORD 17in,111.4,63.0,63.8,49.0,49.0,0,46.98,46.98,0,165.7,165.7,0,115001,,115001
2024,"American Honda Motor Co., Inc.",HNX,PV,Passenger Vehicles,4928,N,N,Y,"American Honda Motor Co., Inc.",HNX,Honda,1,ACCORD,20,2024,2,ACCORD 19in,111.4,62.6,63.5,48.7,48.7,0,47.25,47.25,0,164.7,164.7,0,1749,,1749
2024,"American Honda Motor Co., Inc.",HNX,PV,Passenger Vehicles,4928,N,N,Y,"American Honda Motor Co., Inc.",HNX,Honda,1,ACCORD SPORT/TOURING,22,2024,1,ACCORD SPORT/TOURING 19in,111.4,62.6,63.5,48.7,48.7,0,47.25,47.25,0,164.7,164.7,0,74308,,74308
2024,"American Honda Motor Co., Inc.",HNX,PV,Passenger Vehicles,4928,N,N,Y,"American Honda Motor Co., Inc.",HNX,Honda,1,CIVIC 4Dr,5,2024,1,CIVIC 4DR 18in,107.7,60.5,61.6,45.6,45.6,0,50.23,50.23,0,154.2,154.2,0,112652,,112652
2024,"American Honda Motor Co., Inc.",HNX,PV,Passenger Vehicles,4928,N,N,Y,"American Honda Motor Co., Inc.",HNX,Honda,1,CIVIC 4Dr,5,2024,2,CIVIC 4DR 17in,107.7,60.9,62.0,45.9,45.9,0,49.93,49.93,0,155.2,155.2,0,18360,,18360
2024,"American Honda Motor Co., Inc.",HNX,PV,Passenger Vehicles,4928,N,N,Y,"American Honda Motor Co., Inc.",HNX,Honda,1,CIVIC 4Dr,5,2024,3,CIVIC 4DR 16in,107.7,60.9,62.0,45.9,45.9,0,49.93,49.93,0,155.2,155.2,0,13824,,13824
2024,"American Honda Motor Co., Inc.",HNX,PV,Passenger Vehicles,4928,N,N,Y,"American Honda Motor Co., Inc.",HNX,Honda,1,CIVIC 5Dr,9,2024,1,CIVIC 5DR 18in,107.7,60.5,61.6,45.6,45.6,0,50.23,50.23,0,154.2,154.2,0,49541,,49541
2024,"American Honda Motor Co., Inc.",HNX,PV,Passenger Vehicles,4928,N,N,Y,"American Honda Motor Co., Inc.",HNX,Honda,1,CIVIC 5Dr,9,2024,2,CIVIC 5DR 17in,107.7,60.9,62.0,45.9,45.9,0,49.93,49.93,0,155.2,155.2,0,18333,,18333
2024,"American Honda Motor Co., Inc.",HNX,PV,Passenger Vehicles,4928,N,N,Y,"American Honda Motor Co., Inc.",HNX,Honda,1,CIVIC 5Dr,9,2024,3,CIVIC 5DR 16in,107.7,60.9,62.0,45.6,45.9,0.3,49.93,49.93,0,155.2,155.2,0,8126,,8126
2024,"American Honda Motor Co., Inc.",HNX,PV,Passenger Vehicles,4928,N,N,Y,"American Honda Motor Co., Inc.",HNX,Honda,1,CIVIC 5Dr,9,2024,4,CIVIC 5DR 19in,107.7,64.0,63.6,47.7,47.7,0,48.17,48.17,0,161.3,161.3,0,5072,,5072
2024,"American Honda Motor Co., Inc.",HNX,PV,Passenger Vehicles,4928,N,N,Y,"American Honda Motor Co., Inc.",HNX,Honda,1,CR-V FWD,102,2024,1,CR-V FWD 17in,106.3,63.4,64.1,47.1,47.1,0,48.74,48.74,0,159.3,159.3,0,7665,,7665
2024,"American Honda Motor Co., Inc.",HNX,PV,Passenger Vehicles,4928,N,N,Y,"American Honda Motor Co., Inc.",HNX,Honda,1,CR-V FWD,102,2024,2,CR-V FWD 18in,106.3,63.4,64.1,47.1,47.1,0,48.74,48.74,0,159.3,159.3,0,89321,,89321
2024,"American Honda Motor Co., Inc.",HNX,PV,Passenger Vehicles,4928,N,N,Y,"American Honda Motor Co., Inc.",HNX,Honda,1,CR-V FWD,102,2024,3,CR-V FWD 19in,106.3,63.4,64.1,47.1,47.1,0,48.74,48.74,0,159.3,159.3,0,0,,0
2024,"American Honda Motor Co., Inc.",HNX,PV,Passenger Vehicles,4928,N,N,Y,"American Honda Motor Co., Inc.",HNX,Honda,1,HR-V AWD,110,2024,1,HR-V AWD 17in,104.5,62.6,63.2,45.6,45.6,0,50.23,50.23,0,154.2,154.2,0,42217,,42217
2024,"American Honda Motor Co., Inc.",HNX,PV,Passenger Vehicles,4928,N,N,Y,"American Honda Motor Co., Inc.",HNX,Honda,1,HR-V AWD,110,2024,2,HR-V AWD 18in,104.5,62.6,63.2,45.6,45.6,0,50.53,50.23,0.30,154.2,154.2,0,44774,,44774
2024,"American Honda Motor Co., Inc.",HNX,PV,Passenger Vehicles,4928,N,N,Y,"American Honda Motor Co., Inc.",HNX,Honda,1,HR-V FWD,111,2024,1,HR-V FWD 17in,104.5,62.6,63.2,45.6,45.6,0,50.23,50.23,0,154.2,154.2,0,32228,,32228
2024,"American Honda Motor Co., Inc.",HNX,PV,Passenger Vehicles,4928,N,N,Y,"American Honda Motor Co., Inc.",HNX,Honda,1,HR-V FWD,111,2024,2,HR-V FWD 18in,104.5,62.6,63.2,45.6,45.6,0,50.23,50.23,0,154.2,154.2,0,30159,,30159
2024,Aston Martin Lagonda,ASX,LT,Light Trucks,4798,N,N,Y,Aston Martin Lagonda,ASX,Aston Martin Lagonda Ltd,1,DBX 707,884,2024,1,DBX 707 LDT4,120.5,66.9,65.5,55.4,55.4,0,34.50,34.49,0.01,226.4,226.3,0.1,312,,312
2024,Aston Martin Lagonda,ASX,LT,Light Trucks,4798,N,N,Y,Aston Martin Lagonda,ASX,Aston Martin Lagonda Ltd,1,DBX V8,800,2024,1,DBX V8 LDT4,120.5,66.9,65.5,55.4,55.4,0,34.50,34.49,0.01,226.4,226.3,0.1,67,,67
2024,Aston Martin Lagonda,ASX,PV,Passenger Vehicles,4948,N,N,Y,Aston Martin Lagonda,ASX,Aston Martin Lagonda Ltd,1,DB12 V8,572,2024,1,DB12 V8 Coupe &amp; Volante,110.4,65.5,65.0,50.1,50.0,0.1,46.02,46.10,0.08,169.4,169.1,0.3,670,0,670
2024,Aston Martin Lagonda,ASX,PV,Passenger Vehicles,4948,N,N,Y,Aston Martin Lagonda,ASX,Aston Martin Lagonda Ltd,1,Valour,690,2024,1,V12 Vantage,106.5,65.4,65.0,48.3,48.2,0.1,47.62,47.71,0.09,163.3,163.0,0.3,38,0,38
2024,BMW,BMX,LT,Light Trucks,4671,N,N,Y,BMW,BMX,BMW,1,ALPINA XB7,383,2024,1,ALPINA XB7 21in,122.2,63.4,64.2,54.1,54.1,0,35.21,35.21,0,221.4,221.4,0,53,,53
2024,BMW,BMX,LT,Light Trucks,4671,N,N,Y,BMW,BMX,BMW,1,ALPINA XB7,383,2024,2,ALPINA XB7 23in mixed,122.2,63.4,63.5,53.8,53.8,0,35.38,35.38,0,220.2,220.2,0,600,,600
2024,BMW,BMX,LT,Light Trucks,4671,N,N,Y,BMW,BMX,BMW,1,X1 M35i,419,2024,1,X1 M35i 19in,106.0,62.4,62.5,45.9,45.9,0,40.49,40.49,0,190.4,190.4,0,1506,,1506
2024,BMW,BMX,LT,Light Trucks,4671,N,N,Y,BMW,BMX,BMW,1,X1 M35i,419,2024,2,X1 M35i 20in,106.0,62.4,62.5,45.9,45.9,0,40.49,40.49,0,190.4,190.4,0,1098,,1098
2024,BMW,BMX,LT,Light Trucks,4671,N,N,Y,BMW,BMX,BMW,1,X1 xDrive28i,391,2024,1,X1 xDrive28i 18in,106.0,62.0,62.0,45.6,45.6,0,40.71,40.71,0,189.3,189.3,0,6059,,6059
2024,BMW,BMX,LT,Light Trucks,4671,N,N,Y,BMW,BMX,BMW,1,X1 xDrive28i,391,2024,2,X1 xDrive28i 19in,106.0,62.3,62.3,45.9,45.9,0,40.49,40.49,0,190.4,190.4,0,7341,,7341
2024,BMW,BMX,LT,Light Trucks,4671,N,N,Y,BMW,BMX,BMW,1,X1 xDrive28i,391,2024,3,X1 xDrive28i 20in,106.0,62.3,62.3,45.9,45.9,0,40.49,40.49,0,190.4,190.4,0,1260,,1260
2024,BMW,BMX,LT,Light Trucks,4671,N,N,Y,BMW,BMX,BMW,1,X2 M35i,421,2024,1,X2 M35i 20in,106.0,62.4,62.5,45.9,45.9,0,40.49,40.49,0,190.4,190.4,0,579,,579
2024,BMW,BMX,LT,Light Trucks,4671,N,N,Y,BMW,BMX,BMW,1,X2 M35i,421,2024,2,X2 M35i 21in,106.0,62.4,62.5,45.9,45.9,0,40.49,40.49,0,190.4,190.4,0,130,,130
2024,BMW,BMX,LT,Light Trucks,4671,N,N,Y,BMW,BMX,BMW,1,X2 xDrive28i,420,2024,1,X2 xDrive28i 20in,106.0,62.3,62.3,45.9,45.9,0,40.49,40.49,0,190.4,190.4,0,122,,122
2024,BMW,BMX,LT,Light Trucks,4671,N,N,Y,BMW,BMX,BMW,1,X2 xDrive28i,420,2024,2,X2 xDrive28i 21in,106.0,62.3,62.3,45.9,45.9,0,40.49,40.49,0,190.4,190.4,0,54,,54
2024,BMW,BMX,LT,Light Trucks,4671,N,N,Y,BMW,BMX,BMW,1,X2 xDrive28i,420,2024,3,X2 xDrive28i 19in,106.0,62.3,62.3,45.9,45.9,0,40.49,40.49,0,190.4,190.4,0,1228,,1228
2024,BMW,BMX,LT,Light Trucks,4671,N,N,Y,BMW,BMX,BMW,1,X2 xDrive28i,420,2024,4,X2 xDrive28i 18in,106.0,62.0,62.0,45.6,45.6,0,40.71,40.71,0,189.3,189.3,0,0,,0
2024,BMW,BMX,LT,Light Trucks,4671,N,N,Y,BMW,BMX,BMW,1,X3 M,264,2024,1,X3 M 20in mixed,112.8,63.9,63.1,49.7,49.7,0,37.86,37.86,0,204.8,204.8,0,48,,48
2024,BMW,BMX,LT,Light Trucks,4671,N,N,Y,BMW,BMX,BMW,1,X3 M,264,2024,2,X3 M 21in mixed,112.8,63.7,63.1,49.7,49.7,0,37.86,37.86,0,204.8,204.8,0,107,,107
2024,BMW,BMX,LT,Light Trucks,4671,N,N,Y,BMW,BMX,BMW,1,X3 M Competition,265,2024,1,X3 M Competition 20in mixed,112.8,63.9,63.1,49.7,49.7,0,37.86,37.86,0,204.8,204.8,0,0,,0
2024,BMW,BMX,LT,Light Trucks,4671,N,N,Y,BMW,BMX,BMW,1,X3 M Competition,265,2024,2,X3 M Competition 21in mixed,112.8,63.7,63.1,49.7,49.7,0,37.86,37.86,0,204.8,204.8,0,917,,917
2024,BMW,BMX,LT,Light Trucks,4671,N,N,Y,BMW,BMX,BMW,1,X3 M40i,346,2024,1,X3 M40i 19in,112.8,63.2,63.6,49.7,49.7,0,37.86,37.86,0,204.8,204.8,0,3618,,3618
2024,BMW,BMX,LT,Light Trucks,4671,N,N,Y,BMW,BMX,BMW,1,X3 M40i,346,2024,2,X3 M40i 20in mixed,112.8,63.6,62.8,49.5,49.5,0,37.99,37.99,0,204.0,204.0,0,3077,,3077
2024,BMW,BMX,LT,Light Trucks,4671,N,N,Y,BMW,BMX,BMW,1,X3 M40i,346,2024,3,X3 M40i 21in mixed,112.8,63.3,62.8,49.4,49.4,0,38.05,38.05,0,203.6,203.6,0,1378,,1378
2024,BMW,BMX,LT,Light Trucks,4671,N,N,Y,BMW,BMX,BMW,1,X3 xDrive30i,234,2024,1,X3 xDrive30i 19in,112.8,63.0,63.6,49.6,49.6,0,37.92,37.92,0,204.4,204.4,0,42007,,42007
2024,BMW,BMX,LT,Light Trucks,4671,N,N,Y,BMW,BMX,BMW,1,X3 xDrive30i,234,2024,2,X3 xDrive30i 20in mixed,112.8,63.4,62.8,49.4,49.4,0,38.05,38.05,0,203.6,203.6,0,3334,,3334
2024,BMW,BMX,LT,Light Trucks,4671,N,N,Y,BMW,BMX,BMW,1,X3 xDrive30i,234,2024,3,X3 xDrive30i 21in mixed,112.8,63.1,62.8,49.4,49.4,0,38.05,38.05,0,203.6,203.6,0,1320,,1320
2024,BMW,BMX,LT,Light Trucks,4671,N,N,Y,BMW,BMX,BMW,1,X3 xDrive30i,234,2024,4,X3 xDrive30i 18in,112.8,63.8,64.4,50.2,50.2,0,37.54,37.54,0,206.7,206.7,0,0,,0
2024,BMW,BMX,LT,Light Trucks,4671,N,N,Y,BMW,BMX,BMW,1,X4 M,266,2024,1,X4 M 20in mixed,112.8,63.9,64.3,50.2,50.2,0,37.54,37.54,0,206.7,206.7,0,40,,40
2024,BMW,BMX,LT,Light Trucks,4671,N,N,Y,BMW,BMX,BMW,1,X4 M,266,2024,2,X4 M 21in mixed,112.8,63.7,64.3,50.1,50.1,0,37.60,37.60,0,206.3,206.3,0,79,,79
2024,BMW,BMX,LT,Light Trucks,4671,N,N,Y,BMW,BMX,BMW,1,X4 M Competition,267,2024,1,X4 M Competition 20in mixed,112.8,63.9,64.3,50.2,50.2,0,37.54,37.54,0,206.7,206.7,0,0,,0
2024,BMW,BMX,LT,Light Trucks,4671,N,N,Y,BMW,BMX,BMW,1,X4 M Competition,267,2024,2,X4 M Competition 21in mixed,112.8,63.7,64.3,50.1,50.1,0,37.60,37.60,0,206.3,206.3,0,658,,658
2024,BMW,BMX,LT,Light Trucks,4671,N,N,Y,BMW,BMX,BMW,1,X4 M40i,347,2024,1,X4 M40i 19in,112.8,63.2,64.8,50.1,50.1,0,37.60,37.60,0,206.3,206.3,0,899,,899
2024,BMW,BMX,LT,Light Trucks,4671,N,N,Y,BMW,BMX,BMW,1,X4 M40i,347,2024,2,X4 M40i 20in mixed,112.8,63.6,63.9,50.0,50.0,0,37.66,37.66,0,205.9,205.9,0,1119,,1119
2024,BMW,BMX,LT,Light Trucks,4671,N,N,Y,BMW,BMX,BMW,1,X4 M40i,347,2024,3,X4 M40i 21in mixed,112.8,63.3,63.9,49.8,49.8,0,37.79,37.79,0,205.1,205.1,0,580,,580
2024,BMW,BMX,LT,Light Trucks,4671,N,N,Y,BMW,BMX,BMW,1,X4 xDrive30i,244,2024,1,X4 xDrive30i 18in,112.8,63.8,65.6,50.7,50.7,0,37.22,37.22,0,208.5,208.5,0,0,,0
2024,BMW,BMX,LT,Light Trucks,4671,N,N,Y,BMW,BMX,BMW,1,X4 xDrive30i,244,2024,2,X4 xDrive30i 19in,112.8,63.0,64.8,50.1,50.1,0,37.60,37.60,0,206.3,206.3,0,4573,,4573
2024,BMW,BMX,LT,Light Trucks,4671,N,N,Y,BMW,BMX,BMW,1,X4 xDrive30i,244,2024,3,X4 xDrive30i 20in mixed,112.8,63.4,63.9,49.8,49.8,0,37.79,37.79,0,205.1,205.1,0,2262,,2262
2024,BMW,BMX,LT,Light Trucks,4671,N,N,Y,BMW,BMX,BMW,1,X4 xDrive30i,244,2024,4,X4 xDrive30i 21in mixed,112.8,63.1,63.9,49.7,49.7,0,37.86,37.86,0,204.8,204.8,0,421,,421
2024,BMW,BMX,LT,Light Trucks,4671,N,N,Y,BMW,BMX,BMW,1,X5 M Competition,293,2024,1,X5 M Competition 21in mixed,117.0,66.9,66.5,54.2,54.2,0,35.15,35.15,0,221.7,221.7,0,17,,17
2024,BMW,BMX,LT,Light Trucks,4671,N,N,Y,BMW,BMX,BMW,1,X5 M Competition,293,2024,2,X5 M Competition F21in R22in mixed,117.0,66.9,66.5,54.2,54.2,0,35.15,35.15,0,221.7,221.7,0,1275,,1275
2024,BMW,BMX,LT,Light Trucks,4671,N,N,Y,BMW,BMX,BMW,1,X5 M60i xDrive,400,2024,1,X5 M60i xDrive 20in,117.1,66.3,67.1,54.2,54.2,0,35.15,35.15,0,221.7,221.7,0,1408,,1408
2024,BMW,BMX,LT,Light Trucks,4671,N,N,Y,BMW,BMX,BMW,1,X5 M60i xDrive,400,2024,2,X5 M60i xDrive 21in mixed,117.1,66.1,66.5,53.9,53.9,0,35.32,35.32,0,220.6,220.6,0,613,,613
2024,BMW,BMX,LT,Light Trucks,4671,N,N,Y,BMW,BMX,BMW,1,X5 M60i xDrive,400,2024,3,X5 M60i xDrive 22in mixed,117.1,66.1,66.5,53.9,53.9,0,35.32,35.32,0,220.6,220.6,0,3287,,3287
2024,BMW,BMX,LT,Light Trucks,4671,N,N,Y,BMW,BMX,BMW,1,X5 sDrive40i,398,2024,1,X5 sDrive40i 19in,117.1,66.0,66.9,54.0,54.0,0,35.26,35.26,0,221.0,221.0,0,0,,0
2024,BMW,BMX,LT,Light Trucks,4671,N,N,Y,BMW,BMX,BMW,1,X5 sDrive40i,398,2024,2,X5 sDrive40i 20in,117.1,66.3,67.1,54.2,54.2,0,35.15,35.15,0,221.7,221.7,0,5839,,5839
2024,BMW,BMX,LT,Light Trucks,4671,N,N,Y,BMW,BMX,BMW,1,X5 sDrive40i,398,2024,3,X5 sDrive40i 21in mixed,117.1,66.1,66.5,53.9,53.9,0,35.32,35.32,0,220.6,220.6,0,3246,,3246
2024,BMW,BMX,LT,Light Trucks,4671,N,N,Y,BMW,BMX,BMW,1,X5 sDrive40i,398,2024,4,X5 sDrive40i 22in mixed,117.1,66.1,66.5,53.9,53.9,0,35.32,35.32,0,220.6,220.6,0,4151,,4151
2024,BMW,BMX,LT,Light Trucks,4671,N,N,Y,BMW,BMX,BMW,1,X5 xDrive40i,399,2024,1,X5 xDrive40i 19in,117.1,66.0,66.9,54.0,54.0,0,35.26,35.26,0,221.0,221.0,0,0,,0
2024,BMW,BMX,LT,Light Trucks,4671,N,N,Y,BMW,BMX,BMW,1,X5 xDrive40i,399,2024,2,X5 xDrive40i 20in,117.1,66.3,67.1,54.2,54.2,0,35.15,35.15,0,221.7,221.7,0,28090,,28090
2024,BMW,BMX,LT,Light Trucks,4671,N,N,Y,BMW,BMX,BMW,1,X5 xDrive40i,399,2024,3,X5 xDrive40i 21in mixed,117.1,66.1,66.5,53.9,53.9,0,35.32,35.32,0,220.6,220.6,0,4608,,4608
2024,BMW,BMX,LT,Light Trucks,4671,N,N,Y,BMW,BMX,BMW,1,X5 xDrive40i,399,2024,4,X5 xDrive40i 22in mixed,117.1,66.1,66.5,53.9,53.9,0,35.32,35.32,0,220.6,220.6,0,6458,,6458
2024,BMW,BMX,LT,Light Trucks,4671,N,N,Y,BMW,BMX,BMW,1,X5 xDrive50e,397,2024,1,X5 xDrive50e 19in,117.1,66.0,66.9,54.0,54.0,0,35.26,35.26,0,221.0,221.0,0,0,,0
2024,BMW,BMX,LT,Light Trucks,4671,N,N,Y,BMW,BMX,BMW,1,X5 xDrive50e,397,2024,2,X5 xDrive50e 20in,117.1,66.3,67.1,54.2,54.2,0,35.15,35.15,0,221.7,221.7,0,8716,,8716
2024,BMW,BMX,LT,Light Trucks,4671,N,N,Y,BMW,BMX,BMW,1,X5 xDrive50e,397,2024,3,X5 xDrive50e 21in mixed,117.1,66.1,66.5,53.9,53.9,0,35.32,35.32,0,220.6,220.6,0,3922,,3922
2024,BMW,BMX,LT,Light Trucks,4671,N,N,Y,BMW,BMX,BMW,1,X6 M Competition,294,2024,1,X6 M Competition 21in mixed,117.0,66.9,66.5,54.2,54.2,0,35.15,35.15,0,221.7,221.7,0,22,,22
2024,BMW,BMX,LT,Light Trucks,4671,N,N,Y,BMW,BMX,BMW,1,X6 M Competition,294,2024,2,X6 M Competition F21in R22in mixed,117.0,66.9,66.5,54.2,54.2,0,35.15,35.15,0,221.7,221.7,0,832,,832
2024,BMW,BMX,LT,Light Trucks,4671,N,N,Y,BMW,BMX,BMW,1,X6 M60i xDrive,401,2024,1,X6 M60i xDrive 20in,117.1,66.3,67.1,54.2,54.2,0,35.15,35.15,0,221.7,221.7,0,287,,287
2024,BMW,BMX,LT,Light Trucks,4671,N,N,Y,BMW,BMX,BMW,1,X6 M60i xDrive,401,2024,2,X6 M60i xDrive 21in mixed,117.1,66.1,66.5,53.9,53.9,0,35.32,35.32,0,220.6,220.6,0,199,,199
2024,BMW,BMX,LT,Light Trucks,4671,N,N,Y,BMW,BMX,BMW,1,X6 M60i xDrive,401,2024,3,X6 M60i xDrive 22in mixed,117.1,66.1,66.5,53.9,53.9,0,35.32,35.32,0,220.6,220.6,0,1294,,1294
2024,BMW,BMX,LT,Light Trucks,4671,N,N,Y,BMW,BMX,BMW,1,X6 xDrive40i,314,2024,1,X6 xDrive40i 20in,117.1,66.3,67.1,54.2,54.2,0,35.15,35.15,0,221.7,221.7,0,2745,,2745
2024,BMW,BMX,LT,Light Trucks,4671,N,N,Y,BMW,BMX,BMW,1,X6 xDrive40i,314,2024,2,X6 xDrive40i 20in mixed,117.1,66.3,66.7,54.1,54.1,0,35.21,35.21,0,221.4,221.4,0,0,,0
2024,BMW,BMX,LT,Light Trucks,4671,N,N,Y,BMW,BMX,BMW,1,X6 xDrive40i,314,2024,3,X6 xDrive40i 21in mixed,117.1,66.1,66.5,53.9,53.9,0,35.32,35.32,0,220.6,220.6,0,797,,797
2024,BMW,BMX,LT,Light Trucks,4671,N,N,Y,BMW,BMX,BMW,1,X6 xDrive40i,314,2024,4,X6 xDrive40i 22in mixed,117.1,66.1,66.5,53.9,53.9,0,35.32,35.32,0,220.6,220.6,0,2959,,2959
2024,BMW,BMX,LT,Light Trucks,4671,N,N,Y,BMW,BMX,BMW,1,X7 M60i xDrive,382,2024,1,X7 M60i xDrive 22in mixed,122.2,66.5,66.5,56.4,56.4,0,33.96,33.96,0,230.0,230.0,0,3681,,3681
2024,BMW,BMX,LT,Light Trucks,4671,N,N,Y,BMW,BMX,BMW,1,X7 M60i xDrive,382,2024,2,X7 M60i xDrive 23in mixed,122.2,66.5,66.5,56.4,56.4,0,33.96,33.96,0,230.0,230.0,0,670,,670
2024,BMW,BMX,LT,Light Trucks,4671,N,N,Y,BMW,BMX,BMW,1,X7 M60i xDrive,382,2024,3,X7 M60i xDrive 21in,122.2,66.2,67.0,56.5,56.5,0,33.91,33.91,0,230.4,230.4,0,1097,,1097
2024,BMW,BMX,LT,Light Trucks,4671,N,N,Y,BMW,BMX,BMW,1,X7 xDrive40i,384,2024,1,X7 xDrive40i 22in mixed,122.2,66.5,66.5,56.4,56.4,0,33.96,33.96,0,230.0,230.0,0,10499,,10499
2024,BMW,BMX,LT,Light Trucks,4671,N,N,Y,BMW,BMX,BMW,1,X7 xDrive40i,384,2024,2,X7 xDrive40i 23in mixed,122.2,66.5,66.5,56.4,56.4,0,33.96,33.96,0,230.0,230.0,0,771,,771
2024,BMW,BMX,LT,Light Trucks,4671,N,N,Y,BMW,BMX,BMW,1,X7 xDrive40i,384,2024,3,X7 xDrive40i 20in,122.2,66.3,67.1,56.6,56.6,0,33.86,33.86,0,230.8,230.8,0,0,,0
2024,BMW,BMX,LT,Light Trucks,4671,N,N,Y,BMW,BMX,BMW,1,X7 xDrive40i,384,2024,4,X7 xDrive40i 21in,122.2,66.2,67.0,56.5,56.5,0,33.91,33.91,0,230.4,230.4,0,13575,,13575
2024,BMW,BMX,LT,Light Trucks,4671,N,N,Y,BMW,BMX,BMW,1,XM,392,2024,1,XM 21in mixed,122.2,68.0,66.5,57.0,57.0,0,33.65,33.65,0,232.3,232.3,0,0,,0
2024,BMW,BMX,LT,Light Trucks,4671,N,N,Y,BMW,BMX,BMW,1,XM,392,2024,2,XM 22in mixed,122.2,67.8,66.4,56.9,56.9,0,33.71,33.71,0,231.9,231.9,0,189,,189
2024,BMW,BMX,LT,Light Trucks,4671,N,N,Y,BMW,BMX,BMW,1,XM,392,2024,3,XM 23in mixed,122.2,67.7,66.4,56.9,56.9,0,33.71,33.71,0,231.9,231.9,0,1252,,1252
2024,BMW,BMX,LT,Light Trucks,4671,N,N,Y,BMW,BMX,BMW,1,XM Label,403,2024,1,XM Label 21in mixed,122.2,68.0,66.5,57.0,57.0,0,33.65,33.65,0,232.3,232.3,0,0,,0
2024,BMW,BMX,LT,Light Trucks,4671,N,N,Y,BMW,BMX,BMW,1,XM Label,403,2024,2,XM Label 22in mixed,122.2,67.8,66.4,56.9,56.9,0,33.71,33.71,0,231.9,231.9,0,348,,348
2024,BMW,BMX,LT,Light Trucks,4671,N,N,Y,BMW,BMX,BMW,1,XM Label,403,2024,3,XM Label 23in mixed,122.2,67.7,66.4,56.9,56.9,0,33.71,33.71,0,231.9,231.9,0,421,,421
2024,BMW,BMX,LT,Light Trucks,4671,N,N,Y,BMW,BMX,BMW,1,iX M60 (21'' Wheels),377,2024,1,"iX M60 (21"" Wheels) 21in",118.1,65.4,66.5,54.1,54.1,0,35.21,35.21,0,221.4,221.4,0,516,,516
2024,BMW,BMX,LT,Light Trucks,4671,N,N,Y,BMW,BMX,BMW,1,iX M60 (22'' Wheels),378,2024,1,"iX M60 (22"" Wheels) 22in",118.1,65.3,66.5,54.0,54.0,0,35.26,35.26,0,221.0,221.0,0,764,,764
2024,BMW,BMX,LT,Light Trucks,4671,N,N,Y,BMW,BMX,BMW,1,iX xDrive50 (20'' Wheels),370,2024,1,"iX xDrive50 (20"" Wheels) 20in",118.1,65.9,67.1,54.5,54.5,0,34.98,34.98,0,222.9,222.9,0,1951,,1951
2024,BMW,BMX,LT,Light Trucks,4671,N,N,Y,BMW,BMX,BMW,1,iX xDrive50 (21'' Wheels),371,2024,1,"iX xDrive50 (21"" Wheels) 21in",118.1,65.3,66.5,54.0,54.0,0,35.26,35.26,0,221.0,221.0,0,9900,,9900
2024,BMW,BMX,LT,Light Trucks,4671,N,N,Y,BMW,BMX,BMW,1,iX xDrive50 (22'' Wheels),372,2024,1,"iX xDrive50 (22"" Wheels) 22in",118.1,65.2,66.4,54.0,54.0,0,35.26,35.26,0,221.0,221.0,0,5150,,5150
2024,BMW,BMX,PV,Passenger Vehicles,4670,N,N,Y,BMW,BMX,BMW,1,228i Gran Coupe,298,2024,1,228i Gran Coupe 19in,105.1,61.5,61.5,44.9,44.9,0,50.96,50.96,0,151.8,151.8,0,181,,181
2024,BMW,BMX,PV,Passenger Vehicles,4670,N,N,Y,BMW,BMX,BMW,1,228i Gran Coupe,298,2024,2,228i Gran Coupe 17in,105.1,61.5,61.5,44.9,44.9,0,50.96,50.96,0,151.8,151.8,0,1469,,1469
2024,BMW,BMX,PV,Passenger Vehicles,4670,N,N,Y,BMW,BMX,BMW,1,228i Gran Coupe,298,2024,3,228i Gran Coupe 18in,105.1,61.2,61.2,44.7,44.7,0,51.17,51.17,0,151.1,151.1,0,1386,,1386
2024,BMW,BMX,PV,Passenger Vehicles,4670,N,N,Y,BMW,BMX,BMW,1,228i xDrive Gran Coupe,297,2024,1,228i xDrive Gran Coupe 19in,105.1,61.5,61.5,44.9,44.9,0,50.96,50.96,0,151.8,151.8,0,20,,20
2024,BMW,BMX,PV,Passenger Vehicles,4670,N,N,Y,BMW,BMX,BMW,1,228i xDrive Gran Coupe,297,2024,2,228i xDrive Gran Coupe 17in,105.1,61.5,61.5,44.9,44.9,0,50.96,50.96,0,151.8,151.8,0,1716,,1716
2024,BMW,BMX,PV,Passenger Vehicles,4670,N,N,Y,BMW,BMX,BMW,1,228i xDrive Gran Coupe,297,2024,3,228i xDrive Gran Coupe 18in,105.1,61.2,61.2,44.7,44.7,0,51.17,51.17,0,151.1,151.1,0,1189,,1189
2024,BMW,BMX,PV,Passenger Vehicles,4670,N,N,Y,BMW,BMX,BMW,1,230i Coupe,362,2024,1,230i Coupe 18in,107.9,62.4,62.9,46.9,46.9,0,48.94,48.94,0,158.6,158.6,0,936,,936
2024,BMW,BMX,PV,Passenger Vehicles,4670,N,N,Y,BMW,BMX,BMW,1,230i Coupe,362,2024,2,230i Coupe 19in,107.9,62.2,62.8,46.8,46.8,0,49.03,49.03,0,158.3,158.3,0,1442,,1442
2024,BMW,BMX,PV,Passenger Vehicles,4670,N,N,Y,BMW,BMX,BMW,1,230i Coupe,362,2024,3,230i Coupe 19in mixed,107.9,62.2,61.7,46.5,46.5,0,49.33,49.33,0,157.2,157.2,0,354,,354
2024,BMW,BMX,PV,Passenger Vehicles,4670,N,N,Y,BMW,BMX,BMW,1,230i xDrive Coupe,363,2024,1,230i xDrive Coupe 18in,107.9,62.4,62.9,46.9,46.9,0,48.94,48.94,0,158.6,158.6,0,901,,901
2024,BMW,BMX,PV,Passenger Vehicles,4670,N,N,Y,BMW,BMX,BMW,1,230i xDrive Coupe,363,2024,2,230i xDrive Coupe 19in,107.9,62.2,62.8,46.8,46.8,0,49.03,49.03,0,158.3,158.3,0,941,,941
2024,BMW,BMX,PV,Passenger Vehicles,4670,N,N,Y,BMW,BMX,BMW,1,230i xDrive Coupe,363,2024,3,230i xDrive Coupe 19in mixed,107.9,62.2,61.7,46.5,46.5,0,49.33,49.33,0,157.2,157.2,0,80,,80
2024,BMW,BMX,PV,Passenger Vehicles,4670,N,N,Y,BMW,BMX,BMW,1,330e Sedan,359,2024,1,330e Sedan 18in,112.2,62.3,62.9,48.8,48.8,0,47.16,47.16,0,165.0,165.0,0,620,,620
2024,BMW,BMX,PV,Passenger Vehicles,4670,N,N,Y,BMW,BMX,BMW,1,330e Sedan,359,2024,2,330e Sedan 19in,112.2,62.2,62.8,48.7,48.7,0,47.25,47.25,0,164.7,164.7,0,632,,632
2024,BMW,BMX,PV,Passenger Vehicles,4670,N,N,Y,BMW,BMX,BMW,1,330e Sedan,359,2024,3,330e Sedan 19in mixed,112.2,62.2,61.7,48.3,48.3,0,47.62,47.62,0,163.3,163.3,0,403,,403
2024,BMW,BMX,PV,Passenger Vehicles,4670,N,N,Y,BMW,BMX,BMW,1,330e xDrive Sedan,358,2024,1,330e xDrive Sedan 18in,112.2,62.3,62.9,48.8,48.8,0,47.16,47.16,0,165.0,165.0,0,556,,556
2024,BMW,BMX,PV,Passenger Vehicles,4670,N,N,Y,BMW,BMX,BMW,1,330e xDrive Sedan,358,2024,2,330e xDrive Sedan 19in,112.2,62.2,62.7,48.6,48.6,0,47.34,47.34,0,164.4,164.4,0,389,,389
2024,BMW,BMX,PV,Passenger Vehicles,4670,N,N,Y,BMW,BMX,BMW,1,330e xDrive Sedan,358,2024,3,330e xDrive Sedan 19in mixed,112.2,62.2,61.7,48.3,48.3,0,47.62,47.62,0,163.3,163.3,0,89,,89
2024,BMW,BMX,PV,Passenger Vehicles,4670,N,N,Y,BMW,BMX,BMW,1,330i Sedan,327,2024,1,330i Sedan 18in,112.2,62.3,62.9,48.8,48.8,0,47.16,47.16,0,165.0,165.0,0,2908,,2908
2024,BMW,BMX,PV,Passenger Vehicles,4670,N,N,Y,BMW,BMX,BMW,1,330i Sedan,327,2024,2,330i Sedan 19in,112.2,62.2,62.8,48.7,48.7,0,47.25,47.25,0,164.7,164.7,0,5815,,5815
2024,BMW,BMX,PV,Passenger Vehicles,4670,N,N,Y,BMW,BMX,BMW,1,330i Sedan,327,2024,3,330i Sedan 19in mixed,112.2,62.2,61.7,48.3,48.3,0,47.62,47.62,0,163.3,163.3,0,1825,,1825
2024,BMW,BMX,PV,Passenger Vehicles,4670,N,N,Y,BMW,BMX,BMW,1,330i Sedan,327,2024,4,330i Sedan 18in mixed,112.2,62.3,61.7,48.3,48.3,0,47.62,47.62,0,163.3,163.3,0,0,,0
2024,BMW,BMX,PV,Passenger Vehicles,4670,N,N,Y,BMW,BMX,BMW,1,330i xDrive Sedan,328,2024,1,330i xDrive Sedan 18in,112.2,62.3,62.9,48.8,48.8,0,47.16,47.16,0,165.0,165.0,0,4056,,4056
2024,BMW,BMX,PV,Passenger Vehicles,4670,N,N,Y,BMW,BMX,BMW,1,330i xDrive Sedan,328,2024,2,330i xDrive Sedan 19in,112.2,62.2,62.7,48.6,48.6,0,47.34,47.34,0,164.4,164.4,0,5021,,5021
2024,BMW,BMX,PV,Passenger Vehicles,4670,N,N,Y,BMW,BMX,BMW,1,330i xDrive Sedan,328,2024,3,330i xDrive Sedan 19in mixed,112.2,62.2,61.7,48.3,48.3,0,47.62,47.62,0,163.3,163.3,0,648,,648
2024,BMW,BMX,PV,Passenger Vehicles,4670,N,N,Y,BMW,BMX,BMW,1,330i xDrive Sedan,328,2024,4,330i xDrive Sedan 18in mixed,112.2,62.3,61.7,48.3,48.3,0,47.62,47.62,0,163.3,163.3,0,0,,0
2024,BMW,BMX,PV,Passenger Vehicles,4670,N,N,Y,BMW,BMX,BMW,1,430i Convertible,324,2024,1,430i Convertible 18in,112.2,62.3,63.9,49.2,49.2,0,46.80,46.80,0,166.4,166.4,0,1118,,1118
2024,BMW,BMX,PV,Passenger Vehicles,4670,N,N,Y,BMW,BMX,BMW,1,430i Convertible,324,2024,2,430i Convertible 19in,112.2,62.2,63.7,49.1,49.1,0,46.89,46.89,0,166.0,166.0,0,1105,,1105
2024,BMW,BMX,PV,Passenger Vehicles,4670,N,N,Y,BMW,BMX,BMW,1,430i Convertible,324,2024,3,430i Convertible 19in mixed,112.2,62.2,62.7,48.6,48.6,0,47.34,47.34,0,164.4,164.4,0,515,,515
2024,BMW,BMX,PV,Passenger Vehicles,4670,N,N,Y,BMW,BMX,BMW,1,430i Convertible,324,2024,4,430i Convertible 18in mixed,112.2,62.3,62.7,48.7,48.7,0,47.25,47.25,0,164.7,164.7,0,0,,0
2024,BMW,BMX,PV,Passenger Vehicles,4670,N,N,Y,BMW,BMX,BMW,1,430i Coupe,317,2024,1,430i Coupe 18in,112.2,62.3,63.9,49.2,49.2,0,46.80,46.80,0,166.4,166.4,0,349,,349
2024,BMW,BMX,PV,Passenger Vehicles,4670,N,N,Y,BMW,BMX,BMW,1,430i Coupe,317,2024,2,430i Coupe 19in,112.2,62.2,63.7,49.1,49.1,0,46.89,46.89,0,166.0,166.0,0,829,,829
2024,BMW,BMX,PV,Passenger Vehicles,4670,N,N,Y,BMW,BMX,BMW,1,430i Coupe,317,2024,3,430i Coupe 19in mixed,112.2,62.2,62.7,48.6,48.6,0,47.34,47.34,0,164.4,164.4,0,475,,475
2024,BMW,BMX,PV,Passenger Vehicles,4670,N,N,Y,BMW,BMX,BMW,1,430i Coupe,317,2024,4,430i Coupe 18in mixed,112.2,62.3,62.7,48.7,48.7,0,47.25,47.25,0,164.7,164.7,0,0,,0
2024,BMW,BMX,PV,Passenger Vehicles,4670,N,N,Y,BMW,BMX,BMW,1,430i Gran Coupe,364,2024,1,430i Gran Coupe 18in,112.4,62.3,63.4,49.0,49.0,0,46.98,46.98,0,165.7,165.7,0,1288,,1288
2024,BMW,BMX,PV,Passenger Vehicles,4670,N,N,Y,BMW,BMX,BMW,1,430i Gran Coupe,364,2024,2,430i Gran Coupe 19in mixed,112.4,62.4,63.0,48.9,48.9,0,47.07,47.07,0,165.4,165.4,0,655,,655
2024,BMW,BMX,PV,Passenger Vehicles,4670,N,N,Y,BMW,BMX,BMW,1,430i Gran Coupe,364,2024,3,430i Gran Coupe 20in mixed,112.4,62.4,63.0,48.9,48.9,0,47.07,47.07,0,165.4,165.4,0,1143,,1143
2024,BMW,BMX,PV,Passenger Vehicles,4670,N,N,Y,BMW,BMX,BMW,1,430i xDrive Convertible,325,2024,1,430i xDrive Convertible 18in,112.2,62.3,63.9,49.2,49.2,0,46.80,46.80,0,166.4,166.4,0,823,,823
2024,BMW,BMX,PV,Passenger Vehicles,4670,N,N,Y,BMW,BMX,BMW,1,430i xDrive Convertible,325,2024,2,430i xDrive Convertible 19in,112.2,62.2,63.7,49.1,49.1,0,46.89,46.89,0,166.0,166.0,0,1274,,1274
2024,BMW,BMX,PV,Passenger Vehicles,4670,N,N,Y,BMW,BMX,BMW,1,430i xDrive Convertible,325,2024,3,430i xDrive Convertible 19in mixed,112.2,62.2,62.7,48.6,48.6,0,47.34,47.34,0,164.4,164.4,0,135,,135
2024,BMW,BMX,PV,Passenger Vehicles,4670,N,N,Y,BMW,BMX,BMW,1,430i xDrive Convertible,325,2024,4,430i xDrive Convertible 18in mixed,112.2,62.3,62.7,48.7,48.7,0,47.25,47.25,0,164.7,164.7,0,0,,0
2024,BMW,BMX,PV,Passenger Vehicles,4670,N,N,Y,BMW,BMX,BMW,1,430i xDrive Coupe,318,2024,1,430i xDrive Coupe 18in,112.2,62.3,63.9,49.2,49.2,0,46.80,46.80,0,166.4,166.4,0,505,,505
2024,BMW,BMX,PV,Passenger Vehicles,4670,N,N,Y,BMW,BMX,BMW,1,430i xDrive Coupe,318,2024,2,430i xDrive Coupe 19in,112.2,62.2,63.7,49.1,49.1,0,46.89,46.89,0,166.0,166.0,0,877,,877
2024,BMW,BMX,PV,Passenger Vehicles,4670,N,N,Y,BMW,BMX,BMW,1,430i xDrive Coupe,318,2024,3,430i xDrive Coupe 19in mixed,112.2,62.2,62.7,48.6,48.6,0,47.34,47.34,0,164.4,164.4,0,123,,123
2024,BMW,BMX,PV,Passenger Vehicles,4670,N,N,Y,BMW,BMX,BMW,1,430i xDrive Coupe,318,2024,4,430i xDrive Coupe 18in mixed,112.2,62.3,62.7,48.7,48.7,0,47.25,47.25,0,164.7,164.7,0,0,,0
2024,BMW,BMX,PV,Passenger Vehicles,4670,N,N,Y,BMW,BMX,BMW,1,430i xDrive Gran Coupe,365,2024,1,430i xDrive Gran Coupe 18in,112.4,62.4,63.5,49.2,49.2,0,46.80,46.80,0,166.4,166.4,0,1842,,1842
2024,BMW,BMX,PV,Passenger Vehicles,4670,N,N,Y,BMW,BMX,BMW,1,430i xDrive Gran Coupe,365,2024,2,430i xDrive Gran Coupe 19in mixed,112.4,62.5,63.0,49.0,49.0,0,46.98,46.98,0,165.7,165.7,0,829,,829
2024,BMW,BMX,PV,Passenger Vehicles,4670,N,N,Y,BMW,BMX,BMW,1,430i xDrive Gran Coupe,365,2024,3,430i xDrive Gran Coupe 20in mixed,112.4,62.5,63.0,49.0,49.0,0,46.98,46.98,0,165.7,165.7,0,174,,174
2024,BMW,BMX,PV,Passenger Vehicles,4670,N,N,Y,BMW,BMX,BMW,1,530i Sedan,417,2024,1,530i Sedan 19in,117.9,63.9,65.2,52.9,52.9,0,43.74,43.74,0,178.9,178.9,0,2897,,2897
2024,BMW,BMX,PV,Passenger Vehicles,4670,N,N,Y,BMW,BMX,BMW,1,530i Sedan,417,2024,2,530i Sedan 20in mixed,117.9,63.9,63.9,52.3,52.3,0,44.21,44.21,0,176.9,176.9,0,3118,,3118
2024,BMW,BMX,PV,Passenger Vehicles,4670,N,N,Y,BMW,BMX,BMW,1,530i Sedan,417,2024,3,530i Sedan 21in mixed,117.9,63.6,63.9,52.2,52.2,0,44.29,44.29,0,176.6,176.6,0,602,,602
2024,BMW,BMX,PV,Passenger Vehicles,4670,N,N,Y,BMW,BMX,BMW,1,530i xDrive Sedan,418,2024,1,530i xDrive Sedan 19in,117.9,63.9,65.2,52.9,52.9,0,43.74,43.74,0,178.9,178.9,0,4357,,4357
2024,BMW,BMX,PV,Passenger Vehicles,4670,N,N,Y,BMW,BMX,BMW,1,530i xDrive Sedan,418,2024,2,530i xDrive Sedan 20in mixed,117.9,63.9,63.9,52.3,52.3,0,44.21,44.21,0,176.9,176.9,0,2050,,2050
2024,BMW,BMX,PV,Passenger Vehicles,4670,N,N,Y,BMW,BMX,BMW,1,530i xDrive Sedan,418,2024,3,530i xDrive Sedan 21in mixed,117.9,63.6,63.9,52.2,52.2,0,44.29,44.29,0,176.6,176.6,0,108,,108
2024,BMW,BMX,PV,Passenger Vehicles,4670,N,N,Y,BMW,BMX,BMW,1,540i xDrive Sedan,353,2024,1,540i xDrive Sedan 19in,117.9,63.9,65.2,52.9,52.9,0,43.74,43.74,0,178.9,178.9,0,1695,,1695
2024,BMW,BMX,PV,Passenger Vehicles,4670,N,N,Y,BMW,BMX,BMW,1,540i xDrive Sedan,353,2024,2,540i xDrive Sedan 20in mixed,117.9,63.9,63.9,52.3,52.3,0,44.21,44.21,0,176.9,176.9,0,1229,,1229
2024,BMW,BMX,PV,Passenger Vehicles,4670,N,N,Y,BMW,BMX,BMW,1,540i xDrive Sedan,353,2024,3,540i xDrive Sedan 21in mixed,117.9,63.6,63.9,52.2,52.2,0,44.29,44.29,0,176.6,176.6,0,292,,292
2024,BMW,BMX,PV,Passenger Vehicles,4670,N,N,Y,BMW,BMX,BMW,1,740i Sedan,386,2024,1,740i Sedan 19in,126.6,65.4,66.3,57.8,57.8,0,41.48,41.48,0,189.5,189.5,0,0,,0
2024,BMW,BMX,PV,Passenger Vehicles,4670,N,N,Y,BMW,BMX,BMW,1,740i Sedan,386,2024,2,740i Sedan 20in mixed,126.6,65.6,64.9,57.3,57.3,0,41.48,41.48,0,189.5,189.5,0,739,,739
2024,BMW,BMX,PV,Passenger Vehicles,4670,N,N,Y,BMW,BMX,BMW,1,740i Sedan,386,2024,3,740i Sedan 21in mixed,126.6,65.6,64.9,57.3,57.3,0,41.48,41.48,0,189.5,189.5,0,1550,,1550
2024,BMW,BMX,PV,Passenger Vehicles,4670,N,N,Y,BMW,BMX,BMW,1,740i xDrive Sedan,387,2024,1,740i xDrive Sedan 19in,126.6,65.4,66.3,57.8,57.8,0,41.48,41.48,0,189.5,189.5,0,0,,0
2024,BMW,BMX,PV,Passenger Vehicles,4670,N,N,Y,BMW,BMX,BMW,1,740i xDrive Sedan,387,2024,2,740i xDrive Sedan 20in mixed,126.6,65.6,64.9,57.3,57.3,0,41.48,41.48,0,189.5,189.5,0,1385,,1385
2024,BMW,BMX,PV,Passenger Vehicles,4670,N,N,Y,BMW,BMX,BMW,1,740i xDrive Sedan,387,2024,3,740i xDrive Sedan 21in mixed,126.6,65.6,64.9,57.3,57.3,0,41.48,41.48,0,189.5,189.5,0,419,,419
2024,BMW,BMX,PV,Passenger Vehicles,4670,N,N,Y,BMW,BMX,BMW,1,750e xDrive Sedan,396,2024,1,750e xDrive Sedan 19in,126.6,65.4,66.3,57.8,57.8,0,41.48,41.48,0,189.5,189.5,0,0,,0
2024,BMW,BMX,PV,Passenger Vehicles,4670,N,N,Y,BMW,BMX,BMW,1,750e xDrive Sedan,396,2024,2,750e xDrive Sedan 20in mixed,126.6,65.6,64.9,57.3,57.3,0,41.48,41.48,0,189.5,189.5,0,165,,165
2024,BMW,BMX,PV,Passenger Vehicles,4670,N,N,Y,BMW,BMX,BMW,1,750e xDrive Sedan,396,2024,3,750e xDrive Sedan 21in mixed,126.6,65.6,64.9,57.3,57.3,0,41.48,41.48,0,189.5,189.5,0,218,,218
2024,BMW,BMX,PV,Passenger Vehicles,4670,N,N,Y,BMW,BMX,BMW,1,760i xDrive Sedan,385,2024,1,760i xDrive Sedan 20in mixed,126.6,65.6,64.9,57.3,57.3,0,41.48,41.48,0,189.5,189.5,0,1501,,1501
2024,BMW,BMX,PV,Passenger Vehicles,4670,N,N,Y,BMW,BMX,BMW,1,760i xDrive Sedan,385,2024,2,760i xDrive Sedan 21in mixed,126.6,65.6,64.9,57.3,57.3,0,41.48,41.48,0,189.5,189.5,0,1847,,1847
2024,BMW,BMX,PV,Passenger Vehicles,4670,N,N,Y,BMW,BMX,BMW,1,840i Convertible,283,2024,1,840i Convertible 19in mixed,111.1,64.0,64.6,49.6,49.6,0,46.45,46.45,0,167.7,167.7,0,44,,44
2024,BMW,BMX,PV,Passenger Vehicles,4670,N,N,Y,BMW,BMX,BMW,1,840i Convertible,283,2024,2,840i Convertible 20in mixed,111.1,64.0,64.6,49.6,49.6,0,46.45,46.45,0,167.7,167.7,0,204,,204
2024,BMW,BMX,PV,Passenger Vehicles,4670,N,N,Y,BMW,BMX,BMW,1,840i Coupe,281,2024,1,840i Coupe 19in mixed,111.1,64.0,64.6,49.6,49.6,0,46.45,46.45,0,167.7,167.7,0,38,,38
2024,BMW,BMX,PV,Passenger Vehicles,4670,N,N,Y,BMW,BMX,BMW,1,840i Coupe,281,2024,2,840i Coupe 20in mixed,111.1,64.0,64.6,49.6,49.6,0,46.45,46.45,0,167.7,167.7,0,186,,186
2024,BMW,BMX,PV,Passenger Vehicles,4670,N,N,Y,BMW,BMX,BMW,1,840i Gran Coupe,279,2024,1,840i Gran Coupe 19in mixed,119.0,64.1,65.8,53.7,53.7,0,43.12,43.12,0,181.6,181.6,0,41,,41
2024,BMW,BMX,PV,Passenger Vehicles,4670,N,N,Y,BMW,BMX,BMW,1,840i Gran Coupe,279,2024,2,840i Gran Coupe 20in mixed,119.0,64.1,65.8,53.7,53.7,0,43.12,43.12,0,181.6,181.6,0,500,,500
2024,BMW,BMX,PV,Passenger Vehicles,4670,N,N,Y,BMW,BMX,BMW,1,840i xDrive Convertible,282,2024,1,840i xDrive Convertible 19in mixed,111.1,64.1,64.6,49.7,49.7,0,46.36,46.36,0,168.1,168.1,0,175,,175
2024,BMW,BMX,PV,Passenger Vehicles,4670,N,N,Y,BMW,BMX,BMW,1,840i xDrive Convertible,282,2024,2,840i xDrive Convertible 20in mixed,111.1,64.1,64.6,49.7,49.7,0,46.36,46.36,0,168.1,168.1,0,117,,117
2024,BMW,BMX,PV,Passenger Vehicles,4670,N,N,Y,BMW,BMX,BMW,1,840i xDrive Coupe,280,2024,1,840i xDrive Coupe 19in mixed,111.1,64.1,64.6,49.7,49.7,0,46.36,46.36,0,168.1,168.1,0,124,,124
2024,BMW,BMX,PV,Passenger Vehicles,4670,N,N,Y,BMW,BMX,BMW,1,840i xDrive Coupe,280,2024,2,840i xDrive Coupe 20in mixed,111.1,64.1,64.6,49.7,49.7,0,46.36,46.36,0,168.1,168.1,0,102,,102
2024,BMW,BMX,PV,Passenger Vehicles,4670,N,N,Y,BMW,BMX,BMW,1,840i xDrive Gran Coupe,278,2024,1,840i xDrive Gran Coupe 19in mixed,119.0,64.1,65.8,53.7,53.7,0,43.12,43.12,0,181.6,181.6,0,365,,365
2024,BMW,BMX,PV,Passenger Vehicles,4670,N,N,Y,BMW,BMX,BMW,1,840i xDrive Gran Coupe,278,2024,2,840i xDrive Gran Coupe 20in mixed,119.0,64.1,65.8,53.7,53.7,0,43.12,43.12,0,181.6,181.6,0,208,,208
2024,BMW,BMX,PV,Passenger Vehicles,4670,N,N,Y,BMW,BMX,BMW,1,ALPINA B8 Gran Coupe,340,2024,1,ALPINA B8 Gran Coupe 19in mixed,119.0,64.1,65.8,53.7,53.7,0,43.12,43.12,0,181.6,181.6,0,0,,0
2024,BMW,BMX,PV,Passenger Vehicles,4670,N,N,Y,BMW,BMX,BMW,1,ALPINA B8 Gran Coupe,340,2024,2,ALPINA B8 Gran Coupe 20in mixed,119.0,64.1,65.8,53.7,53.7,0,43.12,43.12,0,181.6,181.6,0,24,,24
2024,BMW,BMX,PV,Passenger Vehicles,4670,N,N,Y,BMW,BMX,BMW,1,ALPINA B8 Gran Coupe,340,2024,3,ALPINA B8 Gran Coupe 21in mixed,119.0,64.1,65.8,53.7,53.7,0,43.12,43.12,0,181.6,181.6,0,96,,96
2024,BMW,BMX,PV,Passenger Vehicles,4670,N,N,Y,BMW,BMX,BMW,1,M2 Coupe,393,2024,1,M2 Coupe F19in R20in mixed,108.1,63.7,63.2,47.6,47.6,0,48.27,48.27,0,161.0,161.0,0,4145,,4145
2024,BMW,BMX,PV,Passenger Vehicles,4670,N,N,Y,BMW,BMX,BMW,1,M235i xDrive Gran Coupe,296,2024,1,M235i xDrive Gran Coupe 18in,105.1,61.5,61.4,44.8,44.8,0,51.06,51.06,0,151.5,151.5,0,322,,322
2024,BMW,BMX,PV,Passenger Vehicles,4670,N,N,Y,BMW,BMX,BMW,1,M235i xDrive Gran Coupe,296,2024,2,M235i xDrive Gran Coupe 19in,105.1,61.5,61.4,44.8,44.8,0,51.06,51.06,0,151.5,151.5,0,346,,346
2024,BMW,BMX,PV,Passenger Vehicles,4670,N,N,Y,BMW,BMX,BMW,1,M240i Coupe,379,2024,1,M240i Coupe 19in,107.9,62.2,62.8,46.8,46.8,0,49.03,49.03,0,158.3,158.3,0,394,,394
2024,BMW,BMX,PV,Passenger Vehicles,4670,N,N,Y,BMW,BMX,BMW,1,M240i Coupe,379,2024,2,M240i Coupe 19in mixed,107.9,62.2,61.7,46.5,46.5,0,49.33,49.33,0,157.2,157.2,0,324,,324
2024,BMW,BMX,PV,Passenger Vehicles,4670,N,N,Y,BMW,BMX,BMW,1,M240i Coupe,379,2024,3,M240i Coupe 19in mixed1,107.9,62.4,62.1,46.6,46.6,0,49.23,49.23,0,157.6,157.6,0,74,,74
2024,BMW,BMX,PV,Passenger Vehicles,4670,N,N,Y,BMW,BMX,BMW,1,M240i xDrive Coupe,355,2024,1,M240i xDrive Coupe 19in,107.9,62.2,62.8,46.8,46.8,0,49.03,49.03,0,158.3,158.3,0,1755,,1755
2024,BMW,BMX,PV,Passenger Vehicles,4670,N,N,Y,BMW,BMX,BMW,1,M240i xDrive Coupe,355,2024,2,M240i xDrive Coupe 19in mixed,107.9,62.2,61.7,46.5,46.5,0,49.33,49.33,0,157.2,157.2,0,404,,404
2024,BMW,BMX,PV,Passenger Vehicles,4670,N,N,Y,BMW,BMX,BMW,1,M240i xDrive Coupe,355,2024,3,M240i xDrive Coupe 19in mixed1,107.9,62.4,62.1,46.6,46.6,0,49.23,49.23,0,157.6,157.6,0,158,,158
2024,BMW,BMX,PV,Passenger Vehicles,4670,N,N,Y,BMW,BMX,BMW,1,M3 CS Sedan,402,2024,1,M3 CS Sedan F19in R20in mixed,112.5,63.9,63.2,49.7,49.7,0,46.36,46.36,0,168.1,168.1,0,401,,401
2024,BMW,BMX,PV,Passenger Vehicles,4670,N,N,Y,BMW,BMX,BMW,1,M3 Competition M xDrive Sedan,341,2024,1,M3 Competition M xDrive Sedan F19in R20in mixed,112.5,63.7,63.2,49.5,49.5,0,46.54,46.54,0,167.4,167.4,0,2674,,2674
2024,BMW,BMX,PV,Passenger Vehicles,4670,N,N,Y,BMW,BMX,BMW,1,M3 Competition Sedan,345,2024,1,M3 Competition Sedan F18in R19in mixed,112.5,63.7,63.2,49.5,49.5,0,46.54,46.54,0,167.4,167.4,0,0,,0
2024,BMW,BMX,PV,Passenger Vehicles,4670,N,N,Y,BMW,BMX,BMW,1,M3 Competition Sedan,345,2024,2,M3 Competition Sedan F19in R20in mixed,112.5,63.7,63.2,49.5,49.5,0,46.54,46.54,0,167.4,167.4,0,653,,653
2024,BMW,BMX,PV,Passenger Vehicles,4670,N,N,Y,BMW,BMX,BMW,1,M3 Sedan,344,2024,1,M3 Sedan F18in R19in mixed,112.5,63.7,63.2,49.5,49.5,0,46.54,46.54,0,167.4,167.4,0,130,,130
2024,BMW,BMX,PV,Passenger Vehicles,4670,N,N,Y,BMW,BMX,BMW,1,M3 Sedan,344,2024,2,M3 Sedan F19in R20in mixed,112.5,63.7,63.2,49.5,49.5,0,46.54,46.54,0,167.4,167.4,0,697,,697
2024,BMW,BMX,PV,Passenger Vehicles,4670,N,N,Y,BMW,BMX,BMW,1,M340i Sedan,348,2024,1,M340i Sedan 18in,112.2,62.3,62.9,48.8,48.8,0,47.16,47.16,0,165.0,165.0,0,192,,192
2024,BMW,BMX,PV,Passenger Vehicles,4670,N,N,Y,BMW,BMX,BMW,1,M340i Sedan,348,2024,2,M340i Sedan 19in,112.2,62.2,62.8,48.7,48.7,0,47.25,47.25,0,164.7,164.7,0,703,,703
2024,BMW,BMX,PV,Passenger Vehicles,4670,N,N,Y,BMW,BMX,BMW,1,M340i Sedan,348,2024,3,M340i Sedan 19in mixed,112.2,62.2,61.7,48.3,48.3,0,47.62,47.62,0,163.3,163.3,0,846,,846
2024,BMW,BMX,PV,Passenger Vehicles,4670,N,N,Y,BMW,BMX,BMW,1,M340i Sedan,348,2024,4,M340i Sedan 18in mixed,112.2,62.3,61.7,48.3,48.3,0,47.62,47.62,0,163.3,163.3,0,0,,0
2024,BMW,BMX,PV,Passenger Vehicles,4670,N,N,Y,BMW,BMX,BMW,1,M340i xDrive Sedan,349,2024,1,M340i xDrive Sedan 18in,112.2,62.3,62.9,48.8,48.8,0,47.16,47.16,0,165.0,165.0,0,262,,262
2024,BMW,BMX,PV,Passenger Vehicles,4670,N,N,Y,BMW,BMX,BMW,1,M340i xDrive Sedan,349,2024,2,M340i xDrive Sedan 19in,112.2,62.2,62.7,48.6,48.6,0,47.34,47.34,0,164.4,164.4,0,2228,,2228
2024,BMW,BMX,PV,Passenger Vehicles,4670,N,N,Y,BMW,BMX,BMW,1,M340i xDrive Sedan,349,2024,3,M340i xDrive Sedan 19in mixed,112.2,62.2,61.7,48.3,48.3,0,47.62,47.62,0,163.3,163.3,0,534,,534
2024,BMW,BMX,PV,Passenger Vehicles,4670,N,N,Y,BMW,BMX,BMW,1,M340i xDrive Sedan,349,2024,4,M340i xDrive Sedan 18in mixed,112.2,62.3,61.7,48.3,48.3,0,47.62,47.62,0,163.3,163.3,0,0,,0
2024,BMW,BMX,PV,Passenger Vehicles,4670,N,N,Y,BMW,BMX,BMW,1,M4 Competition Coupe,323,2024,1,M4 Competition Coupe F18in R19in mixed,112.5,63.7,63.2,49.5,49.5,0,46.54,46.54,0,167.4,167.4,0,0,,0
2024,BMW,BMX,PV,Passenger Vehicles,4670,N,N,Y,BMW,BMX,BMW,1,M4 Competition Coupe,323,2024,2,M4 Competition Coupe F19in R20in mixed,112.5,63.7,63.2,49.5,49.5,0,46.54,46.54,0,167.4,167.4,0,721,,721
2024,BMW,BMX,PV,Passenger Vehicles,4670,N,N,Y,BMW,BMX,BMW,1,M4 Competition M xDrive Coupe,342,2024,1,M4 Competition M xDrive Coupe F19in R20in mixed,112.5,63.7,63.2,49.5,49.5,0,46.54,46.54,0,167.4,167.4,0,1983,,1983
2024,BMW,BMX,PV,Passenger Vehicles,4670,N,N,Y,BMW,BMX,BMW,1,M4 Coupe,322,2024,1,M4 Coupe F18in R19in mixed,112.5,63.7,63.2,49.5,49.5,0,46.54,46.54,0,167.4,167.4,0,32,,32
2024,BMW,BMX,PV,Passenger Vehicles,4670,N,N,Y,BMW,BMX,BMW,1,M4 Coupe,322,2024,2,M4 Coupe F19in R20in mixed,112.5,63.7,63.2,49.5,49.5,0,46.54,46.54,0,167.4,167.4,0,400,,400
2024,BMW,BMX,PV,Passenger Vehicles,4670,N,N,Y,BMW,BMX,BMW,1,M440i Convertible,311,2024,1,M440i Convertible 18in,112.2,62.3,63.9,49.2,49.2,0,46.80,46.80,0,166.4,166.4,0,16,,16
2024,BMW,BMX,PV,Passenger Vehicles,4670,N,N,Y,BMW,BMX,BMW,1,M440i Convertible,311,2024,2,M440i Convertible 19in,112.2,62.2,63.7,49.1,49.1,0,46.89,46.89,0,166.0,166.0,0,429,,429
2024,BMW,BMX,PV,Passenger Vehicles,4670,N,N,Y,BMW,BMX,BMW,1,M440i Convertible,311,2024,3,M440i Convertible 19in mixed,112.2,62.2,62.7,48.6,48.6,0,47.34,47.34,0,164.4,164.4,0,425,,425
2024,BMW,BMX,PV,Passenger Vehicles,4670,N,N,Y,BMW,BMX,BMW,1,M440i Convertible,311,2024,4,M440i Convertible 18in mixed,112.2,62.3,62.7,48.7,48.7,0,47.25,47.25,0,164.7,164.7,0,64,,64
2024,BMW,BMX,PV,Passenger Vehicles,4670,N,N,Y,BMW,BMX,BMW,1,M440i Coupe,350,2024,1,M440i Coupe 18in,112.2,62.3,63.9,49.2,49.2,0,46.80,46.80,0,166.4,166.4,0,16,,16
2024,BMW,BMX,PV,Passenger Vehicles,4670,N,N,Y,BMW,BMX,BMW,1,M440i Coupe,350,2024,2,M440i Coupe 19in,112.2,62.2,63.7,49.1,49.1,0,46.89,46.89,0,166.0,166.0,0,293,,293
2024,BMW,BMX,PV,Passenger Vehicles,4670,N,N,Y,BMW,BMX,BMW,1,M440i Coupe,350,2024,3,M440i Coupe 19in mixed,112.2,62.2,62.7,48.6,48.6,0,47.34,47.34,0,164.4,164.4,0,373,,373
2024,BMW,BMX,PV,Passenger Vehicles,4670,N,N,Y,BMW,BMX,BMW,1,M440i Coupe,350,2024,4,M440i Coupe 18in mixed,112.2,62.3,62.7,48.7,48.7,0,47.25,47.25,0,164.7,164.7,0,56,,56
2024,BMW,BMX,PV,Passenger Vehicles,4670,N,N,Y,BMW,BMX,BMW,1,M440i Gran Coupe,380,2024,1,M440i Gran Coupe 18in,112.4,62.3,63.4,49.0,49.0,0,46.98,46.98,0,165.7,165.7,0,111,,111
2024,BMW,BMX,PV,Passenger Vehicles,4670,N,N,Y,BMW,BMX,BMW,1,M440i Gran Coupe,380,2024,2,M440i Gran Coupe 19in mixed,112.4,62.4,63.0,48.9,48.9,0,47.07,47.07,0,165.4,165.4,0,377,,377
2024,BMW,BMX,PV,Passenger Vehicles,4670,N,N,Y,BMW,BMX,BMW,1,M440i Gran Coupe,380,2024,3,M440i Gran Coupe 20in mixed,112.4,62.4,63.0,48.9,48.9,0,47.07,47.07,0,165.4,165.4,0,163,,163
2024,BMW,BMX,PV,Passenger Vehicles,4670,N,N,Y,BMW,BMX,BMW,1,M440i xDrive Convertible,351,2024,1,M440i xDrive Convertible 18in,112.2,62.3,63.9,49.2,49.2,0,46.80,46.80,0,166.4,166.4,0,160,,160
2024,BMW,BMX,PV,Passenger Vehicles,4670,N,N,Y,BMW,BMX,BMW,1,M440i xDrive Convertible,351,2024,2,M440i xDrive Convertible 19in,112.2,62.2,63.7,49.1,49.1,0,46.89,46.89,0,166.0,166.0,0,853,,853
2024,BMW,BMX,PV,Passenger Vehicles,4670,N,N,Y,BMW,BMX,BMW,1,M440i xDrive Convertible,351,2024,3,M440i xDrive Convertible 19in mixed,112.2,62.2,62.7,48.6,48.6,0,47.34,47.34,0,164.4,164.4,0,212,,212
2024,BMW,BMX,PV,Passenger Vehicles,4670,N,N,Y,BMW,BMX,BMW,1,M440i xDrive Convertible,351,2024,4,M440i xDrive Convertible 18in mixed,112.2,62.3,62.7,48.7,48.7,0,47.25,47.25,0,164.7,164.7,0,13,,13
2024,BMW,BMX,PV,Passenger Vehicles,4670,N,N,Y,BMW,BMX,BMW,1,M440i xDrive Coupe,310,2024,1,M440i xDrive Coupe 18in,112.2,62.3,63.9,49.2,49.2,0,46.80,46.80,0,166.4,166.4,0,69,,69
2024,BMW,BMX,PV,Passenger Vehicles,4670,N,N,Y,BMW,BMX,BMW,1,M440i xDrive Coupe,310,2024,2,M440i xDrive Coupe 19in,112.2,62.2,63.7,49.1,49.1,0,46.89,46.89,0,166.0,166.0,0,761,,761
2024,BMW,BMX,PV,Passenger Vehicles,4670,N,N,Y,BMW,BMX,BMW,1,M440i xDrive Coupe,310,2024,3,M440i xDrive Coupe 19in mixed,112.2,62.2,62.7,48.6,48.6,0,47.34,47.34,0,164.4,164.4,0,180,,180
2024,BMW,BMX,PV,Passenger Vehicles,4670,N,N,Y,BMW,BMX,BMW,1,M440i xDrive Coupe,310,2024,4,M440i xDrive Coupe 18in mixed,112.2,62.3,62.7,48.7,48.7,0,47.25,47.25,0,164.7,164.7,0,8,,8
2024,BMW,BMX,PV,Passenger Vehicles,4670,N,N,Y,BMW,BMX,BMW,1,M440i xDrive Gran Coupe,354,2024,1,M440i xDrive Gran Coupe 18in,112.4,62.4,63.5,49.2,49.2,0,46.80,46.80,0,166.4,166.4,0,441,,441
2024,BMW,BMX,PV,Passenger Vehicles,4670,N,N,Y,BMW,BMX,BMW,1,M440i xDrive Gran Coupe,354,2024,2,M440i xDrive Gran Coupe 19in mixed,112.4,62.5,63.0,49.0,49.0,0,46.98,46.98,0,165.7,165.7,0,1271,,1271
2024,BMW,BMX,PV,Passenger Vehicles,4670,N,N,Y,BMW,BMX,BMW,1,M440i xDrive Gran Coupe,354,2024,3,M440i xDrive Gran Coupe 20in mixed,112.4,62.5,63.0,49.0,49.0,0,46.98,46.98,0,165.7,165.7,0,114,,114
2024,BMW,BMX,PV,Passenger Vehicles,4670,N,N,Y,BMW,BMX,BMW,1,M4CompetitionMxDriveConvertible,343,2024,1,M4 Competition M xDrive Convertible F19in R20in mixed,112.5,63.7,63.2,49.5,49.5,0,46.54,46.54,0,167.4,167.4,0,1796,,1796
2024,BMW,BMX,PV,Passenger Vehicles,4670,N,N,Y,BMW,BMX,BMW,1,M8 Competition Convertible,273,2024,1,M8 Competition Convertible 20in mixed,111.3,63.9,64.2,49.5,49.5,0,46.54,46.54,0,167.4,167.4,0,649,,649
2024,BMW,BMX,PV,Passenger Vehicles,4670,N,N,Y,BMW,BMX,BMW,1,M8 Competition Coupe,275,2024,1,M8 Competition Coupe 20in mixed,111.3,63.9,64.2,49.5,49.5,0,46.54,46.54,0,167.4,167.4,0,433,,433
2024,BMW,BMX,PV,Passenger Vehicles,4670,N,N,Y,BMW,BMX,BMW,1,M8 Competition Gran Coupe,291,2024,1,M8 Competition Gran Coupe 20in mixed,119.2,63.9,65.4,53.5,53.5,0,43.28,43.28,0,181.0,181.0,0,775,,775
2024,BMW,BMX,PV,Passenger Vehicles,4670,N,N,Y,BMW,BMX,BMW,1,M850i xDrive Convertible,259,2024,1,M850i xDrive Convertible 19in mixed,111.1,64.1,64.6,49.7,49.7,0,46.36,46.36,0,168.1,168.1,0,92,,92
2024,BMW,BMX,PV,Passenger Vehicles,4670,N,N,Y,BMW,BMX,BMW,1,M850i xDrive Convertible,259,2024,2,M850i xDrive Convertible 20in mixed,111.1,64.1,64.6,49.7,49.7,0,46.36,46.36,0,168.1,168.1,0,522,,522
2024,BMW,BMX,PV,Passenger Vehicles,4670,N,N,Y,BMW,BMX,BMW,1,M850i xDrive Coupe,249,2024,1,M850i xDrive Coupe 19in mixed,111.1,64.1,64.6,49.7,49.7,0,46.36,46.36,0,168.1,168.1,0,63,,63
2024,BMW,BMX,PV,Passenger Vehicles,4670,N,N,Y,BMW,BMX,BMW,1,M850i xDrive Coupe,249,2024,2,M850i xDrive Coupe 20in mixed,111.1,64.1,64.6,49.7,49.7,0,46.36,46.36,0,168.1,168.1,0,430,,430
2024,BMW,BMX,PV,Passenger Vehicles,4670,N,N,Y,BMW,BMX,BMW,1,M850i xDrive Gran Coupe,277,2024,1,M850i xDrive Gran Coupe 19in mixed,119.0,64.1,65.8,53.7,53.7,0,43.12,43.12,0,181.6,181.6,0,89,,89
2024,BMW,BMX,PV,Passenger Vehicles,4670,N,N,Y,BMW,BMX,BMW,1,M850i xDrive Gran Coupe,277,2024,2,M850i xDrive Gran Coupe 20in mixed,119.0,64.1,65.8,53.7,53.7,0,43.12,43.12,0,181.6,181.6,0,706,,706
2024,BMW,BMX,PV,Passenger Vehicles,4670,N,N,Y,BMW,BMX,BMW,1,X3 sDrive30i,245,2024,1,X3 sDrive30i 18in,112.8,63.8,64.4,50.2,50.2,0,45.93,45.93,0,169.8,169.8,0,0,,0
2024,BMW,BMX,PV,Passenger Vehicles,4670,N,N,Y,BMW,BMX,BMW,1,X3 sDrive30i,245,2024,2,X3 sDrive30i 19in,112.8,63.0,63.6,49.6,49.6,0,46.45,46.45,0,167.7,167.7,0,18448,,18448
2024,BMW,BMX,PV,Passenger Vehicles,4670,N,N,Y,BMW,BMX,BMW,1,X3 sDrive30i,245,2024,3,X3 sDrive30i 20in mixed,112.8,63.4,62.8,49.4,49.4,0,46.63,46.63,0,167.1,167.1,0,5107,,5107
2024,BMW,BMX,PV,Passenger Vehicles,4670,N,N,Y,BMW,BMX,BMW,1,X3 sDrive30i,245,2024,4,X3 sDrive30i 21in mixed,112.8,63.1,62.8,49.4,49.4,0,46.63,46.63,0,167.1,167.1,0,3622,,3622
2024,BMW,BMX,PV,Passenger Vehicles,4670,N,N,Y,BMW,BMX,BMW,1,Z4 M40i,271,2024,1,Z4 M40i 18in mixed,97.2,62.8,62.6,42.3,42.3,0,53.85,53.85,0,143.0,143.0,0,43,,43
2024,BMW,BMX,PV,Passenger Vehicles,4670,N,N,Y,BMW,BMX,BMW,1,Z4 M40i,271,2024,2,Z4 M40i 19in mixed,97.2,62.8,62.6,42.3,42.3,0,53.85,53.85,0,143.0,143.0,0,740,,740
2024,BMW,BMX,PV,Passenger Vehicles,4670,N,N,Y,BMW,BMX,BMW,1,Z4 sDrive30i,262,2024,1,Z4 sDrive30i 18in mixed,97.2,63.7,63.5,42.9,42.9,0,53.15,53.15,0,145.0,145.0,0,88,,88
2024,BMW,BMX,PV,Passenger Vehicles,4670,N,N,Y,BMW,BMX,BMW,1,Z4 sDrive30i,262,2024,2,Z4 sDrive30i 18in mixed1,97.2,62.8,62.6,42.3,42.3,0,53.85,53.85,0,143.0,143.0,0,41,,41
2024,BMW,BMX,PV,Passenger Vehicles,4670,N,N,Y,BMW,BMX,BMW,1,Z4 sDrive30i,262,2024,3,Z4 sDrive30i 19in mixed,97.2,62.8,62.6,42.3,42.3,0,53.85,53.85,0,143.0,143.0,0,460,,460
2024,BMW,BMX,PV,Passenger Vehicles,4670,N,N,Y,BMW,BMX,BMW,1,i4 M50 Gran Coupe (19'' Wheels),366,2024,1,"i4 M50 Gran Coupe (19"" Wheels) 19in mixed",112.4,62.6,63.2,49.1,49.1,0,46.89,46.89,0,166.0,166.0,0,5385,,5385
2024,BMW,BMX,PV,Passenger Vehicles,4670,N,N,Y,BMW,BMX,BMW,1,i4 M50 Gran Coupe (20'' Wheels),367,2024,1,"i4 M50 Gran Coupe (20"" Wheels) 20in mixed",112.4,62.6,63.5,49.2,49.2,0,46.80,46.80,0,166.4,166.4,0,376,,376
2024,BMW,BMX,PV,Passenger Vehicles,4670,N,N,Y,BMW,BMX,BMW,1,i4 xDrive40 Gran Coupe (18'' Wheels),415,2024,1,"i4 xDrive40 Gran Coupe (18"" Wheels) 18in",112.4,63.0,64.2,49.6,49.6,0,46.45,46.45,0,167.7,167.7,0,1087,,1087
2024,BMW,BMX,PV,Passenger Vehicles,4670,N,N,Y,BMW,BMX,BMW,1,i4 xDrive40 Gran Coupe (19'' Wheels),416,2024,1,"i4 xDrive40 Gran Coupe (19"" Wheels) 19in mixed",112.4,62.6,63.0,49.0,49.0,0,46.98,46.98,0,165.7,165.7,0,4107,,4107
2024,BMW,BMX,PV,Passenger Vehicles,4670,N,N,Y,BMW,BMX,BMW,1,i4eDrive35GranCoupe(18'' Wheels),394,2024,1,"i4 eDrive35 Gran Coupe (18"" Wheels) 18in",112.4,63.0,64.2,49.6,49.6,0,46.45,46.45,0,167.7,167.7,0,5287,,5287
2024,BMW,BMX,PV,Passenger Vehicles,4670,N,N,Y,BMW,BMX,BMW,1,i4eDrive35GranCoupe(19'' Wheels),395,2024,1,"i4 eDrive35 Gran Coupe (19"" Wheels) 19in mixed",112.4,62.6,63.2,49.1,49.1,0,46.89,46.89,0,166.0,166.0,0,4071,,4071
2024,BMW,BMX,PV,Passenger Vehicles,4670,N,N,Y,BMW,BMX,BMW,1,i4eDrive40GranCoupe(18'' Wheels),368,2024,1,i4 eDrive40 Gran Coupe (18&quot; Wheels) 18in,112.4,63.0,64.2,49.6,49.6,0,46.45,46.45,0,167.7,167.7,0,2306,,2306
2024,BMW,BMX,PV,Passenger Vehicles,4670,N,N,Y,BMW,BMX,BMW,1,i4eDrive40GranCoupe(19'' Wheels),369,2024,1,i4 eDrive40 Gran Coupe (19&quot; Wheels) 19in mixed,112.4,62.6,63.2,49.1,49.1,0,46.89,46.89,0,166.0,166.0,0,3271,,3271
2024,BMW,BMX,PV,Passenger Vehicles,4670,N,N,Y,BMW,BMX,BMW,1,i5 M60 xDrive Sedan (19'' Wheels),412,2024,1,"i5 M60 xDrive Sedan (19"" Wheels) 19in mixed",117.9,64.3,63.9,52.5,52.5,0,44.05,44.05,0,177.6,177.6,0,675,,675
2024,BMW,BMX,PV,Passenger Vehicles,4670,N,N,Y,BMW,BMX,BMW,1,i5 M60 xDrive Sedan (20'' Wheels),413,2024,1,"i5 M60 xDrive Sedan (20"" Wheels) 20in mixed",117.9,64.4,63.9,52.6,52.6,0,43.97,43.97,0,177.9,177.9,0,2183,,2183
2024,BMW,BMX,PV,Passenger Vehicles,4670,N,N,Y,BMW,BMX,BMW,1,i5 M60 xDrive Sedan (21'' Wheels),414,2024,1,"i5 M60 xDrive Sedan (21"" Wheels) 21in mixed",117.9,64.1,63.9,52.4,52.4,0,44.13,44.13,0,177.2,177.2,0,870,,870
2024,BMW,BMX,PV,Passenger Vehicles,4670,N,N,Y,BMW,BMX,BMW,1,i5 eDrive40 Sedan (19'' Wheels),409,2024,1,"i5 eDrive40 Sedan (19"" Wheels) 19in",117.9,63.9,65.3,52.9,52.9,0,43.74,43.74,0,178.9,178.9,0,3026,,3026
2024,BMW,BMX,PV,Passenger Vehicles,4670,N,N,Y,BMW,BMX,BMW,1,i5 eDrive40 Sedan (20'' Wheels),410,2024,1,"i5 eDrive40 Sedan (20"" Wheels) 20in mixed",117.9,63.9,63.9,52.3,52.3,0,44.21,44.21,0,176.9,176.9,0,2542,,2542
2024,BMW,BMX,PV,Passenger Vehicles,4670,N,N,Y,BMW,BMX,BMW,1,i5 eDrive40 Sedan (21'' Wheels),411,2024,1,"i5 eDrive40 Sedan (21"" Wheels) 21in mixed",117.9,63.6,63.9,52.2,52.2,0,44.29,44.29,0,176.6,176.6,0,622,,622
2024,BMW,BMX,PV,Passenger Vehicles,4670,N,N,Y,BMW,BMX,BMW,1,i7 M70 xDrive Sedan (20'' Wheels),407,2024,1,"i7 M70 xDrive Sedan (20"" Wheels) 20in mixed",126.6,65.6,64.8,57.3,57.3,0,41.48,41.48,0,189.5,189.5,0,42,,42
2024,BMW,BMX,PV,Passenger Vehicles,4670,N,N,Y,BMW,BMX,BMW,1,i7 M70 xDrive Sedan (21'' Wheels),408,2024,1,"i7 M70 xDrive Sedan (21"" Wheels) 21in mixed",126.6,65.6,64.8,57.3,57.3,0,41.48,41.48,0,189.5,189.5,0,354,,354
2024,BMW,BMX,PV,Passenger Vehicles,4670,N,N,Y,BMW,BMX,BMW,1,i7 eDrive50 Sedan (19'' Wheels),404,2024,1,"i7 eDrive50 Sedan (19"" Wheels) 19in",126.6,65.4,66.3,57.8,57.8,0,41.48,41.48,0,189.5,189.5,0,541,,541
2024,BMW,BMX,PV,Passenger Vehicles,4670,N,N,Y,BMW,BMX,BMW,1,i7 eDrive50 Sedan (20'' Wheels),405,2024,1,"i7 eDrive50 Sedan (20"" Wheels) 20in mixed",126.6,65.6,64.8,57.3,57.3,0,41.48,41.48,0,189.5,189.5,0,689,,689
2024,BMW,BMX,PV,Passenger Vehicles,4670,N,N,Y,BMW,BMX,BMW,1,i7 eDrive50 Sedan (21'' Wheels),406,2024,1,"i7 eDrive50 Sedan (21"" Wheels) 21in mixed",126.6,65.6,64.8,57.3,57.3,0,41.48,41.48,0,189.5,189.5,0,1100,,1100
2024,BMW,BMX,PV,Passenger Vehicles,4670,N,N,Y,BMW,BMX,BMW,1,i7 xDrive60 Sedan (19'' Wheels),390,2024,1,"i7 xDrive60 Sedan (19"" Wheels) 19in",126.6,65.4,66.3,57.8,57.8,0,41.48,41.48,0,189.5,189.5,0,26,,26
2024,BMW,BMX,PV,Passenger Vehicles,4670,N,N,Y,BMW,BMX,BMW,1,i7 xDrive60 Sedan (20'' Wheels),389,2024,1,"i7 xDrive60 Sedan (20"" Wheels) 20in mixed",126.6,65.6,64.8,57.3,57.3,0,41.48,41.48,0,189.5,189.5,0,1135,,1135
2024,BMW,BMX,PV,Passenger Vehicles,4670,N,N,Y,BMW,BMX,BMW,1,i7 xDrive60 Sedan (21'' Wheels),388,2024,1,"i7 xDrive60 Sedan (21"" Wheels) 21in mixed",126.6,65.6,64.8,57.3,57.3,0,41.48,41.48,0,189.5,189.5,0,1186,,1186
2024,BMW,BMX,PV,Passenger Vehicles,4670,N,N,Y,BMW,BMX,Mini,2,COOPER CONVERTIBLE,180,2024,1,COOPER CONVERTIBLE 15in,98.2,59.1,59.1,40.3,40.3,0,55.44,55.44,0,138.6,138.6,0,0,,0
2024,BMW,BMX,PV,Passenger Vehicles,4670,N,N,Y,BMW,BMX,Mini,2,COOPER CONVERTIBLE,180,2024,2,COOPER CONVERTIBLE 16in,98.2,58.5,58.5,39.9,39.9,0,55.44,55.44,0,138.6,138.6,0,822,,822
2024,BMW,BMX,PV,Passenger Vehicles,4670,N,N,Y,BMW,BMX,Mini,2,COOPER CONVERTIBLE,180,2024,3,COOPER CONVERTIBLE 17in,98.2,58.5,58.5,39.9,39.9,0,55.44,55.44,0,138.6,138.6,0,0,,0
2024,BMW,BMX,PV,Passenger Vehicles,4670,N,N,Y,BMW,BMX,Mini,2,COOPER CONVERTIBLE,180,2024,4,COOPER CONVERTIBLE 18in,98.2,58.5,58.5,39.9,39.9,0,55.44,55.44,0,138.6,138.6,0,0,,0
2024,BMW,BMX,PV,Passenger Vehicles,4670,N,N,Y,BMW,BMX,Mini,2,COOPER COUNTRYMAN,183,2024,1,COOPER COUNTRYMAN 17in,105.1,61.5,61.6,45.0,45.0,0,50.85,50.85,0,152.2,152.2,0,32,,32
2024,BMW,BMX,PV,Passenger Vehicles,4670,N,N,Y,BMW,BMX,Mini,2,COOPER COUNTRYMAN,183,2024,2,COOPER COUNTRYMAN 18in,105.1,61.6,61.7,45.0,45.0,0,50.85,50.85,0,152.2,152.2,0,0,,0
2024,BMW,BMX,PV,Passenger Vehicles,4670,N,N,Y,BMW,BMX,Mini,2,COOPER COUNTRYMAN,183,2024,3,COOPER COUNTRYMAN 19in,105.1,61.9,62.0,45.3,45.3,0,50.54,50.54,0,153.2,153.2,0,0,,0
2024,BMW,BMX,PV,Passenger Vehicles,4670,N,N,Y,BMW,BMX,Mini,2,COOPER COUNTRYMAN ALL4,184,2024,1,COOPER COUNTRYMAN ALL4 17in,105.1,61.5,61.6,45.0,45.0,0,50.85,50.85,0,152.2,152.2,0,29,,29
2024,BMW,BMX,PV,Passenger Vehicles,4670,N,N,Y,BMW,BMX,Mini,2,COOPER COUNTRYMAN ALL4,184,2024,2,COOPER COUNTRYMAN ALL4 18in,105.1,61.6,61.7,45.0,45.0,0,50.85,50.85,0,152.2,152.2,0,0,,0
2024,BMW,BMX,PV,Passenger Vehicles,4670,N,N,Y,BMW,BMX,Mini,2,COOPER COUNTRYMAN ALL4,184,2024,3,COOPER COUNTRYMAN ALL4 19in,105.1,61.9,62.0,45.3,45.3,0,50.54,50.54,0,153.2,153.2,0,0,,0
2024,BMW,BMX,PV,Passenger Vehicles,4670,N,N,Y,BMW,BMX,Mini,2,COOPER HARDTOP 2 DOOR,115,2024,1,COOPER HARDTOP 2 DOOR 15in,98.2,59.1,59.1,40.3,40.3,0,55.44,55.44,0,138.6,138.6,0,144,,144
2024,BMW,BMX,PV,Passenger Vehicles,4670,N,N,Y,BMW,BMX,Mini,2,COOPER HARDTOP 2 DOOR,115,2024,2,COOPER HARDTOP 2 DOOR 16in,98.2,58.5,58.5,39.9,39.9,0,55.44,55.44,0,138.6,138.6,0,879,,879
2024,BMW,BMX,PV,Passenger Vehicles,4670,N,N,Y,BMW,BMX,Mini,2,COOPER HARDTOP 2 DOOR,115,2024,3,COOPER HARDTOP 2 DOOR 17in,98.2,58.5,58.5,39.9,39.9,0,55.44,55.44,0,138.6,138.6,0,60,,60
2024,BMW,BMX,PV,Passenger Vehicles,4670,N,N,Y,BMW,BMX,Mini,2,COOPER HARDTOP 2 DOOR,115,2024,4,COOPER HARDTOP 2 DOOR 18in,98.2,58.5,58.5,39.9,39.9,0,55.44,55.44,0,138.6,138.6,0,0,,0
2024,BMW,BMX,PV,Passenger Vehicles,4670,N,N,Y,BMW,BMX,Mini,2,COOPER HARDTOP 4 DOOR,181,2024,1,COOPER HARDTOP 4 DOOR 15in,101.1,59.1,59.1,41.5,41.5,0,54.80,54.80,0,140.3,140.3,0,58,,58
2024,BMW,BMX,PV,Passenger Vehicles,4670,N,N,Y,BMW,BMX,Mini,2,COOPER HARDTOP 4 DOOR,181,2024,2,COOPER HARDTOP 4 DOOR 16in,101.1,58.5,58.5,41.1,41.1,0,55.29,55.29,0,138.9,138.9,0,489,,489
2024,BMW,BMX,PV,Passenger Vehicles,4670,N,N,Y,BMW,BMX,Mini,2,COOPER HARDTOP 4 DOOR,181,2024,3,COOPER HARDTOP 4 DOOR 17in,101.1,58.5,58.5,41.1,41.1,0,55.29,55.29,0,138.9,138.9,0,35,,35
2024,BMW,BMX,PV,Passenger Vehicles,4670,N,N,Y,BMW,BMX,Mini,2,COOPER HARDTOP 4 DOOR,181,2024,4,COOPER HARDTOP 4 DOOR 18in,101.1,58.5,58.5,41.1,41.1,0,55.29,55.29,0,138.9,138.9,0,0,,0
2024,BMW,BMX,PV,Passenger Vehicles,4670,N,N,Y,BMW,BMX,Mini,2,COOPER S CLUBMAN,178,2024,1,COOPER S CLUBMAN 17in,105.1,61.4,61.5,44.8,44.8,0,51.06,51.06,0,151.5,151.5,0,513,,513
2024,BMW,BMX,PV,Passenger Vehicles,4670,N,N,Y,BMW,BMX,Mini,2,COOPER S CLUBMAN,178,2024,2,COOPER S CLUBMAN 18in,105.1,61.1,61.2,44.7,44.7,0,51.17,51.17,0,151.1,151.1,0,216,,216
2024,BMW,BMX,PV,Passenger Vehicles,4670,N,N,Y,BMW,BMX,Mini,2,COOPER S CLUBMAN ALL4,185,2024,1,COOPER S CLUBMAN ALL4 17in,105.1,61.4,61.5,44.8,44.8,0,51.06,51.06,0,151.5,151.5,0,959,,959
2024,BMW,BMX,PV,Passenger Vehicles,4670,N,N,Y,BMW,BMX,Mini,2,COOPER S CLUBMAN ALL4,185,2024,2,COOPER S CLUBMAN ALL4 18in,105.1,61.1,61.2,44.7,44.7,0,51.17,51.17,0,151.1,151.1,0,429,,429
2024,BMW,BMX,PV,Passenger Vehicles,4670,N,N,Y,BMW,BMX,Mini,2,COOPER S CLUBMAN ALL4,185,2024,3,COOPER S CLUBMAN ALL4 19in,105.1,61.4,61.5,44.8,44.8,0,51.06,51.06,0,151.5,151.5,0,0,,0
2024,BMW,BMX,PV,Passenger Vehicles,4670,N,N,Y,BMW,BMX,Mini,2,COOPER S CONVERTIBLE,177,2024,1,COOPER S CONVERTIBLE 16in,98.2,58.5,58.5,39.9,39.9,0,55.44,55.44,0,138.6,138.6,0,0,,0
2024,BMW,BMX,PV,Passenger Vehicles,4670,N,N,Y,BMW,BMX,Mini,2,COOPER S CONVERTIBLE,177,2024,2,COOPER S CONVERTIBLE 17in,98.2,58.5,58.5,39.9,39.9,0,55.44,55.44,0,138.6,138.6,0,4056,,4056
2024,BMW,BMX,PV,Passenger Vehicles,4670,N,N,Y,BMW,BMX,Mini,2,COOPER S CONVERTIBLE,177,2024,3,COOPER S CONVERTIBLE 18in,98.2,58.5,58.5,39.9,39.9,0,55.44,55.44,0,138.6,138.6,0,591,,591
2024,BMW,BMX,PV,Passenger Vehicles,4670,N,N,Y,BMW,BMX,Mini,2,COOPER S COUNTRYMAN,186,2024,1,COOPER S COUNTRYMAN 17in,105.1,61.5,61.6,45.0,45.0,0,50.85,50.85,0,152.2,152.2,0,0,,0
2024,BMW,BMX,PV,Passenger Vehicles,4670,N,N,Y,BMW,BMX,Mini,2,COOPER S COUNTRYMAN,186,2024,2,COOPER S COUNTRYMAN 18in,105.1,61.6,61.7,45.0,45.0,0,50.85,50.85,0,152.2,152.2,0,3511,,3511
2024,BMW,BMX,PV,Passenger Vehicles,4670,N,N,Y,BMW,BMX,Mini,2,COOPER S COUNTRYMAN,186,2024,3,COOPER S COUNTRYMAN 19in,105.1,61.9,62.0,45.3,45.3,0,50.54,50.54,0,153.2,153.2,0,915,,915
2024,BMW,BMX,PV,Passenger Vehicles,4670,N,N,Y,BMW,BMX,Mini,2,COOPER S COUNTRYMAN ALL4,187,2024,1,COOPER S COUNTRYMAN ALL4 17in,105.1,61.5,61.6,45.0,45.0,0,50.85,50.85,0,152.2,152.2,0,0,,0
2024,BMW,BMX,PV,Passenger Vehicles,4670,N,N,Y,BMW,BMX,Mini,2,COOPER S COUNTRYMAN ALL4,187,2024,2,COOPER S COUNTRYMAN ALL4 18in,105.1,61.6,61.7,45.0,45.0,0,50.85,50.85,0,152.2,152.2,0,5577,,5577
2024,BMW,BMX,PV,Passenger Vehicles,4670,N,N,Y,BMW,BMX,Mini,2,COOPER S COUNTRYMAN ALL4,187,2024,3,COOPER S COUNTRYMAN ALL4 19in,105.1,61.9,62.0,45.3,45.3,0,50.54,50.54,0,153.2,153.2,0,456,,456
2024,BMW,BMX,PV,Passenger Vehicles,4670,N,N,Y,BMW,BMX,Mini,2,COOPER S HARDTOP 2 DOOR,116,2024,1,COOPER S HARDTOP 2 DOOR 16in,98.2,58.5,58.5,39.9,39.9,0,55.44,55.44,0,138.6,138.6,0,70,,70
2024,BMW,BMX,PV,Passenger Vehicles,4670,N,N,Y,BMW,BMX,Mini,2,COOPER S HARDTOP 2 DOOR,116,2024,2,COOPER S HARDTOP 2 DOOR 17in,98.2,58.5,58.5,39.9,39.9,0,55.44,55.44,0,138.6,138.6,0,2870,,2870
2024,BMW,BMX,PV,Passenger Vehicles,4670,N,N,Y,BMW,BMX,Mini,2,COOPER S HARDTOP 2 DOOR,116,2024,3,COOPER S HARDTOP 2 DOOR 18in,98.2,58.5,58.5,39.9,39.9,0,55.44,55.44,0,138.6,138.6,0,224,,224
2024,BMW,BMX,PV,Passenger Vehicles,4670,N,N,Y,BMW,BMX,Mini,2,COOPER S HARDTOP 4 DOOR,171,2024,1,COOPER S HARDTOP 4 DOOR 16in,101.1,58.5,58.5,41.1,41.1,0,55.29,55.29,0,138.9,138.9,0,88,,88
2024,BMW,BMX,PV,Passenger Vehicles,4670,N,N,Y,BMW,BMX,Mini,2,COOPER S HARDTOP 4 DOOR,171,2024,2,COOPER S HARDTOP 4 DOOR 17in,101.1,58.5,58.5,41.1,41.1,0,55.29,55.29,0,138.9,138.9,0,3146,,3146
2024,BMW,BMX,PV,Passenger Vehicles,4670,N,N,Y,BMW,BMX,Mini,2,COOPER S HARDTOP 4 DOOR,171,2024,3,COOPER S HARDTOP 4 DOOR 18in,101.1,58.5,58.5,41.1,41.1,0,55.29,55.29,0,138.9,138.9,0,221,,221
2024,BMW,BMX,PV,Passenger Vehicles,4670,N,N,Y,BMW,BMX,Mini,2,COOPER SE HARDTOP 2 DOOR,299,2024,1,COOPER SE HARDTOP 2 DOOR 16in,98.2,58.4,58.8,40.0,40.0,0,55.44,55.44,0,138.6,138.6,0,485,,485
2024,BMW,BMX,PV,Passenger Vehicles,4670,N,N,Y,BMW,BMX,Mini,2,COOPER SE HARDTOP 2 DOOR,299,2024,2,COOPER SE HARDTOP 2 DOOR 17in,98.2,58.4,58.8,40.0,40.0,0,55.44,55.44,0,138.6,138.6,0,3790,,3790
2024,BMW,BMX,PV,Passenger Vehicles,4670,N,N,Y,BMW,BMX,Mini,2,JCW COUNTRYMAN ALL4,193,2024,1,JOHN COOPER WORKS COUNTRYMAN ALL4 18in,105.1,61.7,61.6,45.0,45.0,0,50.85,50.85,0,152.2,152.2,0,490,,490
2024,BMW,BMX,PV,Passenger Vehicles,4670,N,N,Y,BMW,BMX,Mini,2,JCW COUNTRYMAN ALL4,193,2024,2,JOHN COOPER WORKS COUNTRYMAN ALL4 19in,105.1,62.0,61.9,45.3,45.3,0,50.54,50.54,0,153.2,153.2,0,297,,297
2024,BMW,BMX,PV,Passenger Vehicles,4670,N,N,Y,BMW,BMX,Mini,2,JOHN COOPER WORKS CLUBMAN ALL4,189,2024,1,JOHN COOPER WORKS CLUBMAN ALL4 18in,105.1,61.5,61.4,44.8,44.8,0,51.06,51.06,0,151.5,151.5,0,355,,355
2024,BMW,BMX,PV,Passenger Vehicles,4670,N,N,Y,BMW,BMX,Mini,2,JOHN COOPER WORKS CLUBMAN ALL4,189,2024,2,JOHN COOPER WORKS CLUBMAN ALL4 19in,105.1,61.5,61.4,44.8,44.8,0,51.06,51.06,0,151.5,151.5,0,151,,151
2024,BMW,BMX,PV,Passenger Vehicles,4670,N,N,Y,BMW,BMX,Mini,2,JOHN COOPER WORKS CONVERTIBLE,190,2024,1,JOHN COOPER WORKS CONVERTIBLE 17in,98.2,58.5,58.5,39.9,39.9,0,55.44,55.44,0,138.6,138.6,0,314,,314
2024,BMW,BMX,PV,Passenger Vehicles,4670,N,N,Y,BMW,BMX,Mini,2,JOHN COOPER WORKS CONVERTIBLE,190,2024,2,JOHN COOPER WORKS CONVERTIBLE 18in,98.2,58.5,58.5,39.9,39.9,0,55.44,55.44,0,138.6,138.6,0,284,,284
2024,BMW,BMX,PV,Passenger Vehicles,4670,N,N,Y,BMW,BMX,Mini,2,JOHN COOPER WORKS HARDTOP 2 DOOR,331,2024,1,JOHN COOPER WORKS HARDTOP 2 DOOR 17in,98.2,58.5,58.5,39.9,39.9,0,55.44,55.44,0,138.6,138.6,0,639,,639
2024,BMW,BMX,PV,Passenger Vehicles,4670,N,N,Y,BMW,BMX,Mini,2,JOHN COOPER WORKS HARDTOP 2 DOOR,331,2024,2,JOHN COOPER WORKS HARDTOP 2 DOOR 18in,98.2,58.5,58.5,39.9,39.9,0,55.44,55.44,0,138.6,138.6,0,548,,548
2024,BMW,BMX,PV,Passenger Vehicles,4670,N,N,Y,Rolls-Royce Motor Cars Limited,RRG,Rolls-Royce Motor Cars Limited,1,Black Badge Spectre (23'' Wheels),29,2024,1,"Black Badge Spectre (23"" Wheels) 23in mixed",126.4,67.0,66.9,58.8,58.8,0,41.48,41.48,0,189.5,189.5,0,1,,1
2024,BMW,BMX,PV,Passenger Vehicles,4670,N,N,Y,Rolls-Royce Motor Cars Limited,RRG,Rolls-Royce Motor Cars Limited,1,Cullinan,19,2024,1,Cullinan 21in mixed,129.7,67.0,65.9,59.8,59.8,0,41.48,41.48,0,189.5,189.5,0,7,,7
2024,BMW,BMX,PV,Passenger Vehicles,4670,N,N,Y,Rolls-Royce Motor Cars Limited,RRG,Rolls-Royce Motor Cars Limited,1,Cullinan,19,2024,2,Cullinan 22in mixed,129.7,67.0,65.9,59.8,59.8,0,41.48,41.48,0,189.5,189.5,0,365,,365
2024,BMW,BMX,PV,Passenger Vehicles,4670,N,N,Y,Rolls-Royce Motor Cars Limited,RRG,Rolls-Royce Motor Cars Limited,1,Cullinan Black Badge,20,2024,1,Cullinan Black Badge 22in mixed,129.7,67.0,65.9,59.8,59.8,0,41.48,41.48,0,189.5,189.5,0,254,,254
2024,BMW,BMX,PV,Passenger Vehicles,4670,N,N,Y,Rolls-Royce Motor Cars Limited,RRG,Rolls-Royce Motor Cars Limited,1,Ghost,21,2024,1,Ghost 19in,129.7,65.9,66.9,59.8,59.8,0,41.48,41.48,0,189.5,189.5,0,0,,0
2024,BMW,BMX,PV,Passenger Vehicles,4670,N,N,Y,Rolls-Royce Motor Cars Limited,RRG,Rolls-Royce Motor Cars Limited,1,Ghost,21,2024,2,Ghost 20in mixed,129.7,66.1,66.0,59.4,59.4,0,41.48,41.48,0,189.5,189.5,0,1,,1
2024,BMW,BMX,PV,Passenger Vehicles,4670,N,N,Y,Rolls-Royce Motor Cars Limited,RRG,Rolls-Royce Motor Cars Limited,1,Ghost,21,2024,3,Ghost 21in mixed,129.7,66.1,66.0,59.4,59.4,0,41.48,41.48,0,189.5,189.5,0,173,,173
2024,BMW,BMX,PV,Passenger Vehicles,4670,N,N,Y,Rolls-Royce Motor Cars Limited,RRG,Rolls-Royce Motor Cars Limited,1,Ghost Black Badge,25,2024,1,Ghost Black Badge 21in mixed,129.7,66.1,66.0,59.4,59.4,0,41.48,41.48,0,189.5,189.5,0,73,,73
2024,BMW,BMX,PV,Passenger Vehicles,4670,N,N,Y,Rolls-Royce Motor Cars Limited,RRG,Rolls-Royce Motor Cars Limited,1,Ghost Extended,24,2024,1,Ghost Extended 19in,136.4,65.9,66.9,62.9,62.9,0,41.48,41.48,0,189.5,189.5,0,0,,0
2024,BMW,BMX,PV,Passenger Vehicles,4670,N,N,Y,Rolls-Royce Motor Cars Limited,RRG,Rolls-Royce Motor Cars Limited,1,Ghost Extended,24,2024,2,Ghost Extended 20in mixed,136.4,66.1,66.0,62.5,62.5,0,41.48,41.48,0,189.5,189.5,0,0,,0
2024,BMW,BMX,PV,Passenger Vehicles,4670,N,N,Y,Rolls-Royce Motor Cars Limited,RRG,Rolls-Royce Motor Cars Limited,1,Ghost Extended,24,2024,3,Ghost Extended 21in mixed,136.4,66.1,66.0,62.5,62.5,0,41.48,41.48,0,189.5,189.5,0,14,,14
2024,BMW,BMX,PV,Passenger Vehicles,4670,N,N,Y,Rolls-Royce Motor Cars Limited,RRG,Rolls-Royce Motor Cars Limited,1,Phantom,9,2024,1,Phantom 21in mixed,139.8,66.3,65.9,64.2,64.2,0,41.48,41.48,0,189.5,189.5,0,7,,7
2024,BMW,BMX,PV,Passenger Vehicles,4670,N,N,Y,Rolls-Royce Motor Cars Limited,RRG,Rolls-Royce Motor Cars Limited,1,Phantom,9,2024,2,Phantom 22in mixed,139.8,66.3,65.9,64.2,64.2,0,41.48,41.48,0,189.5,189.5,0,63,,63
2024,BMW,BMX,PV,Passenger Vehicles,4670,N,N,Y,Rolls-Royce Motor Cars Limited,RRG,Rolls-Royce Motor Cars Limited,1,Phantom Extended,23,2024,1,Phantom Extended 21in mixed,148.5,66.3,65.9,68.2,68.2,0,41.48,41.48,0,189.5,189.5,0,1,,1
2024,BMW,BMX,PV,Passenger Vehicles,4670,N,N,Y,Rolls-Royce Motor Cars Limited,RRG,Rolls-Royce Motor Cars Limited,1,Phantom Extended,23,2024,2,Phantom Extended 22in mixed,148.5,66.3,65.9,68.2,68.2,0,41.48,41.48,0,189.5,189.5,0,44,,44
2024,BMW,BMX,PV,Passenger Vehicles,4670,N,N,Y,Rolls-Royce Motor Cars Limited,RRG,Rolls-Royce Motor Cars Limited,1,Spectre (22'' Wheels),26,2024,1,"Spectre (22"" Wheels) 22in mixed",126.4,67.0,66.5,58.6,58.6,0,41.48,41.48,0,189.5,189.5,0,51,,51
2024,BMW,BMX,PV,Passenger Vehicles,4670,N,N,Y,Rolls-Royce Motor Cars Limited,RRG,Rolls-Royce Motor Cars Limited,1,Spectre (23'' Wheels),27,2024,1,"Spectre (23"" Wheels) 23in mixed",126.4,67.0,66.9,58.8,58.8,0,41.48,41.48,0,189.5,189.5,0,631,,631
2024,Bugatti Rimac LLC,BGR,PV,Passenger Vehicles,4397,N,N,N,Bugatti Rimac LLC,BGR,Bugatti Rimac,1,Nevera,2,2024,1,"Average Track: 67.0&quot; Wheelbase 108.1&quot;, Footprint 50.3 sq. ft.",108.0,66.9,67.0,50.3,50.2,0.1,42.20,45.93,3.73,195.0,169.8,25.2,25,,25
2024,FCA US LLC,CRX,LT,Light Trucks,4934,N,N,Y,FCA US LLC,CRX,ALFA ROMEO,11,Stelvio AWD,665,2024,1,Stelvio AWD,110.9,63.6,65.0,49.5,49.5,0,37.99,37.99,0,204.0,204.0,0,4720,,4720
2024,FCA US LLC,CRX,LT,Light Trucks,4934,N,N,Y,FCA US LLC,CRX,ALFA ROMEO,11,Stelvio AWD,665,2024,2,Stelvio AWD,110.9,63.9,65.9,50.0,50.0,0,37.66,37.66,0,205.9,205.9,0,335,,335
2024,FCA US LLC,CRX,LT,Light Trucks,4934,N,N,Y,FCA US LLC,CRX,Chrysler,1,Pacifica,180,2024,1,Pacifica,121.6,68.6,68.8,58.0,58.0,0,33.15,33.15,0,236.1,236.1,0,57167,,57167
2024,FCA US LLC,CRX,LT,Light Trucks,4934,N,N,Y,FCA US LLC,CRX,Chrysler,1,Pacifica AWD,185,2024,1,Pacifica AWD,121.6,68.6,68.8,58.0,58.0,0,33.15,33.15,0,236.1,236.1,0,7865,,7865
2024,FCA US LLC,CRX,LT,Light Trucks,4934,N,N,Y,FCA US LLC,CRX,Chrysler,1,Pacifica Hybrid,181,2024,1,Pacifica Hybrid,121.6,68.6,68.8,58.0,58.0,0,33.15,33.15,0,236.1,236.1,0,15892,,15892
2024,FCA US LLC,CRX,LT,Light Trucks,4934,N,N,Y,FCA US LLC,CRX,Chrysler,1,Voyager,190,2024,1,Voyager,121.6,68.6,68.8,58.0,58.0,0,33.15,33.15,0,236.1,236.1,0,10331,,10331
2024,FCA US LLC,CRX,LT,Light Trucks,4934,N,N,Y,FCA US LLC,CRX,Dodge,2,Durango AWD,295,2024,1,Durango AWD,119.7,64.2,64.7,53.5,53.5,0,35.55,35.55,0,219.1,219.1,0,8225,,8225
2024,FCA US LLC,CRX,LT,Light Trucks,4934,N,N,Y,FCA US LLC,CRX,Dodge,2,Durango AWD,295,2024,2,Durango AWD,119.7,63.9,64.3,53.3,53.3,0,35.66,35.66,0,218.3,218.3,0,18083,,18083
2024,FCA US LLC,CRX,LT,Light Trucks,4934,N,N,Y,FCA US LLC,CRX,Dodge,2,Durango RWD,290,2024,1,Durango RWD,119.7,64.2,64.7,53.5,53.5,0,35.55,35.55,0,219.1,219.1,0,9388,,9388
2024,FCA US LLC,CRX,LT,Light Trucks,4934,N,N,Y,FCA US LLC,CRX,Dodge,2,Durango SRT AWD,296,2024,1,Durango SRT AWD,119.7,64.2,64.7,53.5,53.5,0,35.55,35.55,0,219.1,219.1,0,3544,,3544
2024,FCA US LLC,CRX,LT,Light Trucks,4934,N,N,Y,FCA US LLC,CRX,Dodge,2,Hornet AWD,210,2024,1,Hornet AWD,103.7,61.9,61.5,44.4,44.4,0,41.63,41.63,0,184.8,184.8,0,12202,,12202
2024,FCA US LLC,CRX,LT,Light Trucks,4934,N,N,Y,FCA US LLC,CRX,Jeep,5,Compass 4X4,545,2024,1,Compass 4X4,103.3,60.9,60.6,43.6,43.6,0,42.27,42.27,0,181.8,181.8,0,98033,,98033
2024,FCA US LLC,CRX,LT,Light Trucks,4934,N,N,Y,FCA US LLC,CRX,Jeep,5,Gladiator 4X4,550,2024,1,Gladiator 4X4,137.2,64.4,64.4,61.4,61.4,0,31.54,31.54,0,248.9,248.9,0,18257,,18257
2024,FCA US LLC,CRX,LT,Light Trucks,4934,N,N,Y,FCA US LLC,CRX,Jeep,5,Gladiator 4X4,550,2024,2,Gladiator 4X4,137.2,62.9,62.9,59.9,59.9,0,32.23,32.23,0,243.2,243.2,0,13491,,13491
2024,FCA US LLC,CRX,LT,Light Trucks,4934,N,N,Y,FCA US LLC,CRX,Jeep,5,Grand Cherokee 4X2,592,2024,1,Grand Cherokee 4X2,116.7,65.6,65.8,53.2,53.2,0,35.72,35.72,0,218.0,218.0,0,12879,,12879
2024,FCA US LLC,CRX,LT,Light Trucks,4934,N,N,Y,FCA US LLC,CRX,Jeep,5,Grand Cherokee 4X4,599,2024,1,Grand Cherokee 4X4,116.7,65.6,65.8,53.2,53.2,0,35.72,35.72,0,218.0,218.0,0,97189,,97189
2024,FCA US LLC,CRX,LT,Light Trucks,4934,N,N,Y,FCA US LLC,CRX,Jeep,5,Grand Cherokee 4xe,593,2024,1,Grand Cherokee 4xe,116.7,65.6,65.8,53.2,53.2,0,35.72,35.72,0,218.0,218.0,0,41109,,41109
2024,FCA US LLC,CRX,LT,Light Trucks,4934,N,N,Y,FCA US LLC,CRX,Jeep,5,Grand Cherokee L 4X2,591,2024,1,Grand Cherokee L 4X2,121.7,65.6,65.8,55.5,55.5,0,34.44,34.44,0,226.6,226.6,0,10580,,10580
2024,FCA US LLC,CRX,LT,Light Trucks,4934,N,N,Y,FCA US LLC,CRX,Jeep,5,Grand Cherokee L 4X4,598,2024,1,Grand Cherokee L 4X4,121.7,65.6,65.8,55.5,55.5,0,34.44,34.44,0,226.6,226.6,0,83401,,83401
2024,FCA US LLC,CRX,LT,Light Trucks,4934,N,N,Y,FCA US LLC,CRX,Jeep,5,Grand Wagoneer 4x4,577,2024,1,Grand Wagoneer 4x4,123.0,68.6,68.6,58.6,58.6,0,32.85,32.85,0,238.3,238.3,0,4394,,4394
2024,FCA US LLC,CRX,LT,Light Trucks,4934,N,N,Y,FCA US LLC,CRX,Jeep,5,Grand Wagoneer L 4x4,578,2024,1,Grand Wagoneer L 4x4,130.0,68.5,68.3,61.8,61.8,0,31.36,31.36,0,250.4,250.4,0,7385,,7385
2024,FCA US LLC,CRX,LT,Light Trucks,4934,N,N,Y,FCA US LLC,CRX,Jeep,5,Wagoneer 4x2,570,2024,1,Wagoneer 4x2,123.0,68.6,68.6,58.6,58.6,0,32.85,32.85,0,238.3,238.3,0,6974,,6974
2024,FCA US LLC,CRX,LT,Light Trucks,4934,N,N,Y,FCA US LLC,CRX,Jeep,5,Wagoneer 4x4,575,2024,1,Wagoneer 4x4,123.0,68.6,68.6,58.6,58.6,0,32.85,32.85,0,238.3,238.3,0,23263,,23263
2024,FCA US LLC,CRX,LT,Light Trucks,4934,N,N,Y,FCA US LLC,CRX,Jeep,5,Wagoneer L 4x2,571,2024,1,Wagoneer L 4x2,130.0,68.5,68.3,61.8,61.8,0,31.36,31.36,0,250.4,250.4,0,5412,,5412
2024,FCA US LLC,CRX,LT,Light Trucks,4934,N,N,Y,FCA US LLC,CRX,Jeep,5,Wagoneer L 4x4,576,2024,1,Wagoneer L 4x4,130.0,68.5,68.3,61.8,61.8,0,31.36,31.36,0,250.4,250.4,0,14340,,14340
2024,FCA US LLC,CRX,LT,Light Trucks,4934,N,N,Y,FCA US LLC,CRX,Jeep,5,Wrangler 2dr 4X4,547,2024,1,Wrangler 2dr 4X4,96.8,64.4,64.4,43.3,43.3,0,42.51,42.51,0,180.6,180.6,0,1275,,1275
2024,FCA US LLC,CRX,LT,Light Trucks,4934,N,N,Y,FCA US LLC,CRX,Jeep,5,Wrangler 2dr 4X4,547,2024,2,Wrangler 2dr 4X4,96.8,62.9,62.9,42.3,42.3,0,43.35,43.35,0,176.9,176.9,0,13760,,13760
2024,FCA US LLC,CRX,LT,Light Trucks,4934,N,N,Y,FCA US LLC,CRX,Jeep,5,Wrangler 4dr 4X4,548,2024,1,Wrangler 4dr 4X4,118.4,64.4,64.4,53.0,53.0,0,35.83,35.83,0,217.2,217.2,0,25972,,25972
2024,FCA US LLC,CRX,LT,Light Trucks,4934,N,N,Y,FCA US LLC,CRX,Jeep,5,Wrangler 4dr 4X4,548,2024,2,Wrangler 4dr 4X4,118.4,62.9,62.9,51.7,51.7,0,36.61,36.61,0,212.3,212.3,0,59480,,59480
2024,FCA US LLC,CRX,LT,Light Trucks,4934,N,N,Y,FCA US LLC,CRX,Jeep,5,Wrangler 4dr 4xe,549,2024,1,Wrangler 4dr 4xe,118.4,64.4,64.4,53.0,53.0,0,35.83,35.83,0,217.2,217.2,0,88529,,88529
2024,FCA US LLC,CRX,LT,Light Trucks,4934,N,N,Y,FCA US LLC,CRX,Jeep,5,Wrangler Rubicon 2dr 4X4,541,2024,1,Wrangler Rubicon 2dr 4X4,96.8,64.4,64.4,43.3,43.3,0,42.51,42.51,0,180.6,180.6,0,2125,,2125
2024,FCA US LLC,CRX,LT,Light Trucks,4934,N,N,Y,FCA US LLC,CRX,Jeep,5,Wrangler Rubicon 4dr 4X4,540,2024,1,Wrangler Rubicon 4dr 4X4,118.4,64.4,64.4,53.0,53.0,0,35.83,35.83,0,217.2,217.2,0,20966,,20966
2024,FCA US LLC,CRX,LT,Light Trucks,4934,N,N,Y,FCA US LLC,CRX,Jeep,5,Wrangler Rubicon 4dr 4X4,540,2024,2,Wrangler Rubicon 4dr 4X4,96.8,64.4,64.4,43.3,43.3,0,42.51,42.51,0,180.6,180.6,0,1843,,1843
2024,FCA US LLC,CRX,LT,Light Trucks,4934,N,N,Y,FCA US LLC,CRX,RAM,12,1500 4X2,920,2024,1,1500 4X2,140.5,68.5,68.0,66.5,66.5,0,29.40,29.40,0,268.1,268.1,0,3837,,3837
2024,FCA US LLC,CRX,LT,Light Trucks,4934,N,N,Y,FCA US LLC,CRX,RAM,12,1500 4X2,920,2024,2,1500 4X2,144.5,68.5,68.0,68.4,68.4,0,28.68,28.68,0,275.3,275.3,0,7996,,7996
2024,FCA US LLC,CRX,LT,Light Trucks,4934,N,N,Y,FCA US LLC,CRX,RAM,12,1500 4X2,920,2024,3,1500 4X2,144.6,68.5,68.0,68.5,68.5,0,28.64,28.64,0,275.6,275.6,0,2072,,2072
2024,FCA US LLC,CRX,LT,Light Trucks,4934,N,N,Y,FCA US LLC,CRX,RAM,12,1500 4X2,920,2024,4,1500 4X2,153.4,68.5,68.0,72.7,72.7,0,27.17,27.17,0,291.5,291.5,0,323,,323
2024,FCA US LLC,CRX,LT,Light Trucks,4934,N,N,Y,FCA US LLC,CRX,RAM,12,1500 4X4,925,2024,1,1500 4X4,140.5,68.5,68.0,66.5,66.5,0,29.40,29.40,0,268.1,268.1,0,8310,,8310
2024,FCA US LLC,CRX,LT,Light Trucks,4934,N,N,Y,FCA US LLC,CRX,RAM,12,1500 4X4,925,2024,2,1500 4X4,144.5,68.5,68.0,68.4,68.4,0,28.68,28.68,0,275.3,275.3,0,58557,,58557
2024,FCA US LLC,CRX,LT,Light Trucks,4934,N,N,Y,FCA US LLC,CRX,RAM,12,1500 4X4,925,2024,3,1500 4X4,144.6,68.5,68.0,68.5,68.5,0,28.64,28.64,0,275.6,275.6,0,12611,,12611
2024,FCA US LLC,CRX,LT,Light Trucks,4934,N,N,Y,FCA US LLC,CRX,RAM,12,1500 4X4,925,2024,4,1500 4X4,153.4,68.5,68.0,72.7,72.7,0,27.17,27.17,0,291.5,291.5,0,7191,,7191
2024,FCA US LLC,CRX,LT,Light Trucks,4934,N,N,Y,FCA US LLC,CRX,RAM,12,1500 Classic 4X2,910,2024,1,1500 Classic 4X2 41-98,140.5,68.7,68.0,66.7,66.7,0,29.33,29.33,0,268.9,268.9,0,2642,,2642
2024,FCA US LLC,CRX,LT,Light Trucks,4934,N,N,Y,FCA US LLC,CRX,RAM,12,1500 Classic 4X2,910,2024,2,1500 Classic 4X2 91,149.4,68.1,67.5,70.3,70.3,0,27.99,27.99,0,282.4,282.4,0,1,,1
2024,FCA US LLC,CRX,LT,Light Trucks,4934,N,N,Y,FCA US LLC,CRX,RAM,12,1500 Classic 4X2,910,2024,3,1500 Classic 4X2 91,149.4,68.7,68.0,71.0,71.0,0,27.75,27.75,0,285.1,285.1,0,6,,6
2024,FCA US LLC,CRX,LT,Light Trucks,4934,N,N,Y,FCA US LLC,CRX,RAM,12,1500 Classic 4X2,910,2024,4,1500 Classic 4X2 41-98,140.5,68.1,67.5,66.2,66.2,0,29.52,29.52,0,267.0,267.0,0,7359,,7359
2024,FCA US LLC,CRX,LT,Light Trucks,4934,N,N,Y,FCA US LLC,CRX,RAM,12,1500 Classic 4X4,915,2024,1,1500 Classic 4X4 41-98,140.6,68.2,67.5,66.2,66.2,0,29.52,29.52,0,267.0,267.0,0,5426,,5426
2024,FCA US LLC,CRX,LT,Light Trucks,4934,N,N,Y,FCA US LLC,CRX,RAM,12,1500 Classic 4X4,915,2024,2,1500 Classic 4X4 91,149.5,68.2,67.5,70.4,70.4,0,27.96,27.96,0,282.8,282.8,0,927,,927
2024,FCA US LLC,CRX,LT,Light Trucks,4934,N,N,Y,FCA US LLC,CRX,RAM,12,1500 Classic 4X4,915,2024,3,1500 Classic 4X4 41-98,140.6,68.7,68.0,66.8,66.8,0,29.29,29.29,0,269.2,269.2,0,6134,,6134
2024,FCA US LLC,CRX,LT,Light Trucks,4934,N,N,Y,FCA US LLC,CRX,RAM,12,1500 Classic 4X4,915,2024,4,1500 Classic 4X4 91,149.5,68.7,68.0,71.0,71.0,0,27.75,27.75,0,285.1,285.1,0,184,,184
2024,FCA US LLC,CRX,LT,Light Trucks,4934,N,N,Y,FCA US LLC,CRX,RAM,12,1500 HFE 4X2,921,2024,1,1500 HFE 4X2,140.5,68.5,68.0,66.5,66.5,0,29.40,29.40,0,268.1,268.1,0,2,,2
2024,FCA US LLC,CRX,LT,Light Trucks,4934,N,N,Y,FCA US LLC,CRX,RAM,12,1500 TRX 4x4,926,2024,1,1500 TRX 4x4,145.1,74.4,74.0,74.8,74.8,0,26.74,26.74,0,296.5,296.5,0,5122,,5122
2024,FCA US LLC,CRX,LT,Light Trucks,4934,N,N,Y,"Maserati North America, Inc.",MAX,MASERATI,1,Grecale GT,62,2024,1,Grecale GT MY24,114.2,63.6,66.1,51.4,51.4,0,36.79,36.79,0,211.2,211.2,0,1552,,1552
2024,FCA US LLC,CRX,LT,Light Trucks,4934,N,N,Y,"Maserati North America, Inc.",MAX,MASERATI,1,Grecale Modena,61,2024,1,Grecale Modena MY24,114.2,63.6,66.1,51.4,51.4,0,36.79,36.79,0,211.2,211.2,0,316,,316
2024,FCA US LLC,CRX,LT,Light Trucks,4934,N,N,Y,"Maserati North America, Inc.",MAX,MASERATI,1,Grecale Trofeo,60,2024,1,Grecale Trofeo MY24,114.2,63.6,66.1,51.4,51.4,0,36.79,36.79,0,211.2,211.2,0,213,,213
2024,FCA US LLC,CRX,LT,Light Trucks,4934,N,N,Y,"Maserati North America, Inc.",MAX,MASERATI,1,Levante GT,41,2024,1,Levante GT MY24,118.3,63.9,66.0,53.4,53.4,0,35.60,35.60,0,218.7,218.7,0,641,,641
2024,FCA US LLC,CRX,LT,Light Trucks,4934,N,N,Y,"Maserati North America, Inc.",MAX,MASERATI,1,Levante Modena,40,2024,1,Levante Modena MY24,118.3,63.9,66.0,53.4,53.4,0,35.60,35.60,0,218.7,218.7,0,619,,619
2024,FCA US LLC,CRX,LT,Light Trucks,4934,N,N,Y,"Maserati North America, Inc.",MAX,MASERATI,1,Levante Trofeo,46,2024,1,Levante Trofeo MY24,118.3,63.9,66.0,53.4,53.4,0,35.60,35.60,0,218.7,218.7,0,78,,78
2024,FCA US LLC,CRX,PV,Passenger Vehicles,4897,N,N,Y,FCA US LLC,CRX,ALFA ROMEO,11,Giulia,650,2024,1,Giulia,111.0,61.3,64.2,48.4,48.4,0,47.52,47.52,0,163.7,163.7,0,258,,258
2024,FCA US LLC,CRX,PV,Passenger Vehicles,4897,N,N,Y,FCA US LLC,CRX,ALFA ROMEO,11,Giulia,650,2024,2,Giulia,111.0,61.3,64.1,48.3,48.3,0,47.62,47.62,0,163.3,163.3,0,480,,480
2024,FCA US LLC,CRX,PV,Passenger Vehicles,4897,N,N,Y,FCA US LLC,CRX,ALFA ROMEO,11,Giulia,650,2024,3,Giulia,111.0,61.0,62.6,47.6,47.6,0,48.27,48.27,0,161.0,161.0,0,921,,921
2024,FCA US LLC,CRX,PV,Passenger Vehicles,4897,N,N,Y,FCA US LLC,CRX,ALFA ROMEO,11,Giulia AWD,655,2024,1,Giulia AWD,111.0,61.3,64.1,48.3,48.3,0,47.62,47.62,0,163.3,163.3,0,1350,,1350
2024,FCA US LLC,CRX,PV,Passenger Vehicles,4897,N,N,Y,FCA US LLC,CRX,ALFA ROMEO,11,Giulia AWD,655,2024,2,Giulia AWD,111.0,61.4,64.1,48.4,48.4,0,47.52,47.52,0,163.7,163.7,0,614,,614
2024,FCA US LLC,CRX,PV,Passenger Vehicles,4897,N,N,Y,FCA US LLC,CRX,ALFA ROMEO,11,Stelvio,660,2024,1,Stelvio,110.9,63.6,65.0,49.5,49.5,0,46.54,46.54,0,167.4,167.4,0,204,,204
2024,FCA US LLC,CRX,PV,Passenger Vehicles,4897,N,N,Y,FCA US LLC,CRX,ALFA ROMEO,11,Tonale eAWD,615,2024,1,Tonale eAWD,103.7,61.9,61.5,44.4,44.4,0,51.49,51.49,0,150.1,150.1,0,6513,,6513
2024,FCA US LLC,CRX,PV,Passenger Vehicles,4897,N,N,Y,FCA US LLC,CRX,Dodge,2,Charger 2-Dr Daytona R/T AWD 18in,270,2024,1,Charger 2-Dr Daytona R/T AWD 18in,121.0,69.0,69.6,58.2,58.2,0,41.48,41.48,0,189.5,189.5,0,37,,37
2024,FCA US LLC,CRX,PV,Passenger Vehicles,4897,N,N,Y,FCA US LLC,CRX,Dodge,2,Charger 2-Dr Daytona R/T AWD 20in Goodyear,272,2024,1,Charger 2-Dr Daytona R/T AWD 20in Goodyear,121.0,69.0,69.6,58.2,58.2,0,41.48,41.48,0,189.5,189.5,0,1249,,1249
2024,FCA US LLC,CRX,PV,Passenger Vehicles,4897,N,N,Y,FCA US LLC,CRX,Dodge,2,Charger 2-Dr Daytona R/T AWD 20in Nexen,271,2024,1,Charger 2-Dr Daytona R/T AWD 20in Nexen,121.0,69.0,69.6,58.2,58.2,0,41.48,41.48,0,189.5,189.5,0,187,,187
2024,FCA US LLC,CRX,PV,Passenger Vehicles,4897,N,N,Y,FCA US LLC,CRX,Dodge,2,Charger 2-Dr Daytona Scat Pack Track Pack AWD,276,2024,1,Charger 2-Dr Daytona Scat Pack Track Pack AWD,121.0,67.5,67.4,56.6,56.6,0,41.48,41.48,0,189.5,189.5,0,15,,15
2024,FCA US LLC,CRX,PV,Passenger Vehicles,4897,N,N,Y,FCA US LLC,CRX,Dodge,2,Charger 2-Dr Daytona Scat Pack Track Pack AWD A/S,275,2024,1,Charger 2-Dr Daytona Scat Pack Track Pack AWD A/S,121.0,67.5,67.4,56.6,56.6,0,41.48,41.48,0,189.5,189.5,0,2209,,2209
2024,FCA US LLC,CRX,PV,Passenger Vehicles,4897,N,N,Y,FCA US LLC,CRX,Dodge,2,Hornet PHEV AWD,215,2024,1,Hornet PHEV AWD,103.7,61.9,61.5,44.4,44.4,0,51.49,51.49,0,150.1,150.1,0,20327,,20327
2024,FCA US LLC,CRX,PV,Passenger Vehicles,4897,N,N,Y,FCA US LLC,CRX,FIAT,10,500e,402,2024,1,500e,91.4,57.9,57.5,36.6,36.6,0,55.44,55.44,0,138.6,138.6,0,709,,709
2024,FCA US LLC,CRX,PV,Passenger Vehicles,4897,N,N,Y,FCA US LLC,CRX,FIAT,10,500e All Season,405,2024,1,500e All Season,91.4,57.9,57.5,36.6,36.6,0,55.44,55.44,0,138.6,138.6,0,1372,,1372
2024,FCA US LLC,CRX,PV,Passenger Vehicles,4897,N,N,Y,FCA US LLC,CRX,Jeep,5,Wagoneer S AWD (Falken tire),580,2024,1,Wagoneer S AWD (Falken tire),113.0,64.0,64.1,50.2,50.2,0,45.93,45.93,0,169.8,169.8,0,3850,,3850
2024,FCA US LLC,CRX,PV,Passenger Vehicles,4897,N,N,Y,FCA US LLC,CRX,Jeep,5,Wagoneer S AWD (Pirelli tire),581,2024,1,Wagoneer S AWD (Pirelli tire),113.0,64.0,64.1,50.2,50.2,0,45.93,45.93,0,169.8,169.8,0,91,,91
2024,FCA US LLC,CRX,PV,Passenger Vehicles,4897,N,N,Y,"Maserati North America, Inc.",MAX,MASERATI,1,Ghibli Modena AWD,35,2024,1,Ghibli Modena AWD MY24,118.0,64.4,65.1,53.1,53.1,0,43.58,43.58,0,179.6,179.6,0,482,,482
2024,FCA US LLC,CRX,PV,Passenger Vehicles,4897,N,N,Y,"Maserati North America, Inc.",MAX,MASERATI,1,Ghibli Trofeo,32,2024,1,Ghibli Trofeo MY24,118.0,64.4,65.1,53.1,53.1,0,43.58,43.58,0,179.6,179.6,0,60,,60
2024,FCA US LLC,CRX,PV,Passenger Vehicles,4897,N,N,Y,"Maserati North America, Inc.",MAX,MASERATI,1,Grancabrio Folgore,75,2024,1,GranCabrio Folgore MY24,115.3,64.9,65.4,52.2,52.2,0,44.29,44.29,0,176.6,176.6,0,6,,6
2024,FCA US LLC,CRX,PV,Passenger Vehicles,4897,N,N,Y,"Maserati North America, Inc.",MAX,MASERATI,1,Grancabrio Trofeo,73,2024,1,GranCabrio Trofeo MY24,115.3,64.8,65.4,52.1,52.1,0,44.36,44.36,0,176.2,176.2,0,109,,109
2024,FCA US LLC,CRX,PV,Passenger Vehicles,4897,N,N,Y,"Maserati North America, Inc.",MAX,MASERATI,1,Granturismo Folgore,72,2024,1,GranTurismo Folgore MY24,115.3,64.8,65.4,52.1,52.1,0,44.36,44.36,0,176.2,176.2,0,8,,8
2024,FCA US LLC,CRX,PV,Passenger Vehicles,4897,N,N,Y,"Maserati North America, Inc.",MAX,MASERATI,1,Granturismo Modena,71,2024,1,GranTurismo Modena MY24,115.3,64.8,65.4,52.1,52.1,0,44.36,44.36,0,176.2,176.2,0,502,,502
2024,FCA US LLC,CRX,PV,Passenger Vehicles,4897,N,N,Y,"Maserati North America, Inc.",MAX,MASERATI,1,Granturismo Trofeo,70,2024,1,GranTurismo Trofeo MY24,115.3,64.8,65.4,52.1,52.1,0,44.36,44.36,0,176.2,176.2,0,312,,312
2024,FCA US LLC,CRX,PV,Passenger Vehicles,4897,N,N,Y,"Maserati North America, Inc.",MAX,MASERATI,1,MC20,50,2024,1,MC20 MY24,106.3,66.2,64.9,48.4,48.4,0,47.52,47.52,0,163.7,163.7,0,27,,27
2024,FCA US LLC,CRX,PV,Passenger Vehicles,4897,N,N,Y,"Maserati North America, Inc.",MAX,MASERATI,1,MC20 Spyder,51,2024,1,MC20 Spider MY24,106.3,66.2,64.9,48.4,48.4,0,47.52,47.52,0,163.7,163.7,0,110,,110
2024,FCA US LLC,CRX,PV,Passenger Vehicles,4897,N,N,Y,"Maserati North America, Inc.",MAX,MASERATI,1,Quattroporte Modena AWD,33,2024,1,Quattroporte Modena AWD MY24,124.8,64.3,64.8,56.0,56.0,0,41.48,41.48,0,189.4,189.4,0,124,,124
2024,Ferrari S.p.A.,FEX,PV,Passenger Vehicles,4881,N,N,Y,Ferrari S.p.A.,FEX,"Ferrari North America, Inc.",1,296 GTB,171,2024,1,296 GTB,102.4,65.6,64.3,46.2,46.2,0,49.63,49.63,0,156.2,156.2,0,678,,678
2024,Ferrari S.p.A.,FEX,PV,Passenger Vehicles,4881,N,N,Y,Ferrari S.p.A.,FEX,"Ferrari North America, Inc.",1,296 GTS,172,2024,1,296 GTS,102.4,65.6,64.3,46.2,46.2,0,49.63,49.63,0,156.2,156.2,0,545,,545
2024,Ferrari S.p.A.,FEX,PV,Passenger Vehicles,4881,N,N,Y,Ferrari S.p.A.,FEX,"Ferrari North America, Inc.",1,812 Competizione,162,2024,1,812 Competizione,107.1,65.8,64.8,48.6,48.6,0,47.34,47.34,0,164.4,164.4,0,50,,50
2024,Ferrari S.p.A.,FEX,PV,Passenger Vehicles,4881,N,N,Y,Ferrari S.p.A.,FEX,"Ferrari North America, Inc.",1,812 Competizione A,163,2024,1,812 Competizione A,107.1,65.8,64.8,48.6,48.6,0,47.34,47.34,0,164.4,164.4,0,110,,110
2024,Ferrari S.p.A.,FEX,PV,Passenger Vehicles,4881,N,N,Y,Ferrari S.p.A.,FEX,"Ferrari North America, Inc.",1,F173 HFC,180,2024,1,SF90 XX Stradale,104.3,66.2,65.9,47.9,47.8,0.1,47.99,48.08,0.09,162.0,161.6,0.4,19,,19
2024,Ferrari S.p.A.,FEX,PV,Passenger Vehicles,4881,N,N,Y,Ferrari S.p.A.,FEX,"Ferrari North America, Inc.",1,F173 HGC,181,2024,1,SF90 XX Spider,104.3,66.2,65.9,47.9,47.8,0.1,47.99,48.08,0.09,162.0,161.6,0.4,7,,7
2024,Ferrari S.p.A.,FEX,PV,Passenger Vehicles,4881,N,N,Y,Ferrari S.p.A.,FEX,"Ferrari North America, Inc.",1,Ferrari Daytona SP3,251,2024,1,Daytona SP3,104.3,67.2,65.5,48.1,48.1,0,47.80,47.80,0,162.7,162.7,0,58,,58
2024,Ferrari S.p.A.,FEX,PV,Passenger Vehicles,4881,N,N,Y,Ferrari S.p.A.,FEX,"Ferrari North America, Inc.",1,Purosangue,175,2024,1,Purosangue,118.8,68.4,67.7,56.2,56.1,0.1,41.48,41.48,0,189.5,189.5,0,313,,313
2024,Ferrari S.p.A.,FEX,PV,Passenger Vehicles,4881,N,N,Y,Ferrari S.p.A.,FEX,"Ferrari North America, Inc.",1,Roma,169,2024,1,Roma,105.1,65.0,66.1,47.9,47.9,0,47.99,47.99,0,162.0,162.0,0,357,,357
2024,Ferrari S.p.A.,FEX,PV,Passenger Vehicles,4881,N,N,Y,Ferrari S.p.A.,FEX,"Ferrari North America, Inc.",1,Roma Spider,174,2024,1,Roma Spider,105.1,65.0,66.1,47.9,47.9,0,47.99,47.99,0,162.0,162.0,0,324,,324
2024,Ferrari S.p.A.,FEX,PV,Passenger Vehicles,4881,N,N,Y,Ferrari S.p.A.,FEX,"Ferrari North America, Inc.",1,SF90 Spider,178,2024,1,SF90 Spider,104.3,66.1,65.0,47.5,47.5,0,48.36,48.36,0,160.6,160.6,0,499,,499
2024,Ferrari S.p.A.,FEX,PV,Passenger Vehicles,4881,N,N,Y,Ferrari S.p.A.,FEX,"Ferrari North America, Inc.",1,SF90 Stradale,173,2024,1,SF90 Stradale,104.3,66.1,65.0,47.5,47.5,0,48.36,48.36,0,160.6,160.6,0,18,,18
2024,Fisker Group Inc.,FGI,PV,Passenger Vehicles,4713,N,N,Y,Fisker Group Inc.,FGI,Fisker,1,Ocean Extreme 20in,110,2024,1,part-time AWD,115.0,66.7,68.0,53.8,53.8,0,43.05,43.05,0,182.0,182.0,0,103,,103
2024,Fisker Group Inc.,FGI,PV,Passenger Vehicles,4713,N,N,Y,Fisker Group Inc.,FGI,Fisker,1,Ocean Extreme 22in,112,2024,1,part-time AWD,115.0,66.7,68.0,53.8,53.8,0,43.05,43.05,0,182.0,182.0,0,471,,471
2024,Fisker Group Inc.,FGI,PV,Passenger Vehicles,4713,N,N,Y,Fisker Group Inc.,FGI,Fisker,1,Ocean Sport 20in,130,2024,1,FWD,115.0,66.7,68.0,53.8,53.8,0,43.05,43.05,0,182.0,182.0,0,30,,30
2024,Fisker Group Inc.,FGI,PV,Passenger Vehicles,4713,N,N,Y,Fisker Group Inc.,FGI,Fisker,1,Ocean Sport 22in,132,2024,1,FWD,115.0,66.7,68.0,53.8,53.8,0,43.05,43.05,0,182.0,182.0,0,19,,19
2024,Fisker Group Inc.,FGI,PV,Passenger Vehicles,4713,N,N,Y,Fisker Group Inc.,FGI,Fisker,1,Ocean Ultra 20in,120,2024,1,part-time AWD,115.0,66.7,68.0,53.8,53.8,0,43.05,43.05,0,182.0,182.0,0,52,,52
2024,Fisker Group Inc.,FGI,PV,Passenger Vehicles,4713,N,N,Y,Fisker Group Inc.,FGI,Fisker,1,Ocean Ultra 22in,122,2024,1,part-time AWD,115.0,66.7,68.0,53.8,53.8,0,43.05,43.05,0,182.0,182.0,0,88,,88
2024,Ford Motor Company,FMX,LT,Light Trucks,4801,N,N,Y,Ford Motor Company,FMX,Ford,1,BRONCO 4WD,24,2024,1,BRONCO 4WD 23ETDI M7S4 2 Door 100.4,100.4,65.0,65.0,45.3,45.3,0,40.94,40.94,0,188.2,188.2,0,572,,572
2024,Ford Motor Company,FMX,LT,Light Trucks,4801,N,N,Y,Ford Motor Company,FMX,Ford,1,BRONCO 4WD,24,2024,2,BRONCO 4WD 23ETDI SM10S4 2 Door 100.4,100.4,65.0,65.0,45.3,45.3,0,40.94,40.94,0,188.2,188.2,0,5094,,5094
2024,Ford Motor Company,FMX,LT,Light Trucks,4801,N,N,Y,Ford Motor Company,FMX,Ford,1,BRONCO 4WD,24,2024,3,BRONCO 4WD 2.7G-4 SM10S4 4 Door 116.1,116.1,65.0,65.0,52.4,52.4,0,36.19,36.19,0,214.9,214.9,0,5476,,5476
2024,Ford Motor Company,FMX,LT,Light Trucks,4801,N,N,Y,Ford Motor Company,FMX,Ford,1,BRONCO 4WD,24,2024,4,BRONCO 4WD 23ETDI M7S4 4 Door 116.1,116.1,65.0,65.0,52.4,52.4,0,36.19,36.19,0,214.9,214.9,0,546,,546
2024,Ford Motor Company,FMX,LT,Light Trucks,4801,N,N,Y,Ford Motor Company,FMX,Ford,1,BRONCO 4WD,24,2024,5,BRONCO 4WD 23ETDI SM10S4 4 Door 116.1,116.1,65.0,65.0,52.4,52.4,0,36.19,36.19,0,214.9,214.9,0,37587,,37528
2024,Ford Motor Company,FMX,LT,Light Trucks,4801,N,N,Y,Ford Motor Company,FMX,Ford,1,BRONCO BADLANDS 4WD,27,2024,1,BRONCO BADLANDS 4WD 2.7G-4 SM10S4 2 Door 100.5,100.5,64.9,65.0,45.4,45.4,0,40.87,40.87,0,188.6,188.6,0,1067,,1067
2024,Ford Motor Company,FMX,LT,Light Trucks,4801,N,N,Y,Ford Motor Company,FMX,Ford,1,BRONCO BADLANDS 4WD,27,2024,2,BRONCO BADLANDS 4WD 23ETDI M7S4 2 Door 100.5,100.5,64.9,65.0,45.4,45.4,0,40.87,40.87,0,188.6,188.6,0,483,,483
2024,Ford Motor Company,FMX,LT,Light Trucks,4801,N,N,Y,Ford Motor Company,FMX,Ford,1,BRONCO BADLANDS 4WD,27,2024,3,BRONCO BADLANDS 4WD 23ETDI M7S4 4 Door 116.3,116.3,64.9,65.0,52.5,52.5,0,36.13,36.13,0,215.3,215.3,0,494,,494
2024,Ford Motor Company,FMX,LT,Light Trucks,4801,N,N,Y,Ford Motor Company,FMX,Ford,1,BRONCO BADLANDS 4WD,27,2024,4,BRONCO BADLANDS 4WD 2.7G-4 SM10S4 4 Door 116.3,116.3,64.9,65.0,52.5,52.5,0,36.13,36.13,0,215.3,215.3,0,6511,,6505
2024,Ford Motor Company,FMX,LT,Light Trucks,4801,N,N,Y,Ford Motor Company,FMX,Ford,1,BRONCO BLACK DIAMOND 4WD,26,2024,1,BRONCO BLACK DIAMOND 4WD 2.7G-4 SM10S4 2 Door 100.4,100.4,65.0,65.0,45.3,45.3,0,40.94,40.94,0,188.2,188.2,0,1452,,1452
2024,Ford Motor Company,FMX,LT,Light Trucks,4801,N,N,Y,Ford Motor Company,FMX,Ford,1,BRONCO BLACK DIAMOND 4WD,26,2024,2,BRONCO BLACK DIAMOND 4WD 23ETDI M7S4 2 Door 100.4,100.4,65.0,65.0,45.3,45.3,0,40.94,40.94,0,188.2,188.2,0,197,,197
2024,Ford Motor Company,FMX,LT,Light Trucks,4801,N,N,Y,Ford Motor Company,FMX,Ford,1,BRONCO BLACK DIAMOND 4WD,26,2024,3,BRONCO BLACK DIAMOND 4WD 23ETDI SM10S4 2 Door 100.4,100.4,65.0,65.0,45.3,45.3,0,40.94,40.94,0,188.2,188.2,0,1721,,1721
2024,Ford Motor Company,FMX,LT,Light Trucks,4801,N,N,Y,Ford Motor Company,FMX,Ford,1,BRONCO BLACK DIAMOND 4WD,26,2024,4,BRONCO BLACK DIAMOND 4WD 23ETDI M7S4 4 Door 116.1,116.1,65.0,65.0,52.4,52.4,0,36.19,36.19,0,214.9,214.9,0,162,,162
2024,Ford Motor Company,FMX,LT,Light Trucks,4801,N,N,Y,Ford Motor Company,FMX,Ford,1,BRONCO BLACK DIAMOND 4WD,26,2024,5,BRONCO BLACK DIAMOND 4WD 23ETDI SM10S4 4 Door 116.1,116.1,65.0,65.0,52.4,52.4,0,36.19,36.19,0,214.9,214.9,0,3352,,3352
2024,Ford Motor Company,FMX,LT,Light Trucks,4801,N,N,Y,Ford Motor Company,FMX,Ford,1,BRONCO BLACK DIAMOND 4WD,26,2024,6,BRONCO BLACK DIAMOND 4WD 2.7G-4 SM10S4 4 Door 116.1,116.1,65.0,65.0,52.4,52.4,0,36.19,36.19,0,214.9,214.9,0,3307,,3307
2024,Ford Motor Company,FMX,LT,Light Trucks,4801,N,N,Y,Ford Motor Company,FMX,Ford,1,BRONCO RAPTOR 4WD,28,2024,1,BRONCO RAPTOR 4WD 30GTDI SM10S4 4 Door 116.6,116.6,73.6,73.6,59.6,59.6,0,32.37,32.37,0,242.1,242.1,0,12308,,12306
2024,Ford Motor Company,FMX,LT,Light Trucks,4801,N,N,Y,Ford Motor Company,FMX,Ford,1,BRONCO SASQUATCH 4WD,29,2024,1,BRONCO SASQUATCH 4WD 23ETDI SM10S4 4 Door 116.3,116.3,66.9,66.9,54.0,54.0,0,35.26,35.26,0,221.0,221.0,0,12513,,12512
2024,Ford Motor Company,FMX,LT,Light Trucks,4801,N,N,Y,Ford Motor Company,FMX,Ford,1,BRONCO SASQUATCH 4WD,29,2024,2,BRONCO SASQUATCH 4WD 2.7GU4 SM10S4 2 Door 100.5,100.5,66.9,66.9,46.7,46.7,0,39.91,39.91,0,193.5,193.5,0,6307,,6307
2024,Ford Motor Company,FMX,LT,Light Trucks,4801,N,N,Y,Ford Motor Company,FMX,Ford,1,BRONCO SASQUATCH 4WD,29,2024,3,BRONCO SASQUATCH 4WD 23ETDI M7S4 2 Door 100.5,100.5,66.9,66.9,46.7,46.7,0,39.91,39.91,0,193.5,193.5,0,410,,410
2024,Ford Motor Company,FMX,LT,Light Trucks,4801,N,N,Y,Ford Motor Company,FMX,Ford,1,BRONCO SASQUATCH 4WD,29,2024,4,BRONCO SASQUATCH 4WD 23ETDI SM10S4 2 Door 100.5,100.5,66.9,66.9,46.7,46.7,0,39.91,39.91,0,193.5,193.5,0,2800,,2800
2024,Ford Motor Company,FMX,LT,Light Trucks,4801,N,N,Y,Ford Motor Company,FMX,Ford,1,BRONCO SASQUATCH 4WD,29,2024,5,BRONCO SASQUATCH 4WD 23ETDI M7S4 4 Door 116.3,116.3,66.9,66.9,54.0,54.0,0,35.26,35.26,0,221.0,221.0,0,358,,358
2024,Ford Motor Company,FMX,LT,Light Trucks,4801,N,N,Y,Ford Motor Company,FMX,Ford,1,BRONCO SASQUATCH 4WD,29,2024,6,BRONCO SASQUATCH 4WD 2.7GU4 SM10S4 4 Door 116.3,116.3,66.9,66.9,54.0,54.0,0,35.26,35.26,0,221.0,221.0,0,36927,,36903
2024,Ford Motor Company,FMX,LT,Light Trucks,4801,N,N,Y,Ford Motor Company,FMX,Ford,1,BRONCO SPORT 4WD,25,2024,1,BRONCO SPORT 4WD 15DITC A8SSM4 4 Door 105.0,105.0,63.7,63.1,46.2,46.2,0,40.27,40.27,0,191.6,191.6,0,131419,,131355
2024,Ford Motor Company,FMX,LT,Light Trucks,4801,N,N,Y,Ford Motor Company,FMX,Ford,1,BRONCO SPORT 4WD,25,2024,2,BRONCO SPORT 4WD 2.0TDI SS8SM4 4 Door 104.9,104.9,63.3,63.0,46.0,46.0,0,40.42,40.42,0,190.8,190.8,0,14968,,14966
2024,Ford Motor Company,FMX,LT,Light Trucks,4801,N,N,Y,Ford Motor Company,FMX,Ford,1,EDGE AWD,101,2024,1,EDGE AWD 2.0TDI A8SSM4 4 Door 112.0,112.0,64.8,65.1,50.6,50.6,0,37.28,37.28,0,208.2,208.2,0,94790,,94790
2024,Ford Motor Company,FMX,LT,Light Trucks,4801,N,N,Y,Ford Motor Company,FMX,Ford,1,EDGE AWD,101,2024,2,EDGE AWD 2.0TDI S8SSM4 4 Door 112.0,112.0,64.8,65.1,50.6,50.6,0,37.28,37.28,0,208.2,208.2,0,16044,,16044
2024,Ford Motor Company,FMX,LT,Light Trucks,4801,N,N,Y,Ford Motor Company,FMX,Ford,1,EDGE AWD,101,2024,3,EDGE AWD 2.7TDI S8SSM4 4 Door 112.0,112.0,64.8,65.1,50.6,50.6,0,37.28,37.28,0,208.2,208.2,0,2308,,2308
2024,Ford Motor Company,FMX,LT,Light Trucks,4801,N,N,Y,Ford Motor Company,FMX,Ford,1,ESCAPE AWD,182,2024,1,ESCAPE AWD 15DMPC A8SSM4 Sport Utility Vehicle 106.6,106.6,62.7,62.2,46.2,46.2,0,40.27,40.27,0,191.6,191.6,0,56778,,56723
2024,Ford Motor Company,FMX,LT,Light Trucks,4801,N,N,Y,Ford Motor Company,FMX,Ford,1,ESCAPE AWD,182,2024,2,ESCAPE AWD 2.0TDU A8SSM4 Sport Utility Vehicle 106.6,106.6,62.7,62.2,46.2,46.2,0,40.27,40.27,0,191.6,191.6,0,11568,,11568
2024,Ford Motor Company,FMX,LT,Light Trucks,4801,N,N,Y,Ford Motor Company,FMX,Ford,1,ESCAPE AWD HEV,202,2024,1,ESCAPE AWD HEV 25HEV CVMA Sport Utility Vehicle 106.6,106.6,62.7,62.2,46.2,46.2,0,40.27,40.27,0,191.6,191.6,0,7882,,7882
2024,Ford Motor Company,FMX,LT,Light Trucks,4801,N,N,Y,Ford Motor Company,FMX,Ford,1,EXPEDITION 2WD,240,2024,1,EXPEDITION 2WD 35TPDR S10MSR Utility 122.5,122.5,67.5,67.3,57.3,57.3,0,33.50,33.50,0,233.4,233.4,0,22109,,22109
2024,Ford Motor Company,FMX,LT,Light Trucks,4801,N,N,Y,Ford Motor Company,FMX,Ford,1,EXPEDITION 2WD,240,2024,2,EXPEDITION 2WD 35TPDR S10MSR Utility Extended 131.6,131.6,67.4,67.3,61.6,61.6,0,31.45,31.45,0,249.6,249.6,0,15010,,15010
2024,Ford Motor Company,FMX,LT,Light Trucks,4801,N,N,Y,Ford Motor Company,FMX,Ford,1,EXPEDITION 4WD,241,2024,1,EXPEDITION 4WD 35TPD4 S10MS4 Utility 122.5,122.5,67.5,67.3,57.3,57.3,0,33.50,33.50,0,233.4,233.4,0,32090,,32086
2024,Ford Motor Company,FMX,LT,Light Trucks,4801,N,N,Y,Ford Motor Company,FMX,Ford,1,EXPEDITION 4WD,241,2024,2,EXPEDITION 4WD 35TPD4 S10MS4 Utility Extended 131.6,131.6,67.4,67.3,61.6,61.6,0,31.45,31.45,0,249.6,249.6,0,35611,,35610
2024,Ford Motor Company,FMX,LT,Light Trucks,4801,N,N,Y,Ford Motor Company,FMX,Ford,1,EXPEDITION TIMBERLINE 4WD,244,2024,1,EXPEDITION TIMBERLINE 4WD 35TPD4 S10MS4 Utility 122.5,122.5,67.4,67.3,57.3,57.3,0,33.50,33.50,0,233.4,233.4,0,3460,,3460
2024,Ford Motor Company,FMX,LT,Light Trucks,4801,N,N,Y,Ford Motor Company,FMX,Ford,1,EXPLORER AWD,164,2024,1,EXPLORER AWD 23ETDI L10MS4 4 Door 119.0,119.0,67.1,67.4,55.5,55.5,0,34.44,34.44,0,226.6,226.6,0,35984,,35976
2024,Ford Motor Company,FMX,LT,Light Trucks,4801,N,N,Y,Ford Motor Company,FMX,Ford,1,EXPLORER AWD,164,2024,2,EXPLORER AWD 3.0TDI L10MS4 4 Door 119.1,119.1,67.1,67.5,55.7,55.7,0,34.33,34.33,0,227.4,227.4,0,1926,,1926
2024,Ford Motor Company,FMX,LT,Light Trucks,4801,N,N,Y,Ford Motor Company,FMX,Ford,1,EXPLORER AWD,164,2024,3,EXPLORER AWD 3.0TDI S10MS4 4 Door 119.1,119.1,67.1,67.5,55.7,55.7,0,34.33,34.33,0,227.4,227.4,0,7835,,7835
2024,Ford Motor Company,FMX,LT,Light Trucks,4801,N,N,Y,Ford Motor Company,FMX,Ford,1,EXPLORER FFV AWD,184,2024,1,EXPLORER FFV AWD 3.3F-4 L10M-4 4 Door 119.1,119.1,67.0,67.4,55.6,55.6,0,34.39,34.39,0,227.0,227.0,0,412,,412
2024,Ford Motor Company,FMX,LT,Light Trucks,4801,N,N,Y,Ford Motor Company,FMX,Ford,1,EXPLORER RWD,163,2024,1,EXPLORER RWD 23ETDI L10MSR 4 Door 119.1,119.1,67.2,67.5,55.7,55.7,0,34.33,34.33,0,227.4,227.4,0,19843,,19837
2024,Ford Motor Company,FMX,LT,Light Trucks,4801,N,N,Y,Ford Motor Company,FMX,Ford,1,EXPLORER RWD,163,2024,2,EXPLORER RWD 3.0TDU S10MSR 4 Door 119.1,119.1,67.2,67.5,55.7,55.7,0,34.33,34.33,0,227.4,227.4,0,53,,53
2024,Ford Motor Company,FMX,LT,Light Trucks,4801,N,N,Y,Ford Motor Company,FMX,Ford,1,EXPLORER RWD,163,2024,3,EXPLORER RWD 3.0TDI L10MSR 4 Door 119.1,119.1,67.2,67.5,55.7,55.7,0,34.33,34.33,0,227.4,227.4,0,257,,257
2024,Ford Motor Company,FMX,LT,Light Trucks,4801,N,N,Y,Ford Motor Company,FMX,Ford,1,EXPLORER TIMBERLINE AWD,183,2024,1,EXPLORER TIMBERLINE AWD 23ETDU S10MS4 4 Door 119.0,119.0,67.0,67.3,55.5,55.5,0,34.44,34.44,0,226.6,226.6,0,2793,,2793
2024,Ford Motor Company,FMX,LT,Light Trucks,4801,N,N,Y,Ford Motor Company,FMX,Ford,1,F150 LIGHTNING EXTENDED RANGE 4WD,112,2024,1,F150 LIGHTNING EXTENDED RANGE 4WD BE5PSC BEVA Super Crew 145.6,145.6,68.1,68.5,69.1,69.1,0,28.42,28.42,0,277.9,277.9,0,15974,,15974
2024,Ford Motor Company,FMX,LT,Light Trucks,4801,N,N,Y,Ford Motor Company,FMX,Ford,1,F150 LIGHTNING PLATINUM 4WD,117,2024,1,F150 LIGHTNING PLATINUM 4WD BE5PSC BEVA Super Crew 145.6,145.6,68.1,68.5,69.1,69.1,0,28.42,28.42,0,277.9,277.9,0,1715,,1715
2024,Ford Motor Company,FMX,LT,Light Trucks,4801,N,N,Y,Ford Motor Company,FMX,Ford,1,F150 LIGHTNING PRO EXT RANGE 4WD,113,2024,1,F150 LIGHTNING PRO EXT RANGE 4WD BE5P BEVA Super Crew 145.6,145.6,68.1,68.5,69.1,69.1,0,28.42,28.42,0,277.9,277.9,0,643,,643
2024,Ford Motor Company,FMX,LT,Light Trucks,4801,N,N,Y,Ford Motor Company,FMX,Ford,1,F150 PICKUP 2WD,120,2024,1,F150 PICKUP 2WD 5.0VDE S10MSR Regular Cab 123.2,123.2,68.1,68.4,58.3,58.3,0,33.00,33.00,0,237.2,237.2,0,3316,,3316
2024,Ford Motor Company,FMX,LT,Light Trucks,4801,N,N,Y,Ford Motor Company,FMX,Ford,1,F150 PICKUP 2WD,120,2024,2,F150 PICKUP 2WD 2.7G-4 S10MSR Regular Cab 141.8,141.8,68.1,68.4,67.2,67.2,0,29.13,29.13,0,270.7,270.7,0,7951,,7944
2024,Ford Motor Company,FMX,LT,Light Trucks,4801,N,N,Y,Ford Motor Company,FMX,Ford,1,F150 PICKUP 2WD,120,2024,3,F150 PICKUP 2WD 35TPDI S10MSR Regular Cab 141.8,141.8,68.1,68.4,67.2,67.2,0,29.13,29.13,0,270.7,270.7,0,199,,199
2024,Ford Motor Company,FMX,LT,Light Trucks,4801,N,N,Y,Ford Motor Company,FMX,Ford,1,F150 PICKUP 2WD,120,2024,4,F150 PICKUP 2WD 5.0VDE S10MSR Regular Cab 141.8,141.8,68.1,68.4,67.2,67.2,0,29.13,29.13,0,270.7,270.7,0,1181,,1181
2024,Ford Motor Company,FMX,LT,Light Trucks,4801,N,N,Y,Ford Motor Company,FMX,Ford,1,F150 PICKUP 2WD,120,2024,5,F150 PICKUP 2WD 2.7G-4 S10MSR Super Cab 145.7,145.7,68.1,68.4,69.0,69.0,0,28.46,28.46,0,277.5,277.5,0,8186,,8169
2024,Ford Motor Company,FMX,LT,Light Trucks,4801,N,N,Y,Ford Motor Company,FMX,Ford,1,F150 PICKUP 2WD,120,2024,6,F150 PICKUP 2WD 35TPDI S10MSR Super Cab 145.7,145.7,68.1,68.4,69.0,69.0,0,28.46,28.46,0,277.5,277.5,0,1278,,1278
2024,Ford Motor Company,FMX,LT,Light Trucks,4801,N,N,Y,Ford Motor Company,FMX,Ford,1,F150 PICKUP 2WD,120,2024,7,F150 PICKUP 2WD 5.0VDE S10MSR Super Cab 145.7,145.7,68.1,68.4,69.0,69.0,0,28.46,28.46,0,277.5,277.5,0,1742,,1742
2024,Ford Motor Company,FMX,LT,Light Trucks,4801,N,N,Y,Ford Motor Company,FMX,Ford,1,F150 PICKUP 2WD,120,2024,8,F150 PICKUP 2WD 2.7G-4 S10MSR Super Crew 145.7,145.7,68.1,68.4,69.0,69.0,0,28.46,28.46,0,277.5,277.5,0,32803,,32755
2024,Ford Motor Company,FMX,LT,Light Trucks,4801,N,N,Y,Ford Motor Company,FMX,Ford,1,F150 PICKUP 2WD,120,2024,9,F150 PICKUP 2WD 35TPDI S10MSR Super Crew 145.7,145.7,68.1,68.4,69.0,69.0,0,28.46,28.46,0,277.5,277.5,0,2261,,2225
2024,Ford Motor Company,FMX,LT,Light Trucks,4801,N,N,Y,Ford Motor Company,FMX,Ford,1,F150 PICKUP 2WD,120,2024,10,F150 PICKUP 2WD 5.0VDE S10MSR Super Crew 145.7,145.7,68.1,68.4,69.0,69.0,0,28.46,28.46,0,277.5,277.5,0,8115,,8115
2024,Ford Motor Company,FMX,LT,Light Trucks,4801,N,N,Y,Ford Motor Company,FMX,Ford,1,F150 PICKUP 4WD,121,2024,1,F150 PICKUP 4WD 5.0VDE S10MS4 Regular Cab 123.2,123.2,67.9,68.4,58.3,58.3,0,33.00,33.00,0,237.2,237.2,0,4834,,4834
2024,Ford Motor Company,FMX,LT,Light Trucks,4801,N,N,Y,Ford Motor Company,FMX,Ford,1,F150 PICKUP 4WD,121,2024,2,F150 PICKUP 4WD 2.7G-4 S10MS4 Regular Cab 141.9,141.9,67.9,68.4,67.2,67.2,0,29.13,29.13,0,270.7,270.7,0,3358,,3357
2024,Ford Motor Company,FMX,LT,Light Trucks,4801,N,N,Y,Ford Motor Company,FMX,Ford,1,F150 PICKUP 4WD,121,2024,3,F150 PICKUP 4WD 35TPDI S10MS4 Regular Cab 141.9,141.9,67.9,68.4,67.2,67.2,0,29.13,29.13,0,270.7,270.7,0,389,,389
2024,Ford Motor Company,FMX,LT,Light Trucks,4801,N,N,Y,Ford Motor Company,FMX,Ford,1,F150 PICKUP 4WD,121,2024,4,F150 PICKUP 4WD 5.0VDE S10MS4 Regular Cab 141.9,141.9,67.9,68.4,67.2,67.2,0,29.13,29.13,0,270.7,270.7,0,828,,828
2024,Ford Motor Company,FMX,LT,Light Trucks,4801,N,N,Y,Ford Motor Company,FMX,Ford,1,F150 PICKUP 4WD,121,2024,5,F150 PICKUP 4WD 2.7G-4 S10MS4 Super Cab 145.8,145.8,67.9,68.4,69.1,69.1,0,28.42,28.42,0,277.9,277.9,0,9924,,9923
2024,Ford Motor Company,FMX,LT,Light Trucks,4801,N,N,Y,Ford Motor Company,FMX,Ford,1,F150 PICKUP 4WD,121,2024,6,F150 PICKUP 4WD 35TPDI S10MS4 Super Cab 145.8,145.8,67.9,68.4,69.1,69.1,0,28.42,28.42,0,277.9,277.9,0,2921,,2921
2024,Ford Motor Company,FMX,LT,Light Trucks,4801,N,N,Y,Ford Motor Company,FMX,Ford,1,F150 PICKUP 4WD,121,2024,7,F150 PICKUP 4WD 2.7G-4 S10MS4 Super Crew 145.8,145.8,67.9,68.4,69.1,69.1,0,28.42,28.42,0,277.9,277.9,0,60235,,60209
2024,Ford Motor Company,FMX,LT,Light Trucks,4801,N,N,Y,Ford Motor Company,FMX,Ford,1,F150 PICKUP 4WD,121,2024,8,F150 PICKUP 4WD 35TPDI S10MS4 Super Crew 145.8,145.8,67.9,68.4,69.1,69.1,0,28.42,28.42,0,277.9,277.9,0,61896,,61844
2024,Ford Motor Company,FMX,LT,Light Trucks,4801,N,N,Y,Ford Motor Company,FMX,Ford,1,F150 PICKUP 4WD,121,2024,9,F150 PICKUP 4WD 5.0VDE S10MS4 Super Crew 145.8,145.8,67.9,68.4,69.1,69.1,0,28.42,28.42,0,277.9,277.9,0,60859,,60859
2024,Ford Motor Company,FMX,LT,Light Trucks,4801,N,N,Y,Ford Motor Company,FMX,Ford,1,F150 PICKUP 4WD,121,2024,10,F150 PICKUP 4WD 5.0VDE S10MS4 Super Cab 145.8,145.8,67.9,68.4,69.1,69.1,0,28.42,28.42,0,277.9,277.9,0,7514,,7514
2024,Ford Motor Company,FMX,LT,Light Trucks,4801,N,N,Y,Ford Motor Company,FMX,Ford,1,F150 PICKUP 4WD,121,2024,11,F150 PICKUP 4WD 35TPDI S10MS4 Super Crew 157.6,157.6,68.0,68.4,74.6,74.6,0,26.74,26.74,0,296.5,296.5,0,11118,,11103
2024,Ford Motor Company,FMX,LT,Light Trucks,4801,N,N,Y,Ford Motor Company,FMX,Ford,1,F150 PICKUP 4WD,121,2024,12,F150 PICKUP 4WD 5.0VDE S10MS4 Super Crew 157.6,157.6,68.0,68.4,74.6,74.6,0,26.74,26.74,0,296.5,296.5,0,7352,,7352
2024,Ford Motor Company,FMX,LT,Light Trucks,4801,N,N,Y,Ford Motor Company,FMX,Ford,1,F150 PICKUP 4WD HEV,132,2024,1,F150 PICKUP 4WD HEV 35HEV4 S10MS4 Super Crew 145.8,145.8,67.9,68.4,69.1,69.1,0,28.42,28.42,0,277.9,277.9,0,64546,,64546
2024,Ford Motor Company,FMX,LT,Light Trucks,4801,N,N,Y,Ford Motor Company,FMX,Ford,1,F150 PICKUP 4WD HEV,132,2024,2,F150 PICKUP 4WD HEV 35HEV4 S10MS4 Super Crew 157.6,157.6,68.2,68.4,74.8,74.8,0,26.74,26.74,0,296.5,296.5,0,5661,,5661
2024,Ford Motor Company,FMX,LT,Light Trucks,4801,N,N,Y,Ford Motor Company,FMX,Ford,1,F150 PICKUP LIGHTNING 4WD,116,2024,1,F150 PICKUP LIGHTNING 4WD BE4P BEVA Super Crew 145.6,145.6,68.1,68.5,69.1,69.1,0,28.42,28.42,0,277.9,277.9,0,6062,,6062
2024,Ford Motor Company,FMX,LT,Light Trucks,4801,N,N,Y,Ford Motor Company,FMX,Ford,1,F150 PICKUP TREMOR 4WD,133,2024,1,F150 PICKUP TREMOR 4WD 35TPDI S10MS4 Super Crew 145.9,145.9,68.5,69.2,69.7,69.7,0,28.21,28.21,0,280.2,280.2,0,2632,,2632
2024,Ford Motor Company,FMX,LT,Light Trucks,4801,N,N,Y,Ford Motor Company,FMX,Ford,1,F150 PICKUP TREMOR 4WD,133,2024,2,F150 PICKUP TREMOR 4WD 5.0VDE S10MS4 Super Crew 145.9,145.9,68.5,69.2,69.7,69.7,0,28.21,28.21,0,280.2,280.2,0,3739,,3739
2024,Ford Motor Company,FMX,LT,Light Trucks,4801,N,N,Y,Ford Motor Company,FMX,Ford,1,F150 RAPTOR 4WD,122,2024,1,F150 RAPTOR 4WD 35PTDI S10MS4 Super Crew 145.7,145.7,74.6,73.7,75.1,75.1,0,26.74,26.74,0,296.5,296.5,0,18221,,18209
2024,Ford Motor Company,FMX,LT,Light Trucks,4801,N,N,Y,Ford Motor Company,FMX,Ford,1,F150 RAPTOR R 4WD,213,2024,1,F150 RAPTOR R 4WD 5.2PFI S10M-4 Super Crew 145.7,145.7,74.3,74.0,75.1,75.1,0,26.74,26.74,0,296.5,296.5,0,5064,,5064
2024,Ford Motor Company,FMX,LT,Light Trucks,4801,N,N,Y,Ford Motor Company,FMX,Ford,1,MAVERICK AWD,52,2024,1,MAVERICK AWD 2.0TDI A8SSM4 Super Crew 120.9,120.9,63.5,62.7,53.0,53.0,0,35.83,35.83,0,217.2,217.2,0,53174,,53167
2024,Ford Motor Company,FMX,LT,Light Trucks,4801,N,N,Y,Ford Motor Company,FMX,Ford,1,MAVERICK FWD,51,2024,1,MAVERICK FWD 2.0TDI A8SSMF Super Crew 120.9,120.9,63.6,63.0,53.1,53.1,0,35.78,35.78,0,217.6,217.6,0,20607,,20607
2024,Ford Motor Company,FMX,LT,Light Trucks,4801,N,N,Y,Ford Motor Company,FMX,Ford,1,MAVERICK HEV FWD,50,2024,1,MAVERICK HEV FWD 25HEV CVMF Super Crew 120.9,120.9,63.6,63.0,53.1,53.1,0,35.78,35.78,0,217.6,217.6,0,82319,,82319
2024,Ford Motor Company,FMX,LT,Light Trucks,4801,N,N,Y,Ford Motor Company,FMX,Ford,1,MAVERICK TREMOR AWD,53,2024,1,MAVERICK TREMOR AWD 2.0TDI A8MSS4 Super Crew 120.8,120.8,63.0,62.5,52.7,52.7,0,36.01,36.01,0,216.1,216.1,0,7002,,7002
2024,Ford Motor Company,FMX,LT,Light Trucks,4801,N,N,Y,Ford Motor Company,FMX,Ford,1,RANGER 2WD,160,2024,1,RANGER 2WD 23ETDI S10SMR Crew Cab 128.8,128.8,63.8,63.8,57.1,57.1,0,33.60,33.60,0,232.7,232.7,0,15170,,15117
2024,Ford Motor Company,FMX,LT,Light Trucks,4801,N,N,Y,Ford Motor Company,FMX,Ford,1,RANGER 4WD,161,2024,1,RANGER 4WD 2.7G-4 S10SM4 Crew Cab 128.8,128.8,63.8,63.8,57.1,57.1,0,33.60,33.60,0,232.7,232.7,0,5867,,5863
2024,Ford Motor Company,FMX,LT,Light Trucks,4801,N,N,Y,Ford Motor Company,FMX,Ford,1,RANGER 4WD,161,2024,2,RANGER 4WD 23ETDI S10SM4 Crew Cab 128.8,128.8,63.8,63.8,57.1,57.1,0,33.60,33.60,0,232.7,232.7,0,37258,,37158
2024,Ford Motor Company,FMX,LT,Light Trucks,4801,N,N,Y,Ford Motor Company,FMX,Ford,1,RANGER RAPTOR 4WD,178,2024,1,RANGER RAPTOR 4WD 30GTDI S10SM4 Crew Cab 128.8,128.8,67.3,67.3,60.2,60.2,0,32.09,32.09,0,244.4,244.4,0,9423,,9394
2024,Ford Motor Company,FMX,LT,Light Trucks,4801,N,N,Y,Ford Motor Company,FMX,Lincoln,2,AVIATOR AWD,147,2024,1,AVIATOR AWD 3.0TDU S10MS4 4 Door 119.1,119.1,67.2,67.4,55.7,55.7,0,34.33,34.33,0,227.4,227.4,0,7919,,7917
2024,Ford Motor Company,FMX,LT,Light Trucks,4801,N,N,Y,Ford Motor Company,FMX,Lincoln,2,AVIATOR RWD,146,2024,1,AVIATOR RWD 3.0TDI S10MSR 4 Door 119.1,119.1,67.2,67.4,55.7,55.7,0,34.33,34.33,0,227.4,227.4,0,2495,,2495
2024,Ford Motor Company,FMX,LT,Light Trucks,4801,N,N,Y,Ford Motor Company,FMX,Lincoln,2,CORSAIR AWD,145,2024,1,CORSAIR AWD 2.0TDU S8SSM4 4 Door 106.7,106.7,62.9,64.0,47.0,47.0,0,39.69,39.69,0,194.6,194.6,0,11139,,11139
2024,Ford Motor Company,FMX,LT,Light Trucks,4801,N,N,Y,Ford Motor Company,FMX,Lincoln,2,NAUTILUS AWD,101,2024,1,NAUTILUS AWD 2.0TDU A8SSM4 4 Door 114.2,114.2,65.4,65.5,51.9,51.9,0,36.48,36.48,0,213.1,213.1,0,19266,,19266
2024,Ford Motor Company,FMX,LT,Light Trucks,4801,N,N,Y,Ford Motor Company,FMX,Lincoln,2,NAUTILUS HEV AWD,102,2024,1,NAUTILUS HEV AWD 2.0HEV CVMA 4 Door 114.2,114.2,65.4,65.5,51.9,51.9,0,36.48,36.48,0,213.1,213.1,0,15615,,15615
2024,Ford Motor Company,FMX,LT,Light Trucks,4801,N,N,Y,Ford Motor Company,FMX,Lincoln,2,NAVIGATOR 4WD,116,2024,1,NAVIGATOR 4WD 35TPD4 S10MS4 Utility Extended 131.6,131.6,67.4,67.3,61.6,61.6,0,31.45,31.45,0,249.6,249.6,0,9148,,9148
2024,Ford Motor Company,FMX,LT,Light Trucks,4801,N,N,Y,Ford Motor Company,FMX,Lincoln,2,NAVIGATOR 4WD,116,2024,2,NAVIGATOR 4WD 35TPD4 S10MS4 Utility 122.5,122.5,67.5,67.4,57.3,57.3,0,33.50,33.50,0,233.4,233.4,0,13312,,13307
2024,Ford Motor Company,FMX,PV,Passenger Vehicles,4687,N,N,Y,Ford Motor Company,FMX,Ford,1,ESCAPE FWD,181,2024,1,ESCAPE FWD 15DMPC A8SSMF Sport Utility Vehicle 106.7,106.7,62.7,62.3,46.3,46.3,0,49.53,49.53,0,156.6,156.6,0,42478,,42478
2024,Ford Motor Company,FMX,PV,Passenger Vehicles,4687,N,N,Y,Ford Motor Company,FMX,Ford,1,ESCAPE FWD HEV,200,2024,1,ESCAPE FWD HEV 25HEV CVMF Sport Utility Vehicle 106.7,106.7,62.7,62.3,46.3,46.3,0,49.53,49.53,0,156.6,156.6,0,4296,,4296
2024,Ford Motor Company,FMX,PV,Passenger Vehicles,4687,N,N,Y,Ford Motor Company,FMX,Ford,1,ESCAPE FWD PHEV,201,2024,1,ESCAPE FWD PHEV 25PHEV CVMF Sport Utility Vehicle 106.7,106.7,62.7,62.3,46.3,46.3,0,49.53,49.53,0,156.6,156.6,0,6887,,6887
2024,Ford Motor Company,FMX,PV,Passenger Vehicles,4687,N,N,Y,Ford Motor Company,FMX,Ford,1,MUSTANG,15,2024,1,MUSTANG 2.3L L10MSR Convertible 107.0,107.0,62.7,65.6,47.7,47.7,0,48.17,48.17,0,161.3,161.3,0,9065,,9065
2024,Ford Motor Company,FMX,PV,Passenger Vehicles,4687,N,N,Y,Ford Motor Company,FMX,Ford,1,MUSTANG,15,2024,2,MUSTANG 2.3L L10MSR Coupe 107.0,107.0,62.7,65.6,47.7,47.7,0,48.17,48.17,0,161.3,161.3,0,19825,,19824
2024,Ford Motor Company,FMX,PV,Passenger Vehicles,4687,N,N,Y,Ford Motor Company,FMX,Ford,1,MUSTANG,15,2024,3,MUSTANG 5.0L M62-R Coupe 107.0,107.0,62.5,65.4,47.6,47.6,0,48.27,48.27,0,161.0,161.0,0,4145,,4140
2024,Ford Motor Company,FMX,PV,Passenger Vehicles,4687,N,N,Y,Ford Motor Company,FMX,Ford,1,MUSTANG,15,2024,4,MUSTANG 5.0L M62R Coupe 107.0,107.0,62.5,65.4,47.6,47.6,0,48.27,48.27,0,161.0,161.0,0,3570,,3570
2024,Ford Motor Company,FMX,PV,Passenger Vehicles,4687,N,N,Y,Ford Motor Company,FMX,Ford,1,MUSTANG,15,2024,5,MUSTANG 5.0L S10M-R Coupe 107.0,107.0,62.5,65.4,47.6,47.6,0,48.27,48.27,0,161.0,161.0,0,12513,,12510
2024,Ford Motor Company,FMX,PV,Passenger Vehicles,4687,N,N,Y,Ford Motor Company,FMX,Ford,1,MUSTANG,15,2024,6,MUSTANG 5.0L M62-R Convertible 107.0,107.0,62.5,65.4,47.6,47.6,0,48.27,48.27,0,161.0,161.0,0,471,,471
2024,Ford Motor Company,FMX,PV,Passenger Vehicles,4687,N,N,Y,Ford Motor Company,FMX,Ford,1,MUSTANG,15,2024,7,MUSTANG 5.0L M62R Convertible 107.0,107.0,62.5,65.4,47.6,47.6,0,48.27,48.27,0,161.0,161.0,0,280,,280
2024,Ford Motor Company,FMX,PV,Passenger Vehicles,4687,N,N,Y,Ford Motor Company,FMX,Ford,1,MUSTANG,15,2024,8,MUSTANG 5.0L S10M-R Convertible 107.0,107.0,62.5,65.4,47.6,47.6,0,48.27,48.27,0,161.0,161.0,0,2408,,2383
2024,Ford Motor Company,FMX,PV,Passenger Vehicles,4687,N,N,Y,Ford Motor Company,FMX,Ford,1,MUSTANG,15,2024,9,MUSTANG 5.0L S10MSR Convertible 107.0,107.0,62.5,65.4,47.6,47.6,0,48.27,48.27,0,161.0,161.0,0,1612,,1612
2024,Ford Motor Company,FMX,PV,Passenger Vehicles,4687,N,N,Y,Ford Motor Company,FMX,Ford,1,MUSTANG,15,2024,10,MUSTANG 5.0L S10MSR Coupe 107.0,107.0,62.5,65.4,47.6,47.6,0,48.27,48.27,0,161.0,161.0,0,9352,,9352
2024,Ford Motor Company,FMX,PV,Passenger Vehicles,4687,N,N,Y,Ford Motor Company,FMX,Ford,1,MUSTANG DARK HORSE,7,2024,1,MUSTANG DARK HORSE 5.0LDH M3160R Coupe 107.0,107.0,62.7,64.6,47.3,47.3,0,48.55,48.55,0,159.9,159.9,0,2160,,2160
2024,Ford Motor Company,FMX,PV,Passenger Vehicles,4687,N,N,Y,Ford Motor Company,FMX,Ford,1,MUSTANG DARK HORSE,7,2024,2,MUSTANG DARK HORSE 5.0LDH S10M-R Coupe 107.0,107.0,62.7,64.6,47.3,47.3,0,48.55,48.55,0,159.9,159.9,0,2715,,2715
2024,Ford Motor Company,FMX,PV,Passenger Vehicles,4687,N,N,Y,Ford Motor Company,FMX,Ford,1,MUSTANG MACH-E AWD,21,2024,1,MUSTANG MACH-E AWD LFPAWD BEVA Sport Utility Vehicle 117.4,117.4,63.8,64.1,52.2,52.2,0,44.29,44.29,0,176.6,176.6,0,2756,,2756
2024,Ford Motor Company,FMX,PV,Passenger Vehicles,4687,N,N,Y,Ford Motor Company,FMX,Ford,1,MUSTANG MACH-E AWD EXTENDED,22,2024,1,MUSTANG MACH-E AWD EXTENDED B4T15A BEVA Sport Utility Vehicle 117.4,117.4,63.8,64.1,52.2,52.2,0,44.29,44.29,0,176.6,176.6,0,17755,,17755
2024,Ford Motor Company,FMX,PV,Passenger Vehicles,4687,N,N,Y,Ford Motor Company,FMX,Ford,1,MUSTANG MACH-E GT,16,2024,1,MUSTANG MACH-E GT B4T15G BEVA Sport Utility Vehicle 117.4,117.4,63.9,64.1,52.2,52.2,0,44.29,44.29,0,176.6,176.6,0,4120,,4120
2024,Ford Motor Company,FMX,PV,Passenger Vehicles,4687,N,N,Y,Ford Motor Company,FMX,Ford,1,MUSTANG MACH-E RALLY,3,2024,1,MUSTANG MACH-E RALLY B4T15G BEVA Sport Utility Vehicle 117.4,117.4,63.9,64.1,52.2,52.2,0,44.29,44.29,0,176.6,176.6,0,640,,640
2024,Ford Motor Company,FMX,PV,Passenger Vehicles,4687,N,N,Y,Ford Motor Company,FMX,Ford,1,MUSTANG MACH-E RWD,20,2024,1,MUSTANG MACH-E RWD LFPRWD BEVR Sport Utility Vehicle 117.4,117.4,63.8,64.1,52.2,52.2,0,44.29,44.29,0,176.6,176.6,0,9958,,9958
2024,Ford Motor Company,FMX,PV,Passenger Vehicles,4687,N,N,Y,Ford Motor Company,FMX,Ford,1,MUSTANG MACH-E RWD EXTENDED,23,2024,1,MUSTANG MACH-E RWD EXTENDED B4T15R BEVR Sport Utility Vehicle 117.4,117.4,63.8,64.1,52.2,52.2,0,44.29,44.29,0,176.6,176.6,0,6092,,6092
2024,Ford Motor Company,FMX,PV,Passenger Vehicles,4687,N,N,Y,Ford Motor Company,FMX,Ford,1,MUSTANG PERFORMANCE PACK,6,2024,1,MUSTANG PERFORMANCE PACK 2.3LPP S10MSR Convertible 107.0,107.0,62.3,65.2,47.4,47.4,0,48.46,48.46,0,160.3,160.3,0,192,,192
2024,Ford Motor Company,FMX,PV,Passenger Vehicles,4687,N,N,Y,Ford Motor Company,FMX,Ford,1,MUSTANG PERFORMANCE PACK,6,2024,2,MUSTANG PERFORMANCE PACK 2.3LPP S10MSR Coupe 107.0,107.0,62.3,65.2,47.4,47.4,0,48.46,48.46,0,160.3,160.3,0,810,,810
2024,Ford Motor Company,FMX,PV,Passenger Vehicles,4687,N,N,Y,Ford Motor Company,FMX,Lincoln,2,CORSAIR AWD PHEV,144,2024,1,CORSAIR AWD PHEV 25PHEV CVMA 4 Door 106.7,106.7,62.9,64.2,47.1,47.1,0,48.74,48.74,0,159.3,159.3,0,4668,,4668
2024,Ford Motor Company,FMX,PV,Passenger Vehicles,4687,N,N,Y,Ford Motor Company,FMX,Lincoln,2,CORSAIR FWD,140,2024,1,CORSAIR FWD 2.0TDU S8SSMF 4 Door 106.5,106.5,62.9,64.0,46.9,46.9,0,48.94,48.94,0,158.6,158.6,0,8608,,8608
2024,General Motors LLC,GMX,LT,Light Trucks,4742,N,N,Y,General Motors LLC,GMX,Buick,1,ENCLAVE AWD,124,2024,1,"4NH56,Q3N,255/55R20,255/55R20",120.9,67.6,67.4,56.7,56.7,0,33.81,33.81,0,231.2,231.2,0,4514,,4514
2024,General Motors LLC,GMX,LT,Light Trucks,4742,N,N,Y,General Motors LLC,GMX,Buick,1,ENCLAVE AWD,124,2024,2,"4NH56,QO6,255/65R18,255/65R18",120.9,67.6,67.4,56.7,56.7,0,33.81,33.81,0,231.2,231.2,0,1650,,1650
2024,General Motors LLC,GMX,LT,Light Trucks,4742,N,N,Y,General Motors LLC,GMX,Buick,1,ENCLAVE AWD,124,2024,3,"4NJ56,Q3N,255/55R20,255/55R20",120.9,67.6,67.4,56.7,56.7,0,33.81,33.81,0,231.2,231.2,0,2421,,2421
2024,General Motors LLC,GMX,LT,Light Trucks,4742,N,N,Y,General Motors LLC,GMX,Buick,1,ENCLAVE AWD,124,2024,4,"4NJ56,QO6,255/65R18,255/65R18",120.9,67.6,67.4,56.7,56.7,0,33.81,33.81,0,231.2,231.2,0,3170,,3170
2024,General Motors LLC,GMX,LT,Light Trucks,4742,N,N,Y,General Motors LLC,GMX,Buick,1,ENCLAVE AWD,124,2024,5,"4NK56,Q3N,255/55R20,255/55R20",120.9,67.6,67.4,56.7,56.7,0,33.81,33.81,0,231.2,231.2,0,4445,,4445
2024,General Motors LLC,GMX,LT,Light Trucks,4742,N,N,Y,General Motors LLC,GMX,Buick,1,ENCLAVE FWD,123,2024,1,"4NB56,Q3N,255/55R20,255/55R20",120.9,67.6,67.4,56.7,56.7,0,33.81,33.81,0,231.2,231.2,0,4579,,4579
2024,General Motors LLC,GMX,LT,Light Trucks,4742,N,N,Y,General Motors LLC,GMX,Buick,1,ENCLAVE FWD,123,2024,2,"4NB56,QO6,255/65R18,255/65R18",120.9,67.6,67.4,56.7,56.7,0,33.81,33.81,0,231.2,231.2,0,2700,,2700
2024,General Motors LLC,GMX,LT,Light Trucks,4742,N,N,Y,General Motors LLC,GMX,Buick,1,ENCLAVE FWD,123,2024,3,"4NC56,Q3N,255/55R20,255/55R20",120.9,67.6,67.4,56.7,56.7,0,33.81,33.81,0,231.2,231.2,0,1603,,1603
2024,General Motors LLC,GMX,LT,Light Trucks,4742,N,N,Y,General Motors LLC,GMX,Buick,1,ENCLAVE FWD,123,2024,4,"4NC56,QO6,255/65R18,255/65R18",120.9,67.6,67.4,56.7,56.7,0,33.81,33.81,0,231.2,231.2,0,1395,,1395
2024,General Motors LLC,GMX,LT,Light Trucks,4742,N,N,Y,General Motors LLC,GMX,Buick,1,ENCLAVE FWD,123,2024,5,"4ND56,Q3N,255/55R20,255/55R20",120.9,67.6,67.4,56.7,56.7,0,33.81,33.81,0,231.2,231.2,0,2171,,2171
2024,General Motors LLC,GMX,LT,Light Trucks,4742,N,N,Y,General Motors LLC,GMX,Buick,1,ENCORE GX AWD,129,2024,1,"4TV26,QAI,225/55R18,225/55R18",102.2,61.0,61.8,43.6,43.6,0,42.27,42.27,0,181.8,181.8,0,8335,,8335
2024,General Motors LLC,GMX,LT,Light Trucks,4742,N,N,Y,General Motors LLC,GMX,Buick,1,ENCORE GX AWD,129,2024,2,"4TY26,QAI,225/55R18,225/55R18",102.2,61.0,61.8,43.6,43.6,0,42.27,42.27,0,181.8,181.8,0,10750,,10750
2024,General Motors LLC,GMX,LT,Light Trucks,4742,N,N,Y,General Motors LLC,GMX,Buick,1,ENCORE GX AWD,129,2024,3,"4TY26,RH3,245/45R19,245/45R19",102.2,61.0,61.8,43.6,43.6,0,42.27,42.27,0,181.8,181.8,0,1903,,1903
2024,General Motors LLC,GMX,LT,Light Trucks,4742,N,N,Y,General Motors LLC,GMX,Buick,1,ENCORE GX AWD,129,2024,4,"4TZ26,RH3,245/45R19,245/45R19",102.2,61.0,61.8,43.6,43.6,0,42.27,42.27,0,181.8,181.8,0,5600,,5600
2024,General Motors LLC,GMX,LT,Light Trucks,4742,N,N,Y,General Motors LLC,GMX,Buick,1,ENVISION AWD,131,2024,1,"4ZX26,XD7,235/60R18,235/60R18",108.3,62.0,62.2,46.7,46.7,0,39.91,39.91,0,193.5,193.5,0,12454,,12454
2024,General Motors LLC,GMX,LT,Light Trucks,4742,N,N,Y,General Motors LLC,GMX,Buick,1,ENVISION AWD,131,2024,2,"4ZY26,XD9,245/45R20,245/45R20",108.3,62.0,62.2,46.7,46.7,0,39.91,39.91,0,193.5,193.5,0,16474,,16474
2024,General Motors LLC,GMX,LT,Light Trucks,4742,N,N,Y,General Motors LLC,GMX,Cadillac,2,ESCALADE 2WD,516,2024,1,"6C17706,XCG,275/50R22,275/50R22",120.9,68.6,68.4,57.5,57.5,0,33.40,33.40,0,234.2,234.2,0,2849,,2849
2024,General Motors LLC,GMX,LT,Light Trucks,4742,N,N,Y,General Motors LLC,GMX,Cadillac,2,ESCALADE 2WD,516,2024,2,"6C17906,XCG,275/50R22,275/50R22",134.1,68.6,68.4,63.8,63.8,0,30.50,30.50,0,257.9,257.9,0,1633,,1633
2024,General Motors LLC,GMX,LT,Light Trucks,4742,N,N,Y,General Motors LLC,GMX,Cadillac,2,ESCALADE 4WD,511,2024,1,"6K17706,XCG,275/50R22,275/50R22",120.9,68.6,68.4,57.5,57.5,0,33.40,33.40,0,234.2,234.2,0,21703,,21703
2024,General Motors LLC,GMX,LT,Light Trucks,4742,N,N,Y,General Motors LLC,GMX,Cadillac,2,ESCALADE 4WD,511,2024,2,"6K17906,XCG,275/50R22,275/50R22",134.1,68.6,68.4,63.8,63.8,0,30.50,30.50,0,257.9,257.9,0,11917,,11917
2024,General Motors LLC,GMX,LT,Light Trucks,4742,N,N,Y,General Motors LLC,GMX,Cadillac,2,ESCALADE V AWD,578,2024,1,"6K17706+1SD,XCG,275/50R22,275/50R22",120.9,68.6,68.4,57.5,57.5,0,33.40,33.40,0,234.2,234.2,0,2005,,2005
2024,General Motors LLC,GMX,LT,Light Trucks,4742,N,N,Y,General Motors LLC,GMX,Cadillac,2,ESCALADE V AWD,578,2024,2,"6K17906+1SD,XCG,275/50R22,275/50R22",134.1,68.6,68.4,63.8,63.8,0,30.50,30.50,0,257.9,257.9,0,946,,946
2024,General Motors LLC,GMX,LT,Light Trucks,4742,N,N,Y,General Motors LLC,GMX,Cadillac,2,LYRIQ,579,2024,1,"6M226,QHM,265/50R20,265/50R20",121.8,66.1,66.3,56.0,56.0,0,34.17,34.17,0,228.5,228.5,0,2835,,2835
2024,General Motors LLC,GMX,LT,Light Trucks,4742,N,N,Y,General Motors LLC,GMX,Cadillac,2,LYRIQ,579,2024,2,"6M226,QHN,275/40R22,275/40R22",121.8,66.2,66.3,56.0,56.0,0,34.17,34.17,0,228.5,228.5,0,12,,12
2024,General Motors LLC,GMX,LT,Light Trucks,4742,N,N,Y,General Motors LLC,GMX,Cadillac,2,LYRIQ,579,2024,3,"6MB26,QHM,265/50R20,265/50R20",121.8,66.1,66.3,56.0,56.0,0,34.17,34.17,0,228.5,228.5,0,6203,,6203
2024,General Motors LLC,GMX,LT,Light Trucks,4742,N,N,Y,General Motors LLC,GMX,Cadillac,2,LYRIQ,579,2024,4,"6MB26,QHN,275/40R22,275/40R22",121.8,66.2,66.3,56.0,56.0,0,34.17,34.17,0,228.5,228.5,0,954,,954
2024,General Motors LLC,GMX,LT,Light Trucks,4742,N,N,Y,General Motors LLC,GMX,Cadillac,2,LYRIQ,579,2024,5,"6MC26,QHM,265/50R20,265/50R20",121.8,66.1,66.3,56.0,56.0,0,34.17,34.17,0,228.5,228.5,0,4269,,4269
2024,General Motors LLC,GMX,LT,Light Trucks,4742,N,N,Y,General Motors LLC,GMX,Cadillac,2,LYRIQ,579,2024,6,"6MC26,QHN,275/40R22,275/40R22",121.8,66.2,66.3,56.0,56.0,0,34.17,34.17,0,228.5,228.5,0,959,,959
2024,General Motors LLC,GMX,LT,Light Trucks,4742,N,N,Y,General Motors LLC,GMX,Cadillac,2,LYRIQ AWD,580,2024,1,"6M226+XFD,QHM,265/50R20,265/50R20",121.8,66.1,66.3,56.0,56.0,0,34.17,34.17,0,228.5,228.5,0,2408,,2408
2024,General Motors LLC,GMX,LT,Light Trucks,4742,N,N,Y,General Motors LLC,GMX,Cadillac,2,LYRIQ AWD,580,2024,2,"6M226+XFD,QHN,275/40R22,275/40R22",121.8,66.2,66.3,56.0,56.0,0,34.17,34.17,0,228.5,228.5,0,22,,22
2024,General Motors LLC,GMX,LT,Light Trucks,4742,N,N,Y,General Motors LLC,GMX,Cadillac,2,LYRIQ AWD,580,2024,3,"6MB26+XFD,QHM,265/50R20,265/50R20",121.8,66.1,66.3,56.0,56.0,0,34.17,34.17,0,228.5,228.5,0,8096,,8096
2024,General Motors LLC,GMX,LT,Light Trucks,4742,N,N,Y,General Motors LLC,GMX,Cadillac,2,LYRIQ AWD,580,2024,4,"6MB26+XFD,QHN,275/40R22,275/40R22",121.8,66.2,66.3,56.0,56.0,0,34.17,34.17,0,228.5,228.5,0,3142,,3142
2024,General Motors LLC,GMX,LT,Light Trucks,4742,N,N,Y,General Motors LLC,GMX,Cadillac,2,LYRIQ AWD,580,2024,5,"6MC26+XFD,QHM,265/50R20,265/50R20",121.8,66.1,66.3,56.0,56.0,0,34.17,34.17,0,228.5,228.5,0,6188,,6188
2024,General Motors LLC,GMX,LT,Light Trucks,4742,N,N,Y,General Motors LLC,GMX,Cadillac,2,LYRIQ AWD,580,2024,6,"6MC26+XFD,QHN,275/40R22,275/40R22",121.8,66.2,66.3,56.0,56.0,0,34.17,34.17,0,228.5,228.5,0,2949,,2949
2024,General Motors LLC,GMX,LT,Light Trucks,4742,N,N,Y,General Motors LLC,GMX,Cadillac,2,XT4 AWD,565,2024,1,"6ZB26+F48,XD7,235/60R18,235/60R18",109.4,63.4,63.4,48.2,48.2,0,38.86,38.86,0,199.1,199.1,0,2572,,2572
2024,General Motors LLC,GMX,LT,Light Trucks,4742,N,N,Y,General Motors LLC,GMX,Cadillac,2,XT4 AWD,565,2024,2,"6ZC26+F48,XD7,235/60R18,235/60R18",109.4,63.4,63.4,48.2,48.2,0,38.86,38.86,0,199.1,199.1,0,4199,,4199
2024,General Motors LLC,GMX,LT,Light Trucks,4742,N,N,Y,General Motors LLC,GMX,Cadillac,2,XT4 AWD,565,2024,3,"6ZC26+F48,XD9,245/45R20,245/45R20",109.4,63.4,63.4,48.2,48.2,0,38.86,38.86,0,199.1,199.1,0,2143,,2143
2024,General Motors LLC,GMX,LT,Light Trucks,4742,N,N,Y,General Motors LLC,GMX,Cadillac,2,XT4 AWD,565,2024,4,"6ZE26+F48,XD7,235/60R18,235/60R18",109.4,63.4,63.4,48.2,48.2,0,38.86,38.86,0,199.1,199.1,0,1141,,1141
2024,General Motors LLC,GMX,LT,Light Trucks,4742,N,N,Y,General Motors LLC,GMX,Cadillac,2,XT4 AWD,565,2024,5,"6ZE26+F48,XD9,245/45R20,245/45R20",109.4,63.4,63.4,48.2,48.2,0,38.86,38.86,0,199.1,199.1,0,2408,,2408
2024,General Motors LLC,GMX,LT,Light Trucks,4742,N,N,Y,General Motors LLC,GMX,Cadillac,2,XT5 AWD,562,2024,1,"6NF26+F48,QMV,235/65R18,235/65R18",112.5,64.7,64.7,50.5,50.5,0,37.35,37.35,0,207.8,207.8,0,1215,,1215
2024,General Motors LLC,GMX,LT,Light Trucks,4742,N,N,Y,General Motors LLC,GMX,Cadillac,2,XT5 AWD,562,2024,2,"6NF26+F48,QNU,235/55R20,235/55R20",112.5,64.7,64.7,50.5,50.5,0,37.35,37.35,0,207.8,207.8,0,73,,73
2024,General Motors LLC,GMX,LT,Light Trucks,4742,N,N,Y,General Motors LLC,GMX,Cadillac,2,XT5 AWD,562,2024,3,"6NH26+F48,QNU,235/55R20,235/55R20",112.5,64.7,64.7,50.5,50.5,0,37.35,37.35,0,207.8,207.8,0,13973,,13973
2024,General Motors LLC,GMX,LT,Light Trucks,4742,N,N,Y,General Motors LLC,GMX,Cadillac,2,XT5 AWD,562,2024,4,"6NJ26,QNU,235/55R20,235/55R20",112.5,64.7,64.7,50.5,50.5,0,37.35,37.35,0,207.8,207.8,0,3020,,3020
2024,General Motors LLC,GMX,LT,Light Trucks,4742,N,N,Y,General Motors LLC,GMX,Cadillac,2,XT5 FWD,561,2024,1,"6NF26,QMV,235/65R18,235/65R18",112.5,64.7,64.7,50.5,50.5,0,37.35,37.35,0,207.8,207.8,0,2462,,2462
2024,General Motors LLC,GMX,LT,Light Trucks,4742,N,N,Y,General Motors LLC,GMX,Cadillac,2,XT5 FWD,561,2024,2,"6NF26,QNU,235/55R20,235/55R20",112.5,64.7,64.7,50.5,50.5,0,37.35,37.35,0,207.8,207.8,0,51,,51
2024,General Motors LLC,GMX,LT,Light Trucks,4742,N,N,Y,General Motors LLC,GMX,Cadillac,2,XT5 FWD,561,2024,3,"6NH26,QNU,235/55R20,235/55R20",112.5,64.7,64.7,50.5,50.5,0,37.35,37.35,0,207.8,207.8,0,9307,,9307
2024,General Motors LLC,GMX,LT,Light Trucks,4742,N,N,Y,General Motors LLC,GMX,Cadillac,2,XT5 HEARSE AWD,576,2024,1,"6NF26+A9Q,QMV,235/65R18,235/65R18",149.5,64.7,64.7,67.2,67.2,0,29.13,29.13,0,270.7,270.7,0,83,,83
2024,General Motors LLC,GMX,LT,Light Trucks,4742,N,N,Y,General Motors LLC,GMX,Cadillac,2,XT5 HEARSE FWD,546,2024,1,"6NF26+B9Q,QMV,235/65R18,235/65R18",149.5,64.7,64.7,67.2,67.2,0,29.13,29.13,0,270.7,270.7,0,437,,437
2024,General Motors LLC,GMX,LT,Light Trucks,4742,N,N,Y,General Motors LLC,GMX,Cadillac,2,XT5 LIMO AWD,577,2024,1,"6NF26+A4U,QMV,235/65R18,235/65R18",157.5,64.7,64.7,70.8,70.8,0,27.82,27.82,0,284.3,284.3,0,16,,16
2024,General Motors LLC,GMX,LT,Light Trucks,4742,N,N,Y,General Motors LLC,GMX,Cadillac,2,XT5 LIMO FWD,547,2024,1,"6NF26+V4U,QMV,235/65R18,235/65R18",157.5,64.7,64.7,70.8,70.8,0,27.82,27.82,0,284.3,284.3,0,224,,224
2024,General Motors LLC,GMX,LT,Light Trucks,4742,N,N,Y,General Motors LLC,GMX,Cadillac,2,XT6 AWD,567,2024,1,"6NV26+F48,QMV,235/65R18,235/65R18",112.7,66.3,66.2,51.8,51.8,0,36.54,36.54,0,212.7,212.7,0,1588,,1588
2024,General Motors LLC,GMX,LT,Light Trucks,4742,N,N,Y,General Motors LLC,GMX,Cadillac,2,XT6 AWD,567,2024,2,"6NV26+F48,QNU,235/55R20,235/55R20",112.7,66.3,66.2,51.8,51.8,0,36.54,36.54,0,212.7,212.7,0,155,,155
2024,General Motors LLC,GMX,LT,Light Trucks,4742,N,N,Y,General Motors LLC,GMX,Cadillac,2,XT6 AWD,567,2024,3,"6NW26+F48,QNU,235/55R20,235/55R20",112.7,66.3,66.2,51.8,51.8,0,36.54,36.54,0,212.7,212.7,0,8689,,8689
2024,General Motors LLC,GMX,LT,Light Trucks,4742,N,N,Y,General Motors LLC,GMX,Cadillac,2,XT6 AWD,567,2024,4,"6NW26+F48,R0V,265/45R21,265/45R21",112.7,66.0,65.9,51.7,51.7,0,36.61,36.61,0,212.3,212.3,0,25,,25
2024,General Motors LLC,GMX,LT,Light Trucks,4742,N,N,Y,General Motors LLC,GMX,Cadillac,2,XT6 AWD,567,2024,5,"6NX26,QNU,235/55R20,235/55R20",112.7,66.3,66.2,51.8,51.8,0,36.54,36.54,0,212.7,212.7,0,3624,,3624
2024,General Motors LLC,GMX,LT,Light Trucks,4742,N,N,Y,General Motors LLC,GMX,Cadillac,2,XT6 AWD,567,2024,6,"6NX26,R0V,265/45R21,265/45R21",112.7,66.0,65.9,51.7,51.7,0,36.61,36.61,0,212.3,212.3,0,1325,,1325
2024,General Motors LLC,GMX,LT,Light Trucks,4742,N,N,Y,General Motors LLC,GMX,Cadillac,2,XT6 FWD,566,2024,1,"6NV26,QMV,235/65R18,235/65R18",112.7,66.3,66.2,51.8,51.8,0,36.54,36.54,0,212.7,212.7,0,1934,,1934
2024,General Motors LLC,GMX,LT,Light Trucks,4742,N,N,Y,General Motors LLC,GMX,Cadillac,2,XT6 FWD,566,2024,2,"6NV26,QNU,235/55R20,235/55R20",112.7,66.3,66.2,51.8,51.8,0,36.54,36.54,0,212.7,212.7,0,109,,109
2024,General Motors LLC,GMX,LT,Light Trucks,4742,N,N,Y,General Motors LLC,GMX,Cadillac,2,XT6 FWD,566,2024,3,"6NW26,QNU,235/55R20,235/55R20",112.7,66.3,66.2,51.8,51.8,0,36.54,36.54,0,212.7,212.7,0,6079,,6079
2024,General Motors LLC,GMX,LT,Light Trucks,4742,N,N,Y,General Motors LLC,GMX,Cadillac,2,XT6 FWD,566,2024,4,"6NW26,R0V,265/45R21,265/45R21",112.7,66.0,65.9,51.7,51.7,0,36.61,36.61,0,212.3,212.3,0,2,,2
2024,General Motors LLC,GMX,LT,Light Trucks,4742,N,N,Y,General Motors LLC,GMX,Chevrolet,3,BLAZER AWD,989,2024,1,"1NR26,QMX,235/65R18,235/65R18",112.7,66.4,66.3,52.0,52.0,0,36.42,36.42,0,213.4,213.4,0,10823,,10823
2024,General Motors LLC,GMX,LT,Light Trucks,4742,N,N,Y,General Motors LLC,GMX,Chevrolet,3,BLAZER AWD,989,2024,2,"1NR26,QNU,235/55R20,235/55R20",112.7,66.4,66.3,52.0,52.0,0,36.42,36.42,0,213.4,213.4,0,3747,,3747
2024,General Motors LLC,GMX,LT,Light Trucks,4742,N,N,Y,General Motors LLC,GMX,Chevrolet,3,BLAZER AWD,989,2024,3,"1NS26,QNU,235/55R20,235/55R20",112.7,66.4,66.3,52.0,52.0,0,36.42,36.42,0,213.4,213.4,0,6280,,6280
2024,General Motors LLC,GMX,LT,Light Trucks,4742,N,N,Y,General Motors LLC,GMX,Chevrolet,3,BLAZER AWD,989,2024,4,"1NS26,R0V,265/45R21,265/45R21",112.7,66.0,65.9,51.7,51.7,0,36.61,36.61,0,212.3,212.3,0,3660,,3660
2024,General Motors LLC,GMX,LT,Light Trucks,4742,N,N,Y,General Motors LLC,GMX,Chevrolet,3,BLAZER AWD,989,2024,5,"1NT26,QNU,235/55R20,235/55R20",112.7,66.4,66.3,52.0,52.0,0,36.42,36.42,0,213.4,213.4,0,1696,,1696
2024,General Motors LLC,GMX,LT,Light Trucks,4742,N,N,Y,General Motors LLC,GMX,Chevrolet,3,BLAZER AWD,989,2024,6,"1NT26,R0V,265/45R21,265/45R21",112.7,66.0,65.9,51.7,51.7,0,36.61,36.61,0,212.3,212.3,0,412,,412
2024,General Motors LLC,GMX,LT,Light Trucks,4742,N,N,Y,General Motors LLC,GMX,Chevrolet,3,BLAZER EV AWD,501,2024,1,"1MC26+XRD,QBX,255/60R19,255/60R19",121.8,66.4,66.5,56.2,56.2,0,34.07,34.07,0,229.3,229.3,0,14080,,14080
2024,General Motors LLC,GMX,LT,Light Trucks,4742,N,N,Y,General Motors LLC,GMX,Chevrolet,3,BLAZER EV AWD,501,2024,2,"1MC26+XRD,QTC,275/45R21,275/45R21",121.8,66.1,66.3,56.0,56.0,0,34.17,34.17,0,228.5,228.5,0,20,,20
2024,General Motors LLC,GMX,LT,Light Trucks,4742,N,N,Y,General Motors LLC,GMX,Chevrolet,3,BLAZER EV AWD,501,2024,3,"1MD26+XRD,QTC,275/45R21,275/45R21",121.8,66.1,66.3,56.0,56.0,0,34.17,34.17,0,228.5,228.5,0,13210,,13210
2024,General Motors LLC,GMX,LT,Light Trucks,4742,N,N,Y,General Motors LLC,GMX,Chevrolet,3,BLAZER EV RWD,950,2024,1,"1MD26+RWL,QTC,275/45R21,275/45R21",121.8,66.1,66.3,56.0,56.0,0,34.17,34.17,0,228.5,228.5,0,1974,,1974
2024,General Motors LLC,GMX,LT,Light Trucks,4742,N,N,Y,General Motors LLC,GMX,Chevrolet,3,BLAZER FWD,988,2024,1,"1NK26,QMX,235/65R18,235/65R18",112.7,66.4,66.3,52.0,52.0,0,36.42,36.42,0,213.4,213.4,0,17765,,17765
2024,General Motors LLC,GMX,LT,Light Trucks,4742,N,N,Y,General Motors LLC,GMX,Chevrolet,3,BLAZER FWD,988,2024,2,"1NK26,QNU,235/55R20,235/55R20",112.7,66.4,66.3,52.0,52.0,0,36.42,36.42,0,213.4,213.4,0,4992,,4992
2024,General Motors LLC,GMX,LT,Light Trucks,4742,N,N,Y,General Motors LLC,GMX,Chevrolet,3,BLAZER FWD,988,2024,3,"1NL26,QNU,235/55R20,235/55R20",112.7,66.4,66.3,52.0,52.0,0,36.42,36.42,0,213.4,213.4,0,4606,,4606
2024,General Motors LLC,GMX,LT,Light Trucks,4742,N,N,Y,General Motors LLC,GMX,Chevrolet,3,BLAZER FWD,988,2024,4,"1NL26,R0V,265/45R21,265/45R21",112.7,66.0,65.9,51.7,51.7,0,36.61,36.61,0,212.3,212.3,0,2648,,2648
2024,General Motors LLC,GMX,LT,Light Trucks,4742,N,N,Y,General Motors LLC,GMX,Chevrolet,3,BLAZER FWD,988,2024,5,"1NM26,QNU,235/55R20,235/55R20",112.7,66.4,66.3,52.0,52.0,0,36.42,36.42,0,213.4,213.4,0,928,,928
2024,General Motors LLC,GMX,LT,Light Trucks,4742,N,N,Y,General Motors LLC,GMX,Chevrolet,3,BLAZER FWD,988,2024,6,"1NM26,R0V,265/45R21,265/45R21",112.7,66.0,65.9,51.7,51.7,0,36.61,36.61,0,212.3,212.3,0,181,,181
2024,General Motors LLC,GMX,LT,Light Trucks,4742,N,N,Y,General Motors LLC,GMX,Chevrolet,3,COLORADO 2WD,964,2024,1,"14C43,QHR,255/65R17,255/65R17",131.4,62.8,62.8,57.3,57.3,0,33.50,33.50,0,233.4,233.4,0,15558,,15558
2024,General Motors LLC,GMX,LT,Light Trucks,4742,N,N,Y,General Motors LLC,GMX,Chevrolet,3,COLORADO 2WD,964,2024,2,"14F43,QHR,255/65R17,255/65R17",131.4,62.8,62.8,57.3,57.3,0,33.50,33.50,0,233.4,233.4,0,10841,,10841
2024,General Motors LLC,GMX,LT,Light Trucks,4742,N,N,Y,General Motors LLC,GMX,Chevrolet,3,COLORADO 2WD,964,2024,3,"14F43,QIA,265/60R18,265/60R18",131.4,62.6,62.6,57.1,57.1,0,33.60,33.60,0,232.7,232.7,0,1633,,1633
2024,General Motors LLC,GMX,LT,Light Trucks,4742,N,N,Y,General Motors LLC,GMX,Chevrolet,3,COLORADO 4WD,965,2024,1,"14C43+F46,QHR,255/65R17,255/65R17",131.4,62.8,62.8,57.3,57.3,0,33.50,33.50,0,233.4,233.4,0,7637,,7637
2024,General Motors LLC,GMX,LT,Light Trucks,4742,N,N,Y,General Motors LLC,GMX,Chevrolet,3,COLORADO 4WD,965,2024,2,"14E43+F46,Q2P,265/65R18,265/65R18",131.4,66.2,66.1,60.4,60.4,0,32.00,32.00,0,245.1,245.1,0,13089,,13089
2024,General Motors LLC,GMX,LT,Light Trucks,4742,N,N,Y,General Motors LLC,GMX,Chevrolet,3,COLORADO 4WD,965,2024,3,"14E43+F46,QAE,275/60R20,275/60R20",131.4,66.0,65.9,60.2,60.2,0,32.09,32.09,0,244.4,244.4,0,8714,,8714
2024,General Motors LLC,GMX,LT,Light Trucks,4742,N,N,Y,General Motors LLC,GMX,Chevrolet,3,COLORADO 4WD,965,2024,4,"14F43+F46,QHR,255/65R17,255/65R17",131.4,62.8,62.8,57.3,57.3,0,33.50,33.50,0,233.4,233.4,0,9965,,9965
2024,General Motors LLC,GMX,LT,Light Trucks,4742,N,N,Y,General Motors LLC,GMX,Chevrolet,3,COLORADO 4WD,965,2024,5,"14F43+F46,QIA,265/60R18,265/60R18",131.4,62.6,62.6,57.1,57.1,0,33.60,33.60,0,232.7,232.7,0,1889,,1889
2024,General Motors LLC,GMX,LT,Light Trucks,4742,N,N,Y,General Motors LLC,GMX,Chevrolet,3,COLORADO 4WD,965,2024,6,"14G43+F46,Q2P,265/65R18,265/65R18",131.4,62.6,62.6,57.1,57.1,0,33.60,33.60,0,232.7,232.7,0,13060,,13060
2024,General Motors LLC,GMX,LT,Light Trucks,4742,N,N,Y,General Motors LLC,GMX,Chevrolet,3,COLORADO 4WD,965,2024,7,"14G43+F46,QXP,255/55R20,255/55R20",131.4,62.5,62.4,56.9,56.9,0,33.71,33.71,0,231.9,231.9,0,7653,,7653
2024,General Motors LLC,GMX,LT,Light Trucks,4742,N,N,Y,General Motors LLC,GMX,Chevrolet,3,COLORADO 4WD MUD TERRAIN TIRES,20,2024,1,"14E43+R3O,R3O,LT275/65R18,LT275/65R18",131.4,66.2,66.1,60.4,60.4,0,32.00,32.00,0,245.1,245.1,0,2110,,2110
2024,General Motors LLC,GMX,LT,Light Trucks,4742,N,N,Y,General Motors LLC,GMX,Chevrolet,3,COLORADO ZR2 4WD,985,2024,1,"14H43+ZR2,QAF,LT285/70R17,LT285/70R17",131.4,66.4,66.3,60.6,60.6,0,31.91,31.91,0,245.9,245.9,0,12314,,12314
2024,General Motors LLC,GMX,LT,Light Trucks,4742,N,N,Y,General Motors LLC,GMX,Chevrolet,3,COLORADO ZR2 BISON 4WD,992,2024,1,"14H43+ULV,QTE,LT315/70R17,LT315/70R17",131.4,67.3,67.2,61.3,61.3,0,31.59,31.59,0,248.5,248.5,0,1846,,1846
2024,General Motors LLC,GMX,LT,Light Trucks,4742,N,N,Y,General Motors LLC,GMX,Chevrolet,3,EQUINOX AWD,982,2024,1,"1XX26,5CY,225/65R17,225/65R17",107.3,62.2,62.4,46.4,46.4,0,40.12,40.12,0,192.3,192.3,0,15090,,15090
2024,General Motors LLC,GMX,LT,Light Trucks,4742,N,N,Y,General Motors LLC,GMX,Chevrolet,3,EQUINOX AWD,982,2024,2,"1XX26,RUB,225/60R18,225/60R18",107.3,62.0,62.3,46.3,46.3,0,40.20,40.20,0,192.0,192.0,0,3472,,3472
2024,General Motors LLC,GMX,LT,Light Trucks,4742,N,N,Y,General Motors LLC,GMX,Chevrolet,3,EQUINOX AWD,982,2024,3,"1XY26,5CY,225/65R17,225/65R17",107.3,62.2,62.4,46.4,46.4,0,40.12,40.12,0,192.3,192.3,0,53919,,53919
2024,General Motors LLC,GMX,LT,Light Trucks,4742,N,N,Y,General Motors LLC,GMX,Chevrolet,3,EQUINOX AWD,982,2024,4,"1XY26,RR0,235/50R19,235/50R19",107.3,61.8,62.0,46.1,46.1,0,40.34,40.34,0,191.2,191.2,0,20019,,20019
2024,General Motors LLC,GMX,LT,Light Trucks,4742,N,N,Y,General Motors LLC,GMX,Chevrolet,3,EQUINOX AWD,982,2024,5,"1XY26,RUB,225/60R18,225/60R18",107.3,62.0,62.3,46.3,46.3,0,40.20,40.20,0,192.0,192.0,0,6107,,6107
2024,General Motors LLC,GMX,LT,Light Trucks,4742,N,N,Y,General Motors LLC,GMX,Chevrolet,3,EQUINOX AWD,982,2024,6,"1XZ26,RR0,235/50R19,235/50R19",107.3,61.8,62.0,46.1,46.1,0,40.34,40.34,0,191.2,191.2,0,3462,,3462
2024,General Motors LLC,GMX,LT,Light Trucks,4742,N,N,Y,General Motors LLC,GMX,Chevrolet,3,EQUINOX AWD,982,2024,7,"1XZ26,RUB,225/60R18,225/60R18",107.3,62.0,62.3,46.3,46.3,0,40.20,40.20,0,192.0,192.0,0,7168,,7168
2024,General Motors LLC,GMX,LT,Light Trucks,4742,N,N,Y,General Motors LLC,GMX,Chevrolet,3,EQUINOX EV AWD,984,2024,1,"1MB48+XRD,QLU,245/55R19,245/55R19",116.3,63.8,63.8,51.5,51.5,0,36.73,36.73,0,211.6,211.6,0,3398,,3398
2024,General Motors LLC,GMX,LT,Light Trucks,4742,N,N,Y,General Motors LLC,GMX,Chevrolet,3,EQUINOX EV AWD,984,2024,2,"1MC48+XRD,QLT,275/40R21,275/40R21",116.3,63.6,63.6,51.4,51.4,0,36.79,36.79,0,211.2,211.2,0,351,,351
2024,General Motors LLC,GMX,LT,Light Trucks,4742,N,N,Y,General Motors LLC,GMX,Chevrolet,3,EQUINOX EV AWD,984,2024,3,"1MM48+XRD,QLT,275/40R21,275/40R21",116.3,63.6,63.6,51.4,51.4,0,36.79,36.79,0,211.2,211.2,0,2179,,2179
2024,General Motors LLC,GMX,LT,Light Trucks,4742,N,N,Y,General Motors LLC,GMX,Chevrolet,3,EQUINOX EV AWD,984,2024,4,"1MN48+XRD,QLT,275/40R21,275/40R21",116.3,63.6,63.6,51.4,51.4,0,36.79,36.79,0,211.2,211.2,0,594,,594
2024,General Motors LLC,GMX,LT,Light Trucks,4742,N,N,Y,General Motors LLC,GMX,Chevrolet,3,SILVERADO 2WD,986,2024,1,"CC10543,QAB,275/60R20,275/60R20",147.4,68.6,68.0,69.9,69.9,0,28.13,28.13,0,280.9,280.9,0,33999,,33999
2024,General Motors LLC,GMX,LT,Light Trucks,4742,N,N,Y,General Motors LLC,GMX,Chevrolet,3,SILVERADO 2WD,986,2024,2,"CC10543,QAE,275/60R20,275/60R20",147.4,68.6,68.0,69.9,69.9,0,28.13,28.13,0,280.9,280.9,0,6158,,6158
2024,General Motors LLC,GMX,LT,Light Trucks,4742,N,N,Y,General Motors LLC,GMX,Chevrolet,3,SILVERADO 2WD,986,2024,3,"CC10543,QBN,255/70R17,255/70R17",147.4,68.9,68.3,70.2,70.2,0,28.03,28.03,0,282.1,282.1,0,6327,,6327
2024,General Motors LLC,GMX,LT,Light Trucks,4742,N,N,Y,General Motors LLC,GMX,Chevrolet,3,SILVERADO 2WD,986,2024,4,"CC10543,QDF,265/65R18,265/65R18",147.4,68.7,68.2,70.0,70.0,0,28.10,28.10,0,281.3,281.3,0,2814,,2814
2024,General Motors LLC,GMX,LT,Light Trucks,4742,N,N,Y,General Motors LLC,GMX,Chevrolet,3,SILVERADO 2WD,986,2024,5,"CC10543,QDS,265/65R18,265/65R18",147.4,68.7,68.2,70.0,70.0,0,28.10,28.10,0,281.3,281.3,0,4,,4
2024,General Motors LLC,GMX,LT,Light Trucks,4742,N,N,Y,General Motors LLC,GMX,Chevrolet,3,SILVERADO 2WD,986,2024,6,"CC10543,QDS,XCK,265/65R18,265/65R18",147.4,68.7,68.2,70.0,70.0,0,28.10,28.10,0,281.3,281.3,0,302,,302
2024,General Motors LLC,GMX,LT,Light Trucks,4742,N,N,Y,General Motors LLC,GMX,Chevrolet,3,SILVERADO 2WD,986,2024,7,"CC10543,QDV,265/70R17,265/70R17",147.4,68.9,68.3,70.2,70.2,0,28.03,28.03,0,282.1,282.1,0,276,,276
2024,General Motors LLC,GMX,LT,Light Trucks,4742,N,N,Y,General Motors LLC,GMX,Chevrolet,3,SILVERADO 2WD,986,2024,8,"CC10543,RC5,LT265/70R17,LT265/70R17",147.4,68.9,68.3,70.2,70.2,0,28.03,28.03,0,282.1,282.1,0,101,,101
2024,General Motors LLC,GMX,LT,Light Trucks,4742,N,N,Y,General Motors LLC,GMX,Chevrolet,3,SILVERADO 2WD,986,2024,9,"CC10543,XCE,275/50R22,275/50R22",147.4,68.6,68.0,69.9,69.9,0,28.13,28.13,0,280.9,280.9,0,926,,926
2024,General Motors LLC,GMX,LT,Light Trucks,4742,N,N,Y,General Motors LLC,GMX,Chevrolet,3,SILVERADO 2WD,986,2024,10,"CC10703,QBN,255/70R17,255/70R17",126.5,68.9,68.3,60.3,60.3,0,32.05,32.05,0,244.7,244.7,0,1187,,1187
2024,General Motors LLC,GMX,LT,Light Trucks,4742,N,N,Y,General Motors LLC,GMX,Chevrolet,3,SILVERADO 2WD,986,2024,11,"CC10703,QDV,265/70R17,265/70R17",126.5,68.9,68.3,60.3,60.3,0,32.05,32.05,0,244.7,244.7,0,165,,165
2024,General Motors LLC,GMX,LT,Light Trucks,4742,N,N,Y,General Motors LLC,GMX,Chevrolet,3,SILVERADO 2WD,986,2024,12,"CC10703,RC5,LT265/70R17,LT265/70R17",126.5,68.9,68.3,60.3,60.3,0,32.05,32.05,0,244.7,244.7,0,26,,26
2024,General Motors LLC,GMX,LT,Light Trucks,4742,N,N,Y,General Motors LLC,GMX,Chevrolet,3,SILVERADO 2WD,986,2024,13,"CC10743,QAB,275/60R20,275/60R20",157.0,68.6,68.0,74.5,74.5,0,26.74,26.74,0,296.5,296.5,0,208,,208
2024,General Motors LLC,GMX,LT,Light Trucks,4742,N,N,Y,General Motors LLC,GMX,Chevrolet,3,SILVERADO 2WD,986,2024,14,"CC10743,QAE,275/60R20,275/60R20",157.0,68.6,68.0,74.5,74.5,0,26.74,26.74,0,296.5,296.5,0,37,,37
2024,General Motors LLC,GMX,LT,Light Trucks,4742,N,N,Y,General Motors LLC,GMX,Chevrolet,3,SILVERADO 2WD,986,2024,15,"CC10743,QBN,255/70R17,255/70R17",157.0,68.9,68.3,74.8,74.8,0,26.74,26.74,0,296.5,296.5,0,3024,,3024
2024,General Motors LLC,GMX,LT,Light Trucks,4742,N,N,Y,General Motors LLC,GMX,Chevrolet,3,SILVERADO 2WD,986,2024,16,"CC10743,QDF,265/65R18,265/65R18",157.0,68.7,68.2,74.6,74.6,0,26.74,26.74,0,296.5,296.5,0,84,,84
2024,General Motors LLC,GMX,LT,Light Trucks,4742,N,N,Y,General Motors LLC,GMX,Chevrolet,3,SILVERADO 2WD,986,2024,17,"CC10743,QDS,XCK,265/65R18,265/65R18",157.0,68.7,68.2,74.6,74.6,0,26.74,26.74,0,296.5,296.5,0,29,,29
2024,General Motors LLC,GMX,LT,Light Trucks,4742,N,N,Y,General Motors LLC,GMX,Chevrolet,3,SILVERADO 2WD,986,2024,18,"CC10743,QDV,265/70R17,265/70R17",157.0,68.9,68.3,74.8,74.8,0,26.74,26.74,0,296.5,296.5,0,313,,313
2024,General Motors LLC,GMX,LT,Light Trucks,4742,N,N,Y,General Motors LLC,GMX,Chevrolet,3,SILVERADO 2WD,986,2024,19,"CC10743,RC5,LT265/70R17,LT265/70R17",157.0,68.9,68.3,74.8,74.8,0,26.74,26.74,0,296.5,296.5,0,49,,49
2024,General Motors LLC,GMX,LT,Light Trucks,4742,N,N,Y,General Motors LLC,GMX,Chevrolet,3,SILVERADO 2WD,986,2024,20,"CC10743,XCE,275/50R22,275/50R22",157.0,68.6,68.0,74.5,74.5,0,26.74,26.74,0,296.5,296.5,0,42,,42
2024,General Motors LLC,GMX,LT,Light Trucks,4742,N,N,Y,General Motors LLC,GMX,Chevrolet,3,SILVERADO 2WD,986,2024,21,"CC10743,XCK,265/65R18,265/65R18",157.0,68.7,68.2,74.6,74.6,0,26.74,26.74,0,296.5,296.5,0,1,,1
2024,General Motors LLC,GMX,LT,Light Trucks,4742,N,N,Y,General Motors LLC,GMX,Chevrolet,3,SILVERADO 2WD,986,2024,22,"CC10753,QAB,275/60R20,275/60R20",147.4,68.6,68.0,69.9,69.9,0,28.13,28.13,0,280.9,280.9,0,2438,,2438
2024,General Motors LLC,GMX,LT,Light Trucks,4742,N,N,Y,General Motors LLC,GMX,Chevrolet,3,SILVERADO 2WD,986,2024,23,"CC10753,QAE,275/60R20,275/60R20",147.4,68.6,68.0,69.9,69.9,0,28.13,28.13,0,280.9,280.9,0,391,,391
2024,General Motors LLC,GMX,LT,Light Trucks,4742,N,N,Y,General Motors LLC,GMX,Chevrolet,3,SILVERADO 2WD,986,2024,24,"CC10753,QBN,255/70R17,255/70R17",147.4,68.9,68.3,70.2,70.2,0,28.03,28.03,0,282.1,282.1,0,3723,,3723
2024,General Motors LLC,GMX,LT,Light Trucks,4742,N,N,Y,General Motors LLC,GMX,Chevrolet,3,SILVERADO 2WD,986,2024,25,"CC10753,QDF,265/65R18,265/65R18",147.4,68.7,68.2,70.0,70.0,0,28.10,28.10,0,281.3,281.3,0,103,,103
2024,General Motors LLC,GMX,LT,Light Trucks,4742,N,N,Y,General Motors LLC,GMX,Chevrolet,3,SILVERADO 2WD,986,2024,26,"CC10753,QDS,265/65R18,265/65R18",147.4,68.7,68.2,70.0,70.0,0,28.10,28.10,0,281.3,281.3,0,3,,3
2024,General Motors LLC,GMX,LT,Light Trucks,4742,N,N,Y,General Motors LLC,GMX,Chevrolet,3,SILVERADO 2WD,986,2024,27,"CC10753,QDS,XCK,265/65R18,265/65R18",147.4,68.7,68.2,70.0,70.0,0,28.10,28.10,0,281.3,281.3,0,6,,6
2024,General Motors LLC,GMX,LT,Light Trucks,4742,N,N,Y,General Motors LLC,GMX,Chevrolet,3,SILVERADO 2WD,986,2024,28,"CC10753,QDV,265/70R17,265/70R17",147.4,68.9,68.3,70.2,70.2,0,28.03,28.03,0,282.1,282.1,0,343,,343
2024,General Motors LLC,GMX,LT,Light Trucks,4742,N,N,Y,General Motors LLC,GMX,Chevrolet,3,SILVERADO 2WD,986,2024,29,"CC10753,RC5,LT265/70R17,LT265/70R17",147.4,68.9,68.3,70.2,70.2,0,28.03,28.03,0,282.1,282.1,0,137,,137
2024,General Motors LLC,GMX,LT,Light Trucks,4742,N,N,Y,General Motors LLC,GMX,Chevrolet,3,SILVERADO 2WD,986,2024,30,"CC10753,XCE,275/50R22,275/50R22",147.4,68.6,68.0,69.9,69.9,0,28.13,28.13,0,280.9,280.9,0,15,,15
2024,General Motors LLC,GMX,LT,Light Trucks,4742,N,N,Y,General Motors LLC,GMX,Chevrolet,3,SILVERADO 2WD,986,2024,31,"CC10753,XCK,265/65R18,265/65R18",147.4,68.7,68.2,70.0,70.0,0,28.10,28.10,0,281.3,281.3,0,1,,1
2024,General Motors LLC,GMX,LT,Light Trucks,4742,N,N,Y,General Motors LLC,GMX,Chevrolet,3,SILVERADO 2WD,986,2024,32,"CC10903,QBN,255/70R17,255/70R17",139.6,68.9,68.3,66.5,66.5,0,29.40,29.40,0,268.1,268.1,0,9916,,9916
2024,General Motors LLC,GMX,LT,Light Trucks,4742,N,N,Y,General Motors LLC,GMX,Chevrolet,3,SILVERADO 2WD,986,2024,33,"CC10903,QDV,265/70R17,265/70R17",139.6,68.9,68.3,66.5,66.5,0,29.40,29.40,0,268.1,268.1,0,488,,488
2024,General Motors LLC,GMX,LT,Light Trucks,4742,N,N,Y,General Motors LLC,GMX,Chevrolet,3,SILVERADO 2WD,986,2024,34,"CC10903,RC5,LT265/70R17,LT265/70R17",139.6,68.9,68.3,66.5,66.5,0,29.40,29.40,0,268.1,268.1,0,160,,160
2024,General Motors LLC,GMX,LT,Light Trucks,4742,N,N,Y,General Motors LLC,GMX,Chevrolet,3,SILVERADO 2WD CAB CHASSIS,990,2024,1,"CC10903+VXT,RC5,LT265/70R17,LT265/70R17",139.6,68.9,68.3,66.5,66.5,0,29.40,29.40,0,268.1,268.1,0,5,,5
2024,General Motors LLC,GMX,LT,Light Trucks,4742,N,N,Y,General Motors LLC,GMX,Chevrolet,3,SILVERADO 4WD,987,2024,1,"CK10543,QAB,275/60R20,275/60R20",147.4,68.6,68.0,69.9,69.9,0,28.13,28.13,0,280.9,280.9,0,37666,,37666
2024,General Motors LLC,GMX,LT,Light Trucks,4742,N,N,Y,General Motors LLC,GMX,Chevrolet,3,SILVERADO 4WD,987,2024,2,"CK10543,QAE,275/60R20,275/60R20",147.4,68.6,68.0,69.9,69.9,0,28.13,28.13,0,280.9,280.9,0,107167,,107167
2024,General Motors LLC,GMX,LT,Light Trucks,4742,N,N,Y,General Motors LLC,GMX,Chevrolet,3,SILVERADO 4WD,987,2024,3,"CK10543,QBN,255/70R17,255/70R17",147.4,68.9,68.3,70.2,70.2,0,28.03,28.03,0,282.1,282.1,0,8108,,8108
2024,General Motors LLC,GMX,LT,Light Trucks,4742,N,N,Y,General Motors LLC,GMX,Chevrolet,3,SILVERADO 4WD,987,2024,4,"CK10543,QDF,265/65R18,265/65R18",147.4,68.7,68.2,70.0,70.0,0,28.10,28.10,0,281.3,281.3,0,11668,,11668
2024,General Motors LLC,GMX,LT,Light Trucks,4742,N,N,Y,General Motors LLC,GMX,Chevrolet,3,SILVERADO 4WD,987,2024,5,"CK10543,QDS,XCK,265/65R18,265/65R18",147.4,68.7,68.2,70.0,70.0,0,28.10,28.10,0,281.3,281.3,0,17149,,17149
2024,General Motors LLC,GMX,LT,Light Trucks,4742,N,N,Y,General Motors LLC,GMX,Chevrolet,3,SILVERADO 4WD,987,2024,6,"CK10543,QDV,265/70R17,265/70R17",147.4,68.9,68.3,70.2,70.2,0,28.03,28.03,0,282.1,282.1,0,4636,,4636
2024,General Motors LLC,GMX,LT,Light Trucks,4742,N,N,Y,General Motors LLC,GMX,Chevrolet,3,SILVERADO 4WD,987,2024,7,"CK10543,RC5,LT265/70R17,LT265/70R17",147.4,68.9,68.3,70.2,70.2,0,28.03,28.03,0,282.1,282.1,0,1475,,1475
2024,General Motors LLC,GMX,LT,Light Trucks,4742,N,N,Y,General Motors LLC,GMX,Chevrolet,3,SILVERADO 4WD,987,2024,8,"CK10543,XCE,275/50R22,275/50R22",147.4,68.6,68.0,69.9,69.9,0,28.13,28.13,0,280.9,280.9,0,13518,,13518
2024,General Motors LLC,GMX,LT,Light Trucks,4742,N,N,Y,General Motors LLC,GMX,Chevrolet,3,SILVERADO 4WD,987,2024,9,"CK10543,XCK,265/65R18,265/65R18",147.4,68.7,68.2,70.0,70.0,0,28.10,28.10,0,281.3,281.3,0,1,,1
2024,General Motors LLC,GMX,LT,Light Trucks,4742,N,N,Y,General Motors LLC,GMX,Chevrolet,3,SILVERADO 4WD,987,2024,10,"CK10703,QBN,255/70R17,255/70R17",126.5,68.9,68.3,60.3,60.3,0,32.05,32.05,0,244.7,244.7,0,884,,884
2024,General Motors LLC,GMX,LT,Light Trucks,4742,N,N,Y,General Motors LLC,GMX,Chevrolet,3,SILVERADO 4WD,987,2024,11,"CK10703,QDV,265/70R17,265/70R17",126.5,68.9,68.3,60.3,60.3,0,32.05,32.05,0,244.7,244.7,0,471,,471
2024,General Motors LLC,GMX,LT,Light Trucks,4742,N,N,Y,General Motors LLC,GMX,Chevrolet,3,SILVERADO 4WD,987,2024,12,"CK10703,RC5,LT265/70R17,LT265/70R17",126.5,68.9,68.3,60.3,60.3,0,32.05,32.05,0,244.7,244.7,0,272,,272
2024,General Motors LLC,GMX,LT,Light Trucks,4742,N,N,Y,General Motors LLC,GMX,Chevrolet,3,SILVERADO 4WD,987,2024,13,"CK10743,QAB,275/60R20,275/60R20",157.0,68.6,68.0,74.5,74.5,0,26.74,26.74,0,296.5,296.5,0,3504,,3504
2024,General Motors LLC,GMX,LT,Light Trucks,4742,N,N,Y,General Motors LLC,GMX,Chevrolet,3,SILVERADO 4WD,987,2024,14,"CK10743,QAE,275/60R20,275/60R20",157.0,68.6,68.0,74.5,74.5,0,26.74,26.74,0,296.5,296.5,0,7035,,7035
2024,General Motors LLC,GMX,LT,Light Trucks,4742,N,N,Y,General Motors LLC,GMX,Chevrolet,3,SILVERADO 4WD,987,2024,15,"CK10743,QBN,255/70R17,255/70R17",157.0,68.9,68.3,74.8,74.8,0,26.74,26.74,0,296.5,296.5,0,5359,,5359
2024,General Motors LLC,GMX,LT,Light Trucks,4742,N,N,Y,General Motors LLC,GMX,Chevrolet,3,SILVERADO 4WD,987,2024,16,"CK10743,QDF,265/65R18,265/65R18",157.0,68.7,68.2,74.6,74.6,0,26.74,26.74,0,296.5,296.5,0,646,,646
2024,General Motors LLC,GMX,LT,Light Trucks,4742,N,N,Y,General Motors LLC,GMX,Chevrolet,3,SILVERADO 4WD,987,2024,17,"CK10743,QDS,XCK,265/65R18,265/65R18",157.0,68.7,68.2,74.6,74.6,0,26.74,26.74,0,296.5,296.5,0,2496,,2496
2024,General Motors LLC,GMX,LT,Light Trucks,4742,N,N,Y,General Motors LLC,GMX,Chevrolet,3,SILVERADO 4WD,987,2024,18,"CK10743,QDV,265/70R17,265/70R17",157.0,68.9,68.3,74.8,74.8,0,26.74,26.74,0,296.5,296.5,0,1867,,1867
2024,General Motors LLC,GMX,LT,Light Trucks,4742,N,N,Y,General Motors LLC,GMX,Chevrolet,3,SILVERADO 4WD,987,2024,19,"CK10743,RC5,LT265/70R17,LT265/70R17",157.0,68.9,68.3,74.8,74.8,0,26.74,26.74,0,296.5,296.5,0,871,,871
2024,General Motors LLC,GMX,LT,Light Trucks,4742,N,N,Y,General Motors LLC,GMX,Chevrolet,3,SILVERADO 4WD,987,2024,20,"CK10743,XCE,275/50R22,275/50R22",157.0,68.6,68.0,74.5,74.5,0,26.74,26.74,0,296.5,296.5,0,880,,880
2024,General Motors LLC,GMX,LT,Light Trucks,4742,N,N,Y,General Motors LLC,GMX,Chevrolet,3,SILVERADO 4WD,987,2024,21,"CK10743,XCK,265/65R18,265/65R18",157.0,68.7,68.2,74.6,74.6,0,26.74,26.74,0,296.5,296.5,0,16,,16
2024,General Motors LLC,GMX,LT,Light Trucks,4742,N,N,Y,General Motors LLC,GMX,Chevrolet,3,SILVERADO 4WD,987,2024,22,"CK10753,QAB,275/60R20,275/60R20",147.4,68.6,68.0,69.9,69.9,0,28.13,28.13,0,280.9,280.9,0,3403,,3403
2024,General Motors LLC,GMX,LT,Light Trucks,4742,N,N,Y,General Motors LLC,GMX,Chevrolet,3,SILVERADO 4WD,987,2024,23,"CK10753,QAE,275/60R20,275/60R20",147.4,68.6,68.0,69.9,69.9,0,28.13,28.13,0,280.9,280.9,0,3659,,3659
2024,General Motors LLC,GMX,LT,Light Trucks,4742,N,N,Y,General Motors LLC,GMX,Chevrolet,3,SILVERADO 4WD,987,2024,24,"CK10753,QBN,255/70R17,255/70R17",147.4,68.9,68.3,70.2,70.2,0,28.03,28.03,0,282.1,282.1,0,3738,,3738
2024,General Motors LLC,GMX,LT,Light Trucks,4742,N,N,Y,General Motors LLC,GMX,Chevrolet,3,SILVERADO 4WD,987,2024,25,"CK10753,QDF,265/65R18,265/65R18",147.4,68.7,68.2,70.0,70.0,0,28.10,28.10,0,281.3,281.3,0,1464,,1464
2024,General Motors LLC,GMX,LT,Light Trucks,4742,N,N,Y,General Motors LLC,GMX,Chevrolet,3,SILVERADO 4WD,987,2024,26,"CK10753,QDS,XCK,265/65R18,265/65R18",147.4,68.7,68.2,70.0,70.0,0,28.10,28.10,0,281.3,281.3,0,1843,,1843
2024,General Motors LLC,GMX,LT,Light Trucks,4742,N,N,Y,General Motors LLC,GMX,Chevrolet,3,SILVERADO 4WD,987,2024,27,"CK10753,QDV,265/70R17,265/70R17",147.4,68.9,68.3,70.2,70.2,0,28.03,28.03,0,282.1,282.1,0,2050,,2050
2024,General Motors LLC,GMX,LT,Light Trucks,4742,N,N,Y,General Motors LLC,GMX,Chevrolet,3,SILVERADO 4WD,987,2024,28,"CK10753,RC5,LT265/70R17,LT265/70R17",147.4,68.9,68.3,70.2,70.2,0,28.03,28.03,0,282.1,282.1,0,1386,,1386
2024,General Motors LLC,GMX,LT,Light Trucks,4742,N,N,Y,General Motors LLC,GMX,Chevrolet,3,SILVERADO 4WD,987,2024,29,"CK10753,XCE,275/50R22,275/50R22",147.4,68.6,68.0,69.9,69.9,0,28.13,28.13,0,280.9,280.9,0,57,,57
2024,General Motors LLC,GMX,LT,Light Trucks,4742,N,N,Y,General Motors LLC,GMX,Chevrolet,3,SILVERADO 4WD,987,2024,30,"CK10903,QBN,255/70R17,255/70R17",139.6,68.9,68.3,66.5,66.5,0,29.40,29.40,0,268.1,268.1,0,2096,,2096
2024,General Motors LLC,GMX,LT,Light Trucks,4742,N,N,Y,General Motors LLC,GMX,Chevrolet,3,SILVERADO 4WD,987,2024,31,"CK10903,QDV,265/70R17,265/70R17",139.6,68.9,68.3,66.5,66.5,0,29.40,29.40,0,268.1,268.1,0,1491,,1491
2024,General Motors LLC,GMX,LT,Light Trucks,4742,N,N,Y,General Motors LLC,GMX,Chevrolet,3,SILVERADO 4WD,987,2024,32,"CK10903,RC5,LT265/70R17,LT265/70R17",139.6,68.9,68.3,66.5,66.5,0,29.40,29.40,0,268.1,268.1,0,530,,530
2024,General Motors LLC,GMX,LT,Light Trucks,4742,N,N,Y,General Motors LLC,GMX,Chevrolet,3,SILVERADO 4WD MUD TERRAIN TIRES,6,2024,1,"CK10543+QFV,QFV,LT265/60R20,LT265/60R20",147.8,68.6,68.0,70.1,70.1,0,28.06,28.06,0,281.7,281.7,0,16319,,16319
2024,General Motors LLC,GMX,LT,Light Trucks,4742,N,N,Y,General Motors LLC,GMX,Chevrolet,3,SILVERADO 4WD MUD TERRAIN TIRES,6,2024,2,"CK10543+R3O,R3O,LT275/65R18,LT275/65R18",147.4,68.8,68.2,70.1,70.1,0,28.06,28.06,0,281.7,281.7,0,28287,,28287
2024,General Motors LLC,GMX,LT,Light Trucks,4742,N,N,Y,General Motors LLC,GMX,Chevrolet,3,SILVERADO 4WD MUD TERRAIN TIRES,6,2024,3,"CK10743+QFV,QFV,LT265/60R20,LT265/60R20",157.3,68.6,68.0,74.6,74.6,0,26.74,26.74,0,296.5,296.5,0,1139,,1139
2024,General Motors LLC,GMX,LT,Light Trucks,4742,N,N,Y,General Motors LLC,GMX,Chevrolet,3,SILVERADO 4WD MUD TERRAIN TIRES,6,2024,4,"CK10743+R3O,R3O,LT275/65R18,LT275/65R18",157.0,68.8,68.2,74.7,74.7,0,26.74,26.74,0,296.5,296.5,0,2845,,2845
2024,General Motors LLC,GMX,LT,Light Trucks,4742,N,N,Y,General Motors LLC,GMX,Chevrolet,3,SILVERADO 4WD MUD TERRAIN TIRES,6,2024,5,"CK10753+R3O,R3O,LT275/65R18,LT275/65R18",147.4,68.8,68.2,70.1,70.1,0,28.06,28.06,0,281.7,281.7,0,248,,248
2024,General Motors LLC,GMX,LT,Light Trucks,4742,N,N,Y,General Motors LLC,GMX,Chevrolet,3,SILVERADO 4WD ZR2,5,2024,1,"CK10543+ZRX,QFL,LT275/70R18,LT275/70R18",147.8,68.7,68.2,70.2,70.2,0,28.03,28.03,0,282.1,282.1,0,11921,,11921
2024,General Motors LLC,GMX,LT,Light Trucks,4742,N,N,Y,General Motors LLC,GMX,Chevrolet,3,SILVERADO EV,18,2024,1,"CT35843+C5F,QWJ,LT265/70R18,LT265/70R18",145.7,69.0,69.1,69.8,69.8,0,28.17,28.17,0,280.5,280.5,0,8220,,8220
2024,General Motors LLC,GMX,LT,Light Trucks,4742,N,N,Y,General Motors LLC,GMX,Chevrolet,3,SUBURBAN 2WD,66,2024,1,"CC17906,QDF,265/65R18,265/65R18",134.1,68.7,68.5,63.9,63.9,0,30.46,30.46,0,258.3,258.3,0,2325,,2325
2024,General Motors LLC,GMX,LT,Light Trucks,4742,N,N,Y,General Motors LLC,GMX,Chevrolet,3,SUBURBAN 2WD,66,2024,2,"CC17906,XCG,275/50R22,275/50R22",134.1,68.6,68.4,63.8,63.8,0,30.50,30.50,0,257.9,257.9,0,3423,,3423
2024,General Motors LLC,GMX,LT,Light Trucks,4742,N,N,Y,General Motors LLC,GMX,Chevrolet,3,SUBURBAN 2WD,66,2024,3,"CC17906,XCI,275/60R20,275/60R20",134.1,68.6,68.4,63.8,63.8,0,30.50,30.50,0,257.9,257.9,0,3358,,3358
2024,General Motors LLC,GMX,LT,Light Trucks,4742,N,N,Y,General Motors LLC,GMX,Chevrolet,3,SUBURBAN 4WD,82,2024,1,"CK17906,QAE,275/60R20,275/60R20",134.1,68.6,68.4,63.8,63.8,0,30.50,30.50,0,257.9,257.9,0,8539,,8539
2024,General Motors LLC,GMX,LT,Light Trucks,4742,N,N,Y,General Motors LLC,GMX,Chevrolet,3,SUBURBAN 4WD,82,2024,2,"CK17906,QDF,265/65R18,265/65R18",134.1,68.7,68.5,63.9,63.9,0,30.46,30.46,0,258.3,258.3,0,4167,,4167
2024,General Motors LLC,GMX,LT,Light Trucks,4742,N,N,Y,General Motors LLC,GMX,Chevrolet,3,SUBURBAN 4WD,82,2024,3,"CK17906,XCG,275/50R22,275/50R22",134.1,68.6,68.4,63.8,63.8,0,30.50,30.50,0,257.9,257.9,0,15687,,15687
2024,General Motors LLC,GMX,LT,Light Trucks,4742,N,N,Y,General Motors LLC,GMX,Chevrolet,3,SUBURBAN 4WD,82,2024,4,"CK17906,XCI,275/60R20,275/60R20",134.1,68.6,68.4,63.8,63.8,0,30.50,30.50,0,257.9,257.9,0,7099,,7099
2024,General Motors LLC,GMX,LT,Light Trucks,4742,N,N,Y,General Motors LLC,GMX,Chevrolet,3,TAHOE 2WD,24,2024,1,"CC17706,QDF,265/65R18,265/65R18",120.9,68.7,68.5,57.6,57.6,0,33.35,33.35,0,234.6,234.6,0,3637,,3637
2024,General Motors LLC,GMX,LT,Light Trucks,4742,N,N,Y,General Motors LLC,GMX,Chevrolet,3,TAHOE 2WD,24,2024,2,"CC17706,XCG,275/50R22,275/50R22",120.9,68.6,68.4,57.5,57.5,0,33.40,33.40,0,234.2,234.2,0,7408,,7408
2024,General Motors LLC,GMX,LT,Light Trucks,4742,N,N,Y,General Motors LLC,GMX,Chevrolet,3,TAHOE 2WD,24,2024,3,"CC17706,XCI,275/60R20,275/60R20",120.9,68.6,68.4,57.5,57.5,0,33.40,33.40,0,234.2,234.2,0,8702,,8702
2024,General Motors LLC,GMX,LT,Light Trucks,4742,N,N,Y,General Motors LLC,GMX,Chevrolet,3,TAHOE 4WD,77,2024,1,"CK17706,QAE,275/60R20,275/60R20",120.9,68.6,68.4,57.5,57.5,0,33.40,33.40,0,234.2,234.2,0,18496,,18496
2024,General Motors LLC,GMX,LT,Light Trucks,4742,N,N,Y,General Motors LLC,GMX,Chevrolet,3,TAHOE 4WD,77,2024,2,"CK17706,QDF,265/65R18,265/65R18",120.9,68.7,68.5,57.6,57.6,0,33.35,33.35,0,234.6,234.6,0,5714,,5714
2024,General Motors LLC,GMX,LT,Light Trucks,4742,N,N,Y,General Motors LLC,GMX,Chevrolet,3,TAHOE 4WD,77,2024,3,"CK17706,XCG,275/50R22,275/50R22",120.9,68.6,68.4,57.5,57.5,0,33.40,33.40,0,234.2,234.2,0,28904,,28904
2024,General Motors LLC,GMX,LT,Light Trucks,4742,N,N,Y,General Motors LLC,GMX,Chevrolet,3,TAHOE 4WD,77,2024,4,"CK17706,XCI,275/60R20,275/60R20",120.9,68.6,68.4,57.5,57.5,0,33.40,33.40,0,234.2,234.2,0,14641,,14641
2024,General Motors LLC,GMX,LT,Light Trucks,4742,N,N,Y,General Motors LLC,GMX,Chevrolet,3,TAHOE 4WD,77,2024,5,"CK17706,XCS,275/55R20,275/55R20",120.9,68.6,68.4,57.5,57.5,0,33.40,33.40,0,234.2,234.2,0,829,,829
2024,General Motors LLC,GMX,LT,Light Trucks,4742,N,N,Y,General Motors LLC,GMX,Chevrolet,3,TAHOE 4WD,77,2024,6,"CK17706+5W4,QAE,275/60R20,275/60R20",120.9,68.6,68.4,57.5,57.5,0,33.40,33.40,0,234.2,234.2,0,864,,864
2024,General Motors LLC,GMX,LT,Light Trucks,4742,N,N,Y,General Motors LLC,GMX,Chevrolet,3,TAHOE 4WD,77,2024,7,"CK17706+5W4,QDF,265/65R18,265/65R18",120.9,68.7,68.5,57.6,57.6,0,33.35,33.35,0,234.6,234.6,0,1253,,1253
2024,General Motors LLC,GMX,LT,Light Trucks,4742,N,N,Y,General Motors LLC,GMX,Chevrolet,3,TAHOE 4WD,77,2024,8,"CK17706+5W4,XCI,275/60R20,275/60R20",120.9,68.6,68.4,57.5,57.5,0,33.40,33.40,0,234.2,234.2,0,230,,230
2024,General Motors LLC,GMX,LT,Light Trucks,4742,N,N,Y,General Motors LLC,GMX,Chevrolet,3,TAHOE 4WD,77,2024,9,"CK17706+ZW9,QDF,265/65R18,265/65R18",120.9,68.7,68.5,57.6,57.6,0,33.35,33.35,0,234.6,234.6,0,32,,32
2024,General Motors LLC,GMX,LT,Light Trucks,4742,N,N,Y,General Motors LLC,GMX,Chevrolet,3,TRAILBLAZER AWD,9,2024,1,"1TV56,QA3,225/60R17,225/60R17",103.9,61.0,61.8,44.3,44.3,0,41.71,41.71,0,184.4,184.4,0,3764,,3764
2024,General Motors LLC,GMX,LT,Light Trucks,4742,N,N,Y,General Motors LLC,GMX,Chevrolet,3,TRAILBLAZER AWD,9,2024,2,"1TW56,QA3,225/60R17,225/60R17",103.9,61.0,61.8,44.3,44.3,0,41.71,41.71,0,184.4,184.4,0,13397,,13397
2024,General Motors LLC,GMX,LT,Light Trucks,4742,N,N,Y,General Motors LLC,GMX,Chevrolet,3,TRAILBLAZER AWD,9,2024,3,"1TW56,QAI,225/55R18,225/55R18",103.9,61.0,61.8,44.3,44.3,0,41.71,41.71,0,184.4,184.4,0,1930,,1930
2024,General Motors LLC,GMX,LT,Light Trucks,4742,N,N,Y,General Motors LLC,GMX,Chevrolet,3,TRAILBLAZER AWD,9,2024,4,"1TX56,QCV,225/60R17,225/60R17",103.9,61.0,61.8,44.3,44.3,0,41.71,41.71,0,184.4,184.4,0,6558,,6558
2024,General Motors LLC,GMX,LT,Light Trucks,4742,N,N,Y,General Motors LLC,GMX,Chevrolet,3,TRAILBLAZER AWD,9,2024,5,"1TY56,RH3,245/45R19,245/45R19",103.9,61.0,61.8,44.3,44.3,0,41.71,41.71,0,184.4,184.4,0,10739,,10739
2024,General Motors LLC,GMX,LT,Light Trucks,4742,N,N,Y,General Motors LLC,GMX,Chevrolet,3,TRAVERSE AWD,30,2024,1,"1LB56+F48,Q3N,255/55R20,255/55R20",120.9,67.6,67.4,56.7,56.7,0,33.81,33.81,0,231.2,231.2,0,3924,,3924
2024,General Motors LLC,GMX,LT,Light Trucks,4742,N,N,Y,General Motors LLC,GMX,Chevrolet,3,TRAVERSE AWD,30,2024,2,"1LB56+F48,QO5,255/65R18,255/65R18",120.9,67.6,67.4,56.7,56.7,0,33.81,33.81,0,231.2,231.2,0,6703,,6703
2024,General Motors LLC,GMX,LT,Light Trucks,4742,N,N,Y,General Motors LLC,GMX,Chevrolet,3,TRAVERSE AWD,30,2024,3,"1LB56+F48,QZR,275/45R22,275/45R22",120.9,67.6,67.4,56.7,56.7,0,33.81,33.81,0,231.2,231.2,0,15,,15
2024,General Motors LLC,GMX,LT,Light Trucks,4742,N,N,Y,General Motors LLC,GMX,Chevrolet,3,TRAVERSE AWD,30,2024,4,"1LC56,XCK,265/65R18,265/65R18",120.9,67.9,67.6,56.9,56.9,0,33.71,33.71,0,231.9,231.9,0,14110,,14110
2024,General Motors LLC,GMX,LT,Light Trucks,4742,N,N,Y,General Motors LLC,GMX,Chevrolet,3,TRAVERSE AWD,30,2024,5,"1LD56+F48,QZR,275/45R22,275/45R22",120.9,67.6,67.4,56.7,56.7,0,33.81,33.81,0,231.2,231.2,0,10024,,10024
2024,General Motors LLC,GMX,LT,Light Trucks,4742,N,N,Y,General Motors LLC,GMX,Chevrolet,3,TRAVERSE AWD,30,2024,6,"1LE56+F48,Q3N,255/55R20,255/55R20",120.9,67.6,67.4,56.7,56.7,0,33.81,33.81,0,231.2,231.2,0,752,,752
2024,General Motors LLC,GMX,LT,Light Trucks,4742,N,N,Y,General Motors LLC,GMX,Chevrolet,3,TRAVERSE AWD,30,2024,7,"1LE56+F48,QO5,255/65R18,255/65R18",120.9,67.6,67.4,56.7,56.7,0,33.81,33.81,0,231.2,231.2,0,1885,,1885
2024,General Motors LLC,GMX,LT,Light Trucks,4742,N,N,Y,General Motors LLC,GMX,Chevrolet,3,TRAVERSE FWD,29,2024,1,"1LB56,Q3N,255/55R20,255/55R20",120.9,67.6,67.4,56.7,56.7,0,33.81,33.81,0,231.2,231.2,0,5878,,5878
2024,General Motors LLC,GMX,LT,Light Trucks,4742,N,N,Y,General Motors LLC,GMX,Chevrolet,3,TRAVERSE FWD,29,2024,2,"1LB56,QO5,255/65R18,255/65R18",120.9,67.6,67.4,56.7,56.7,0,33.81,33.81,0,231.2,231.2,0,10541,,10541
2024,General Motors LLC,GMX,LT,Light Trucks,4742,N,N,Y,General Motors LLC,GMX,Chevrolet,3,TRAVERSE FWD,29,2024,3,"1LB56,QZR,275/45R22,275/45R22",120.9,67.6,67.4,56.7,56.7,0,33.81,33.81,0,231.2,231.2,0,40,,40
2024,General Motors LLC,GMX,LT,Light Trucks,4742,N,N,Y,General Motors LLC,GMX,Chevrolet,3,TRAVERSE FWD,29,2024,4,"1LD56,QZR,275/45R22,275/45R22",120.9,67.6,67.4,56.7,56.7,0,33.81,33.81,0,231.2,231.2,0,6292,,6292
2024,General Motors LLC,GMX,LT,Light Trucks,4742,N,N,Y,General Motors LLC,GMX,Chevrolet,3,TRAVERSE FWD,29,2024,5,"1LE56,Q3N,255/55R20,255/55R20",120.9,67.6,67.4,56.7,56.7,0,33.81,33.81,0,231.2,231.2,0,2255,,2255
2024,General Motors LLC,GMX,LT,Light Trucks,4742,N,N,Y,General Motors LLC,GMX,Chevrolet,3,TRAVERSE FWD,29,2024,6,"1LE56,QO5,255/65R18,255/65R18",120.9,67.6,67.4,56.7,56.7,0,33.81,33.81,0,231.2,231.2,0,4837,,4837
2024,General Motors LLC,GMX,LT,Light Trucks,4742,N,N,Y,General Motors LLC,GMX,Chevrolet,3,TRAVERSE FWD,29,2024,7,"1LE56,QZR,275/45R22,275/45R22",120.9,67.6,67.4,56.7,56.7,0,33.81,33.81,0,231.2,231.2,0,9,,9
2024,General Motors LLC,GMX,LT,Light Trucks,4742,N,N,Y,General Motors LLC,GMX,Chevrolet,3,TRAVERSE LIMITED AWD,22,2024,1,"1NV56,QO5,255/65R18,255/65R18",120.9,67.6,67.4,56.7,56.7,0,33.81,33.81,0,231.2,231.2,0,557,,557
2024,General Motors LLC,GMX,LT,Light Trucks,4742,N,N,Y,General Motors LLC,GMX,Chevrolet,3,TRAVERSE LIMITED AWD,22,2024,2,"1NW56,Q3N,255/55R20,255/55R20",120.9,67.6,67.4,56.7,56.7,0,33.81,33.81,0,231.2,231.2,0,643,,643
2024,General Motors LLC,GMX,LT,Light Trucks,4742,N,N,Y,General Motors LLC,GMX,Chevrolet,3,TRAVERSE LIMITED AWD,22,2024,3,"1NW56,QO5,255/65R18,255/65R18",120.9,67.6,67.4,56.7,56.7,0,33.81,33.81,0,231.2,231.2,0,1856,,1856
2024,General Motors LLC,GMX,LT,Light Trucks,4742,N,N,Y,General Motors LLC,GMX,Chevrolet,3,TRAVERSE LIMITED AWD,22,2024,4,"1NX56,Q3N,255/55R20,255/55R20",120.9,67.6,67.4,56.7,56.7,0,33.81,33.81,0,231.2,231.2,0,873,,873
2024,General Motors LLC,GMX,LT,Light Trucks,4742,N,N,Y,General Motors LLC,GMX,Chevrolet,3,TRAVERSE LIMITED FWD,21,2024,1,"1NB56,QO5,255/65R18,255/65R18",120.9,67.6,67.4,56.7,56.7,0,33.81,33.81,0,231.2,231.2,0,722,,722
2024,General Motors LLC,GMX,LT,Light Trucks,4742,N,N,Y,General Motors LLC,GMX,Chevrolet,3,TRAVERSE LIMITED FWD,21,2024,2,"1NC56,Q3N,255/55R20,255/55R20",120.9,67.6,67.4,56.7,56.7,0,33.81,33.81,0,231.2,231.2,0,425,,425
2024,General Motors LLC,GMX,LT,Light Trucks,4742,N,N,Y,General Motors LLC,GMX,Chevrolet,3,TRAVERSE LIMITED FWD,21,2024,3,"1NC56,QO5,255/65R18,255/65R18",120.9,67.6,67.4,56.7,56.7,0,33.81,33.81,0,231.2,231.2,0,1559,,1559
2024,General Motors LLC,GMX,LT,Light Trucks,4742,N,N,Y,General Motors LLC,GMX,Chevrolet,3,TRAVERSE LIMITED FWD,21,2024,4,"1NE56,Q3N,255/55R20,255/55R20",120.9,67.6,67.4,56.7,56.7,0,33.81,33.81,0,231.2,231.2,0,478,,478
2024,General Motors LLC,GMX,LT,Light Trucks,4742,N,N,Y,General Motors LLC,GMX,GMC,4,ACADIA AWD,942,2024,1,"TLD56+F48,Q3N,255/55R20,255/55R20",120.9,67.6,67.4,56.7,56.7,0,33.81,33.81,0,231.2,231.2,0,5687,,5687
2024,General Motors LLC,GMX,LT,Light Trucks,4742,N,N,Y,General Motors LLC,GMX,GMC,4,ACADIA AWD,942,2024,2,"TLD56+F48,QZR,275/45R22,275/45R22",120.9,67.6,67.4,56.7,56.7,0,33.81,33.81,0,231.2,231.2,0,1538,,1538
2024,General Motors LLC,GMX,LT,Light Trucks,4742,N,N,Y,General Motors LLC,GMX,GMC,4,ACADIA AWD,942,2024,3,"TLE56,XCK,265/65R18,265/65R18",120.9,67.9,67.6,56.9,56.9,0,33.71,33.71,0,231.9,231.9,0,6102,,6102
2024,General Motors LLC,GMX,LT,Light Trucks,4742,N,N,Y,General Motors LLC,GMX,GMC,4,ACADIA AWD,942,2024,4,"TLF56+F48,Q3N,255/55R20,255/55R20",120.9,67.6,67.4,56.7,56.7,0,33.81,33.81,0,231.2,231.2,0,2849,,2849
2024,General Motors LLC,GMX,LT,Light Trucks,4742,N,N,Y,General Motors LLC,GMX,GMC,4,ACADIA AWD,942,2024,5,"TLF56+F48,QZR,275/45R22,275/45R22",120.9,67.6,67.4,56.7,56.7,0,33.81,33.81,0,231.2,231.2,0,4274,,4274
2024,General Motors LLC,GMX,LT,Light Trucks,4742,N,N,Y,General Motors LLC,GMX,GMC,4,ACADIA FWD,941,2024,1,"TLD56,Q3N,255/55R20,255/55R20",120.9,67.6,67.4,56.7,56.7,0,33.81,33.81,0,231.2,231.2,0,6995,,6995
2024,General Motors LLC,GMX,LT,Light Trucks,4742,N,N,Y,General Motors LLC,GMX,GMC,4,ACADIA FWD,941,2024,2,"TLD56,QZR,275/45R22,275/45R22",120.9,67.6,67.4,56.7,56.7,0,33.81,33.81,0,231.2,231.2,0,1562,,1562
2024,General Motors LLC,GMX,LT,Light Trucks,4742,N,N,Y,General Motors LLC,GMX,GMC,4,ACADIA FWD,941,2024,3,"TLF56,Q3N,255/55R20,255/55R20",120.9,67.6,67.4,56.7,56.7,0,33.81,33.81,0,231.2,231.2,0,1984,,1984
2024,General Motors LLC,GMX,LT,Light Trucks,4742,N,N,Y,General Motors LLC,GMX,GMC,4,ACADIA FWD,941,2024,4,"TLF56,QZR,275/45R22,275/45R22",120.9,67.6,67.4,56.7,56.7,0,33.81,33.81,0,231.2,231.2,0,1989,,1989
2024,General Motors LLC,GMX,LT,Light Trucks,4742,N,N,Y,General Motors LLC,GMX,GMC,4,CANYON 2WD,936,2024,1,"T4C43,Q2P,265/65R18,265/65R18",131.4,66.2,66.1,60.4,60.4,0,32.00,32.00,0,245.1,245.1,0,9597,,9597
2024,General Motors LLC,GMX,LT,Light Trucks,4742,N,N,Y,General Motors LLC,GMX,GMC,4,CANYON 4WD,937,2024,1,"T4C43+F46,Q2P,265/65R18,265/65R18",131.4,66.2,66.1,60.4,60.4,0,32.00,32.00,0,245.1,245.1,0,7052,,7052
2024,General Motors LLC,GMX,LT,Light Trucks,4742,N,N,Y,General Motors LLC,GMX,GMC,4,CANYON 4WD,937,2024,2,"T4E43+F46,Q2P,265/65R18,265/65R18",131.4,66.2,66.1,60.4,60.4,0,32.00,32.00,0,245.1,245.1,0,6368,,6368
2024,General Motors LLC,GMX,LT,Light Trucks,4742,N,N,Y,General Motors LLC,GMX,GMC,4,CANYON 4WD,937,2024,3,"T4E43+F46,QAE,275/60R20,275/60R20",131.4,66.0,65.9,60.2,60.2,0,32.09,32.09,0,244.4,244.4,0,5305,,5305
2024,General Motors LLC,GMX,LT,Light Trucks,4742,N,N,Y,General Motors LLC,GMX,GMC,4,CANYON 4WD,937,2024,4,"T4F43+F46,QAE,275/60R20,275/60R20",131.4,66.0,65.9,60.2,60.2,0,32.09,32.09,0,244.4,244.4,0,6959,,6959
2024,General Motors LLC,GMX,LT,Light Trucks,4742,N,N,Y,General Motors LLC,GMX,GMC,4,CANYON 4WD MUD TERRAIN TIRES,972,2024,1,"T4E43+R3O,R3O,LT275/65R18,LT275/65R18",131.4,66.2,66.1,60.4,60.4,0,32.00,32.00,0,245.1,245.1,0,2264,,2264
2024,General Motors LLC,GMX,LT,Light Trucks,4742,N,N,Y,General Motors LLC,GMX,GMC,4,CANYON AT4X 4WD,973,2024,1,"T4H43+ZR2,QAF,LT285/70R17,LT285/70R17",131.4,66.4,66.3,60.6,60.6,0,31.91,31.91,0,245.9,245.9,0,3334,,3334
2024,General Motors LLC,GMX,LT,Light Trucks,4742,N,N,Y,General Motors LLC,GMX,GMC,4,CANYON AT4X AEV 4WD,982,2024,1,"T4H43+XEV,QTE,LT315/70R17,LT315/70R17",131.4,67.3,67.2,61.3,61.3,0,31.59,31.59,0,248.5,248.5,0,908,,908
2024,General Motors LLC,GMX,LT,Light Trucks,4742,N,N,Y,General Motors LLC,GMX,GMC,4,HUMMER EV PICKUP,978,2024,1,"TT35743,QMH,LT305/55R22,LT305/55R22",135.6,73.5,73.6,69.3,69.3,0,28.35,28.35,0,278.7,278.7,0,1838,,1838
2024,General Motors LLC,GMX,LT,Light Trucks,4742,N,N,Y,General Motors LLC,GMX,GMC,4,HUMMER EV PICKUP MT TIRES,980,2024,1,"TT35743+QMG,QMG,305/70R18,305/70R18",135.6,73.5,73.6,69.3,69.3,0,28.35,28.35,0,278.7,278.7,0,740,,740
2024,General Motors LLC,GMX,LT,Light Trucks,4742,N,N,Y,General Motors LLC,GMX,GMC,4,HUMMER EV SUV,977,2024,1,"TT35526,QMH,LT305/55R22,LT305/55R22",126.7,73.5,73.6,64.8,64.8,0,30.08,30.08,0,261.7,261.7,0,6241,,6241
2024,General Motors LLC,GMX,LT,Light Trucks,4742,N,N,Y,General Motors LLC,GMX,GMC,4,HUMMER EV SUV MT TIRES,979,2024,1,"TT35526+QMG,QMG,305/70R18,305/70R18",126.7,73.5,73.6,64.8,64.8,0,30.08,30.08,0,261.7,261.7,0,3417,,3417
2024,General Motors LLC,GMX,LT,Light Trucks,4742,N,N,Y,General Motors LLC,GMX,GMC,4,SIERRA 2WD,946,2024,1,"TC10543,QAB,275/60R20,275/60R20",147.4,68.6,68.0,69.9,69.9,0,28.13,28.13,0,280.9,280.9,0,13822,,13822
2024,General Motors LLC,GMX,LT,Light Trucks,4742,N,N,Y,General Motors LLC,GMX,GMC,4,SIERRA 2WD,946,2024,2,"TC10543,QAE,275/60R20,275/60R20",147.4,68.6,68.0,69.9,69.9,0,28.13,28.13,0,280.9,280.9,0,753,,753
2024,General Motors LLC,GMX,LT,Light Trucks,4742,N,N,Y,General Motors LLC,GMX,GMC,4,SIERRA 2WD,946,2024,3,"TC10543,QBN,255/70R17,255/70R17",147.4,68.9,68.3,70.2,70.2,0,28.03,28.03,0,282.1,282.1,0,2552,,2552
2024,General Motors LLC,GMX,LT,Light Trucks,4742,N,N,Y,General Motors LLC,GMX,GMC,4,SIERRA 2WD,946,2024,4,"TC10543,QDF,265/65R18,265/65R18",147.4,68.7,68.2,70.0,70.0,0,28.10,28.10,0,281.3,281.3,0,2179,,2179
2024,General Motors LLC,GMX,LT,Light Trucks,4742,N,N,Y,General Motors LLC,GMX,GMC,4,SIERRA 2WD,946,2024,5,"TC10543,QDS,XCK,265/65R18,265/65R18",147.4,68.7,68.2,70.0,70.0,0,28.10,28.10,0,281.3,281.3,0,47,,47
2024,General Motors LLC,GMX,LT,Light Trucks,4742,N,N,Y,General Motors LLC,GMX,GMC,4,SIERRA 2WD,946,2024,6,"TC10543,QDV,265/70R17,265/70R17",147.4,68.9,68.3,70.2,70.2,0,28.03,28.03,0,282.1,282.1,0,18,,18
2024,General Motors LLC,GMX,LT,Light Trucks,4742,N,N,Y,General Motors LLC,GMX,GMC,4,SIERRA 2WD,946,2024,7,"TC10543,RC5,LT265/70R17,LT265/70R17",147.4,68.9,68.3,70.2,70.2,0,28.03,28.03,0,282.1,282.1,0,20,,20
2024,General Motors LLC,GMX,LT,Light Trucks,4742,N,N,Y,General Motors LLC,GMX,GMC,4,SIERRA 2WD,946,2024,8,"TC10543,XCE,275/50R22,275/50R22",147.4,68.6,68.0,69.9,69.9,0,28.13,28.13,0,280.9,280.9,0,1152,,1152
2024,General Motors LLC,GMX,LT,Light Trucks,4742,N,N,Y,General Motors LLC,GMX,GMC,4,SIERRA 2WD,946,2024,9,"TC10543,XCK,265/65R18,265/65R18",147.4,68.7,68.2,70.0,70.0,0,28.10,28.10,0,281.3,281.3,0,19,,19
2024,General Motors LLC,GMX,LT,Light Trucks,4742,N,N,Y,General Motors LLC,GMX,GMC,4,SIERRA 2WD,946,2024,10,"TC10703,QBN,255/70R17,255/70R17",126.5,68.9,68.3,60.3,60.3,0,32.05,32.05,0,244.7,244.7,0,825,,825
2024,General Motors LLC,GMX,LT,Light Trucks,4742,N,N,Y,General Motors LLC,GMX,GMC,4,SIERRA 2WD,946,2024,11,"TC10703,QDV,265/70R17,265/70R17",126.5,68.9,68.3,60.3,60.3,0,32.05,32.05,0,244.7,244.7,0,39,,39
2024,General Motors LLC,GMX,LT,Light Trucks,4742,N,N,Y,General Motors LLC,GMX,GMC,4,SIERRA 2WD,946,2024,12,"TC10703,RC5,LT265/70R17,LT265/70R17",126.5,68.9,68.3,60.3,60.3,0,32.05,32.05,0,244.7,244.7,0,14,,14
2024,General Motors LLC,GMX,LT,Light Trucks,4742,N,N,Y,General Motors LLC,GMX,GMC,4,SIERRA 2WD,946,2024,13,"TC10753,QAB,275/60R20,275/60R20",147.4,68.6,68.0,69.9,69.9,0,28.13,28.13,0,280.9,280.9,0,813,,813
2024,General Motors LLC,GMX,LT,Light Trucks,4742,N,N,Y,General Motors LLC,GMX,GMC,4,SIERRA 2WD,946,2024,14,"TC10753,QAE,275/60R20,275/60R20",147.4,68.6,68.0,69.9,69.9,0,28.13,28.13,0,280.9,280.9,0,22,,22
2024,General Motors LLC,GMX,LT,Light Trucks,4742,N,N,Y,General Motors LLC,GMX,GMC,4,SIERRA 2WD,946,2024,15,"TC10753,QBN,255/70R17,255/70R17",147.4,68.9,68.3,70.2,70.2,0,28.03,28.03,0,282.1,282.1,0,1554,,1554
2024,General Motors LLC,GMX,LT,Light Trucks,4742,N,N,Y,General Motors LLC,GMX,GMC,4,SIERRA 2WD,946,2024,16,"TC10753,QDF,265/65R18,265/65R18",147.4,68.7,68.2,70.0,70.0,0,28.10,28.10,0,281.3,281.3,0,15,,15
2024,General Motors LLC,GMX,LT,Light Trucks,4742,N,N,Y,General Motors LLC,GMX,GMC,4,SIERRA 2WD,946,2024,17,"TC10753,QDV,265/70R17,265/70R17",147.4,68.9,68.3,70.2,70.2,0,28.03,28.03,0,282.1,282.1,0,21,,21
2024,General Motors LLC,GMX,LT,Light Trucks,4742,N,N,Y,General Motors LLC,GMX,GMC,4,SIERRA 2WD,946,2024,18,"TC10753,RC5,LT265/70R17,LT265/70R17",147.4,68.9,68.3,70.2,70.2,0,28.03,28.03,0,282.1,282.1,0,7,,7
2024,General Motors LLC,GMX,LT,Light Trucks,4742,N,N,Y,General Motors LLC,GMX,GMC,4,SIERRA 2WD,946,2024,19,"TC10753,XCK,265/65R18,265/65R18",147.4,68.7,68.2,70.0,70.0,0,28.10,28.10,0,281.3,281.3,0,3,,3
2024,General Motors LLC,GMX,LT,Light Trucks,4742,N,N,Y,General Motors LLC,GMX,GMC,4,SIERRA 2WD,946,2024,20,"TC10903,QBN,255/70R17,255/70R17",139.6,68.9,68.3,66.5,66.5,0,29.40,29.40,0,268.1,268.1,0,1633,,1633
2024,General Motors LLC,GMX,LT,Light Trucks,4742,N,N,Y,General Motors LLC,GMX,GMC,4,SIERRA 2WD,946,2024,21,"TC10903,QDV,265/70R17,265/70R17",139.6,68.9,68.3,66.5,66.5,0,29.40,29.40,0,268.1,268.1,0,113,,113
2024,General Motors LLC,GMX,LT,Light Trucks,4742,N,N,Y,General Motors LLC,GMX,GMC,4,SIERRA 2WD,946,2024,22,"TC10903,RC5,LT265/70R17,LT265/70R17",139.6,68.9,68.3,66.5,66.5,0,29.40,29.40,0,268.1,268.1,0,12,,12
2024,General Motors LLC,GMX,LT,Light Trucks,4742,N,N,Y,General Motors LLC,GMX,GMC,4,SIERRA 2WD CAB CHASSIS,948,2024,1,"TC10903+VXT,RC5,LT265/70R17,LT265/70R17",139.6,68.9,68.3,66.5,66.5,0,29.40,29.40,0,268.1,268.1,0,1,,1
2024,General Motors LLC,GMX,LT,Light Trucks,4742,N,N,Y,General Motors LLC,GMX,GMC,4,SIERRA 4WD,947,2024,1,"TK10543,QAB,275/60R20,275/60R20",147.4,68.6,68.0,69.9,69.9,0,28.13,28.13,0,280.9,280.9,0,25769,,25769
2024,General Motors LLC,GMX,LT,Light Trucks,4742,N,N,Y,General Motors LLC,GMX,GMC,4,SIERRA 4WD,947,2024,2,"TK10543,QAE,275/60R20,275/60R20",147.4,68.6,68.0,69.9,69.9,0,28.13,28.13,0,280.9,280.9,0,65312,,65312
2024,General Motors LLC,GMX,LT,Light Trucks,4742,N,N,Y,General Motors LLC,GMX,GMC,4,SIERRA 4WD,947,2024,3,"TK10543,QBN,255/70R17,255/70R17",147.4,68.9,68.3,70.2,70.2,0,28.03,28.03,0,282.1,282.1,0,4530,,4530
2024,General Motors LLC,GMX,LT,Light Trucks,4742,N,N,Y,General Motors LLC,GMX,GMC,4,SIERRA 4WD,947,2024,4,"TK10543,QDF,265/65R18,265/65R18",147.4,68.7,68.2,70.0,70.0,0,28.10,28.10,0,281.3,281.3,0,3513,,3513
2024,General Motors LLC,GMX,LT,Light Trucks,4742,N,N,Y,General Motors LLC,GMX,GMC,4,SIERRA 4WD,947,2024,5,"TK10543,QDS,XCK,265/65R18,265/65R18",147.4,68.7,68.2,70.0,70.0,0,28.10,28.10,0,281.3,281.3,0,2682,,2682
2024,General Motors LLC,GMX,LT,Light Trucks,4742,N,N,Y,General Motors LLC,GMX,GMC,4,SIERRA 4WD,947,2024,6,"TK10543,QDV,265/70R17,265/70R17",147.4,68.9,68.3,70.2,70.2,0,28.03,28.03,0,282.1,282.1,0,737,,737
2024,General Motors LLC,GMX,LT,Light Trucks,4742,N,N,Y,General Motors LLC,GMX,GMC,4,SIERRA 4WD,947,2024,7,"TK10543,RC5,LT265/70R17,LT265/70R17",147.4,68.9,68.3,70.2,70.2,0,28.03,28.03,0,282.1,282.1,0,395,,395
2024,General Motors LLC,GMX,LT,Light Trucks,4742,N,N,Y,General Motors LLC,GMX,GMC,4,SIERRA 4WD,947,2024,8,"TK10543,XCE,275/50R22,275/50R22",147.4,68.6,68.0,69.9,69.9,0,28.13,28.13,0,280.9,280.9,0,42183,,42183
2024,General Motors LLC,GMX,LT,Light Trucks,4742,N,N,Y,General Motors LLC,GMX,GMC,4,SIERRA 4WD,947,2024,9,"TK10543,XCK,265/65R18,265/65R18",147.4,68.7,68.2,70.0,70.0,0,28.10,28.10,0,281.3,281.3,0,41,,41
2024,General Motors LLC,GMX,LT,Light Trucks,4742,N,N,Y,General Motors LLC,GMX,GMC,4,SIERRA 4WD,947,2024,10,"TK10703,QBN,255/70R17,255/70R17",126.5,68.9,68.3,60.3,60.3,0,32.05,32.05,0,244.7,244.7,0,1181,,1181
2024,General Motors LLC,GMX,LT,Light Trucks,4742,N,N,Y,General Motors LLC,GMX,GMC,4,SIERRA 4WD,947,2024,11,"TK10703,QDV,265/70R17,265/70R17",126.5,68.9,68.3,60.3,60.3,0,32.05,32.05,0,244.7,244.7,0,275,,275
2024,General Motors LLC,GMX,LT,Light Trucks,4742,N,N,Y,General Motors LLC,GMX,GMC,4,SIERRA 4WD,947,2024,12,"TK10703,RC5,LT265/70R17,LT265/70R17",126.5,68.9,68.3,60.3,60.3,0,32.05,32.05,0,244.7,244.7,0,152,,152
2024,General Motors LLC,GMX,LT,Light Trucks,4742,N,N,Y,General Motors LLC,GMX,GMC,4,SIERRA 4WD,947,2024,13,"TK10743,QAB,275/60R20,275/60R20",157.0,68.6,68.0,74.5,74.5,0,26.74,26.74,0,296.5,296.5,0,1872,,1872
2024,General Motors LLC,GMX,LT,Light Trucks,4742,N,N,Y,General Motors LLC,GMX,GMC,4,SIERRA 4WD,947,2024,14,"TK10743,QAE,275/60R20,275/60R20",157.0,68.6,68.0,74.5,74.5,0,26.74,26.74,0,296.5,296.5,0,4241,,4241
2024,General Motors LLC,GMX,LT,Light Trucks,4742,N,N,Y,General Motors LLC,GMX,GMC,4,SIERRA 4WD,947,2024,15,"TK10743,QBN,255/70R17,255/70R17",157.0,68.9,68.3,74.8,74.8,0,26.74,26.74,0,296.5,296.5,0,1134,,1134
2024,General Motors LLC,GMX,LT,Light Trucks,4742,N,N,Y,General Motors LLC,GMX,GMC,4,SIERRA 4WD,947,2024,16,"TK10743,QDF,265/65R18,265/65R18",157.0,68.7,68.2,74.6,74.6,0,26.74,26.74,0,296.5,296.5,0,181,,181
2024,General Motors LLC,GMX,LT,Light Trucks,4742,N,N,Y,General Motors LLC,GMX,GMC,4,SIERRA 4WD,947,2024,17,"TK10743,QDS,XCK,265/65R18,265/65R18",157.0,68.7,68.2,74.6,74.6,0,26.74,26.74,0,296.5,296.5,0,530,,530
2024,General Motors LLC,GMX,LT,Light Trucks,4742,N,N,Y,General Motors LLC,GMX,GMC,4,SIERRA 4WD,947,2024,18,"TK10743,QDV,265/70R17,265/70R17",157.0,68.9,68.3,74.8,74.8,0,26.74,26.74,0,296.5,296.5,0,258,,258
2024,General Motors LLC,GMX,LT,Light Trucks,4742,N,N,Y,General Motors LLC,GMX,GMC,4,SIERRA 4WD,947,2024,19,"TK10743,RC5,LT265/70R17,LT265/70R17",157.0,68.9,68.3,74.8,74.8,0,26.74,26.74,0,296.5,296.5,0,163,,163
2024,General Motors LLC,GMX,LT,Light Trucks,4742,N,N,Y,General Motors LLC,GMX,GMC,4,SIERRA 4WD,947,2024,20,"TK10743,XCE,275/50R22,275/50R22",157.0,68.6,68.0,74.5,74.5,0,26.74,26.74,0,296.5,296.5,0,1645,,1645
2024,General Motors LLC,GMX,LT,Light Trucks,4742,N,N,Y,General Motors LLC,GMX,GMC,4,SIERRA 4WD,947,2024,21,"TK10743,XCK,265/65R18,265/65R18",157.0,68.7,68.2,74.6,74.6,0,26.74,26.74,0,296.5,296.5,0,11,,11
2024,General Motors LLC,GMX,LT,Light Trucks,4742,N,N,Y,General Motors LLC,GMX,GMC,4,SIERRA 4WD,947,2024,22,"TK10753,QAB,275/60R20,275/60R20",147.4,68.6,68.0,69.9,69.9,0,28.13,28.13,0,280.9,280.9,0,2624,,2624
2024,General Motors LLC,GMX,LT,Light Trucks,4742,N,N,Y,General Motors LLC,GMX,GMC,4,SIERRA 4WD,947,2024,23,"TK10753,QAE,275/60R20,275/60R20",147.4,68.6,68.0,69.9,69.9,0,28.13,28.13,0,280.9,280.9,0,1690,,1690
2024,General Motors LLC,GMX,LT,Light Trucks,4742,N,N,Y,General Motors LLC,GMX,GMC,4,SIERRA 4WD,947,2024,24,"TK10753,QBN,255/70R17,255/70R17",147.4,68.9,68.3,70.2,70.2,0,28.03,28.03,0,282.1,282.1,0,2114,,2114
2024,General Motors LLC,GMX,LT,Light Trucks,4742,N,N,Y,General Motors LLC,GMX,GMC,4,SIERRA 4WD,947,2024,25,"TK10753,QDF,265/65R18,265/65R18",147.4,68.7,68.2,70.0,70.0,0,28.10,28.10,0,281.3,281.3,0,67,,67
2024,General Motors LLC,GMX,LT,Light Trucks,4742,N,N,Y,General Motors LLC,GMX,GMC,4,SIERRA 4WD,947,2024,26,"TK10753,QDS,XCK,265/65R18,265/65R18",147.4,68.7,68.2,70.0,70.0,0,28.10,28.10,0,281.3,281.3,0,284,,284
2024,General Motors LLC,GMX,LT,Light Trucks,4742,N,N,Y,General Motors LLC,GMX,GMC,4,SIERRA 4WD,947,2024,27,"TK10753,QDV,265/70R17,265/70R17",147.4,68.9,68.3,70.2,70.2,0,28.03,28.03,0,282.1,282.1,0,315,,315
2024,General Motors LLC,GMX,LT,Light Trucks,4742,N,N,Y,General Motors LLC,GMX,GMC,4,SIERRA 4WD,947,2024,28,"TK10753,RC5,LT265/70R17,LT265/70R17",147.4,68.9,68.3,70.2,70.2,0,28.03,28.03,0,282.1,282.1,0,227,,227
2024,General Motors LLC,GMX,LT,Light Trucks,4742,N,N,Y,General Motors LLC,GMX,GMC,4,SIERRA 4WD,947,2024,29,"TK10753,XCK,265/65R18,265/65R18",147.4,68.7,68.2,70.0,70.0,0,28.10,28.10,0,281.3,281.3,0,12,,12
2024,General Motors LLC,GMX,LT,Light Trucks,4742,N,N,Y,General Motors LLC,GMX,GMC,4,SIERRA 4WD,947,2024,30,"TK10903,QBN,255/70R17,255/70R17",139.6,68.9,68.3,66.5,66.5,0,29.40,29.40,0,268.1,268.1,0,1327,,1327
2024,General Motors LLC,GMX,LT,Light Trucks,4742,N,N,Y,General Motors LLC,GMX,GMC,4,SIERRA 4WD,947,2024,31,"TK10903,QDV,265/70R17,265/70R17",139.6,68.9,68.3,66.5,66.5,0,29.40,29.40,0,268.1,268.1,0,576,,576
2024,General Motors LLC,GMX,LT,Light Trucks,4742,N,N,Y,General Motors LLC,GMX,GMC,4,SIERRA 4WD,947,2024,32,"TK10903,RC5,LT265/70R17,LT265/70R17",139.6,68.9,68.3,66.5,66.5,0,29.40,29.40,0,268.1,268.1,0,181,,181
2024,General Motors LLC,GMX,LT,Light Trucks,4742,N,N,Y,General Motors LLC,GMX,GMC,4,SIERRA 4WD AT4X,971,2024,1,"TK10543+ZRX,QFL,LT275/70R18,LT275/70R18",147.8,68.7,68.2,70.2,70.2,0,28.03,28.03,0,282.1,282.1,0,10163,,10163
2024,General Motors LLC,GMX,LT,Light Trucks,4742,N,N,Y,General Motors LLC,GMX,GMC,4,SIERRA 4WD MUD TERRAIN TIRES,970,2024,1,"TK10543+QFV,QFV,LT265/60R20,LT265/60R20",147.8,68.6,68.0,70.1,70.1,0,28.06,28.06,0,281.7,281.7,0,10259,,10259
2024,General Motors LLC,GMX,LT,Light Trucks,4742,N,N,Y,General Motors LLC,GMX,GMC,4,SIERRA 4WD MUD TERRAIN TIRES,970,2024,2,"TK10543+R3O,R3O,LT275/65R18,LT275/65R18",147.4,68.8,68.2,70.1,70.1,0,28.06,28.06,0,281.7,281.7,0,9610,,9610
2024,General Motors LLC,GMX,LT,Light Trucks,4742,N,N,Y,General Motors LLC,GMX,GMC,4,SIERRA 4WD MUD TERRAIN TIRES,970,2024,3,"TK10743+QFV,QFV,LT265/60R20,LT265/60R20",157.3,68.6,68.0,74.6,74.6,0,26.74,26.74,0,296.5,296.5,0,804,,804
2024,General Motors LLC,GMX,LT,Light Trucks,4742,N,N,Y,General Motors LLC,GMX,GMC,4,SIERRA 4WD MUD TERRAIN TIRES,970,2024,4,"TK10743+R3O,R3O,LT275/65R18,LT275/65R18",157.0,68.8,68.2,74.7,74.7,0,26.74,26.74,0,296.5,296.5,0,998,,998
2024,General Motors LLC,GMX,LT,Light Trucks,4742,N,N,Y,General Motors LLC,GMX,GMC,4,SIERRA 4WD MUD TERRAIN TIRES,970,2024,5,"TK10753+R3O,R3O,LT275/65R18,LT275/65R18",147.4,68.8,68.2,70.1,70.1,0,28.06,28.06,0,281.7,281.7,0,119,,119
2024,General Motors LLC,GMX,LT,Light Trucks,4742,N,N,Y,General Motors LLC,GMX,GMC,4,TERRAIN AWD,944,2024,1,"TXB26,5CY,225/65R17,225/65R17",107.3,61.4,62.6,46.2,46.2,0,40.27,40.27,0,191.6,191.6,0,17913,,17913
2024,General Motors LLC,GMX,LT,Light Trucks,4742,N,N,Y,General Motors LLC,GMX,GMC,4,TERRAIN AWD,944,2024,2,"TXB26,RR0,235/50R19,235/50R19",107.3,61.8,62.0,46.1,46.1,0,40.34,40.34,0,191.2,191.2,0,5684,,5684
2024,General Motors LLC,GMX,LT,Light Trucks,4742,N,N,Y,General Motors LLC,GMX,GMC,4,TERRAIN AWD,944,2024,3,"TXC26,QEN,225/65R17,225/65R17",107.3,62.2,62.4,46.4,46.4,0,40.12,40.12,0,192.3,192.3,0,9915,,9915
2024,General Motors LLC,GMX,LT,Light Trucks,4742,N,N,Y,General Motors LLC,GMX,GMC,4,TERRAIN AWD,944,2024,4,"TXC26,RR0,235/50R19,235/50R19",107.3,61.8,62.0,46.1,46.1,0,40.34,40.34,0,191.2,191.2,0,6688,,6688
2024,General Motors LLC,GMX,LT,Light Trucks,4742,N,N,Y,General Motors LLC,GMX,GMC,4,TERRAIN AWD,944,2024,5,"TXC26,RUB,225/60R18,225/60R18",107.3,62.0,62.3,46.3,46.3,0,40.20,40.20,0,192.0,192.0,0,18835,,18835
2024,General Motors LLC,GMX,LT,Light Trucks,4742,N,N,Y,General Motors LLC,GMX,GMC,4,TERRAIN AWD,944,2024,6,"TXD26,RR0,235/50R19,235/50R19",107.3,61.8,62.0,46.1,46.1,0,40.34,40.34,0,191.2,191.2,0,11827,,11827
2024,General Motors LLC,GMX,LT,Light Trucks,4742,N,N,Y,General Motors LLC,GMX,GMC,4,YUKON 2WD,34,2024,1,"TC17706,QDF,265/65R18,265/65R18",120.9,68.7,68.5,57.6,57.6,0,33.35,33.35,0,234.6,234.6,0,206,,206
2024,General Motors LLC,GMX,LT,Light Trucks,4742,N,N,Y,General Motors LLC,GMX,GMC,4,YUKON 2WD,34,2024,2,"TC17706,XCG,275/50R22,275/50R22",120.9,68.6,68.4,57.5,57.5,0,33.40,33.40,0,234.2,234.2,0,3083,,3083
2024,General Motors LLC,GMX,LT,Light Trucks,4742,N,N,Y,General Motors LLC,GMX,GMC,4,YUKON 2WD,34,2024,3,"TC17706,XCI,275/60R20,275/60R20",120.9,68.6,68.4,57.5,57.5,0,33.40,33.40,0,234.2,234.2,0,4480,,4480
2024,General Motors LLC,GMX,LT,Light Trucks,4742,N,N,Y,General Motors LLC,GMX,GMC,4,YUKON 4WD,65,2024,1,"TK17706,QAE,275/60R20,275/60R20",120.9,68.6,68.4,57.5,57.5,0,33.40,33.40,0,234.2,234.2,0,8321,,8321
2024,General Motors LLC,GMX,LT,Light Trucks,4742,N,N,Y,General Motors LLC,GMX,GMC,4,YUKON 4WD,65,2024,2,"TK17706,QDF,265/65R18,265/65R18",120.9,68.7,68.5,57.6,57.6,0,33.35,33.35,0,234.6,234.6,0,443,,443
2024,General Motors LLC,GMX,LT,Light Trucks,4742,N,N,Y,General Motors LLC,GMX,GMC,4,YUKON 4WD,65,2024,3,"TK17706,XCG,275/50R22,275/50R22",120.9,68.6,68.4,57.5,57.5,0,33.40,33.40,0,234.2,234.2,0,21792,,21792
2024,General Motors LLC,GMX,LT,Light Trucks,4742,N,N,Y,General Motors LLC,GMX,GMC,4,YUKON 4WD,65,2024,4,"TK17706,XCI,275/60R20,275/60R20",120.9,68.6,68.4,57.5,57.5,0,33.40,33.40,0,234.2,234.2,0,11048,,11048
2024,General Motors LLC,GMX,LT,Light Trucks,4742,N,N,Y,General Motors LLC,GMX,GMC,4,YUKON XL 2WD,55,2024,1,"TC17906,QDF,265/65R18,265/65R18",134.1,68.7,68.5,63.9,63.9,0,30.46,30.46,0,258.3,258.3,0,170,,170
2024,General Motors LLC,GMX,LT,Light Trucks,4742,N,N,Y,General Motors LLC,GMX,GMC,4,YUKON XL 2WD,55,2024,2,"TC17906,XCG,275/50R22,275/50R22",134.1,68.6,68.4,63.8,63.8,0,30.50,30.50,0,257.9,257.9,0,1651,,1651
2024,General Motors LLC,GMX,LT,Light Trucks,4742,N,N,Y,General Motors LLC,GMX,GMC,4,YUKON XL 2WD,55,2024,3,"TC17906,XCI,275/60R20,275/60R20",134.1,68.6,68.4,63.8,63.8,0,30.50,30.50,0,257.9,257.9,0,2605,,2605
2024,General Motors LLC,GMX,LT,Light Trucks,4742,N,N,Y,General Motors LLC,GMX,GMC,4,YUKON XL 4WD,63,2024,1,"TK17906,QAE,275/60R20,275/60R20",134.1,68.6,68.4,63.8,63.8,0,30.50,30.50,0,257.9,257.9,0,5296,,5296
2024,General Motors LLC,GMX,LT,Light Trucks,4742,N,N,Y,General Motors LLC,GMX,GMC,4,YUKON XL 4WD,63,2024,2,"TK17906,QDF,265/65R18,265/65R18",134.1,68.7,68.5,63.9,63.9,0,30.46,30.46,0,258.3,258.3,0,461,,461
2024,General Motors LLC,GMX,LT,Light Trucks,4742,N,N,Y,General Motors LLC,GMX,GMC,4,YUKON XL 4WD,63,2024,3,"TK17906,XCG,275/50R22,275/50R22",134.1,68.6,68.4,63.8,63.8,0,30.50,30.50,0,257.9,257.9,0,15456,,15456
2024,General Motors LLC,GMX,LT,Light Trucks,4742,N,N,Y,General Motors LLC,GMX,GMC,4,YUKON XL 4WD,63,2024,4,"TK17906,XCI,275/60R20,275/60R20",134.1,68.6,68.4,63.8,63.8,0,30.50,30.50,0,257.9,257.9,0,8453,,8453
2024,General Motors LLC,GMX,PV,Passenger Vehicles,4745,N,N,Y,General Motors LLC,GMX,Buick,1,ENCORE GX FWD,128,2024,1,"4TR26,QAI,225/55R18,225/55R18",102.2,61.1,61.8,43.6,43.6,0,52.36,52.36,0,147.4,147.4,0,20307,,20307
2024,General Motors LLC,GMX,PV,Passenger Vehicles,4745,N,N,Y,General Motors LLC,GMX,Buick,1,ENCORE GX FWD,128,2024,2,"4TS26,QAI,225/55R18,225/55R18",102.2,61.1,61.8,43.6,43.6,0,52.36,52.36,0,147.4,147.4,0,13534,,13534
2024,General Motors LLC,GMX,PV,Passenger Vehicles,4745,N,N,Y,General Motors LLC,GMX,Buick,1,ENCORE GX FWD,128,2024,3,"4TS26,RH3,245/45R19,245/45R19",102.2,61.1,61.8,43.6,43.6,0,52.36,52.36,0,147.4,147.4,0,1890,,1890
2024,General Motors LLC,GMX,PV,Passenger Vehicles,4745,N,N,Y,General Motors LLC,GMX,Buick,1,ENCORE GX FWD,128,2024,4,"4TT26,RH3,245/45R19,245/45R19",102.2,61.1,61.8,43.6,43.6,0,52.36,52.36,0,147.4,147.4,0,4061,,4061
2024,General Motors LLC,GMX,PV,Passenger Vehicles,4745,N,N,Y,General Motors LLC,GMX,Buick,1,ENVISTA,130,2024,1,"4TQ58,QA3,225/60R17,225/60R17",106.4,61.5,62.1,45.7,45.7,0,50.13,50.13,0,154.5,154.5,0,20137,,20137
2024,General Motors LLC,GMX,PV,Passenger Vehicles,4745,N,N,Y,General Motors LLC,GMX,Buick,1,ENVISTA,130,2024,2,"4TQ58,QAI,225/55R18,225/55R18",106.4,61.4,62.0,45.6,45.6,0,50.23,50.23,0,154.2,154.2,0,7,,7
2024,General Motors LLC,GMX,PV,Passenger Vehicles,4745,N,N,Y,General Motors LLC,GMX,Buick,1,ENVISTA,130,2024,3,"4TR58,QAI,225/55R18,225/55R18",106.4,61.4,62.0,45.6,45.6,0,50.23,50.23,0,154.2,154.2,0,16160,,16160
2024,General Motors LLC,GMX,PV,Passenger Vehicles,4745,N,N,Y,General Motors LLC,GMX,Buick,1,ENVISTA,130,2024,4,"4TR58,RH3,245/45R19,245/45R19",106.4,61.4,62.1,45.7,45.7,0,50.13,50.13,0,154.5,154.5,0,4943,,4943
2024,General Motors LLC,GMX,PV,Passenger Vehicles,4745,N,N,Y,General Motors LLC,GMX,Buick,1,ENVISTA,130,2024,5,"4TS58,RH3,245/45R19,245/45R19",106.4,61.4,62.1,45.7,45.7,0,50.13,50.13,0,154.5,154.5,0,10180,,10180
2024,General Motors LLC,GMX,PV,Passenger Vehicles,4745,N,N,Y,General Motors LLC,GMX,Cadillac,2,CT4,568,2024,1,"6DB69,Q5O,225/45R17,225/45R17",109.3,60.4,62.1,46.5,46.5,0,49.33,49.33,0,157.2,157.2,0,2001,,2001
2024,General Motors LLC,GMX,PV,Passenger Vehicles,4745,N,N,Y,General Motors LLC,GMX,Cadillac,2,CT4,568,2024,2,"6DB69,RQD,235/35R19,235/35R19",109.3,60.3,61.9,46.4,46.4,0,49.43,49.43,0,156.9,156.9,0,174,,174
2024,General Motors LLC,GMX,PV,Passenger Vehicles,4745,N,N,Y,General Motors LLC,GMX,Cadillac,2,CT4,568,2024,3,"6DC69,Q4A,235/40R18,235/40R18",109.3,60.2,61.9,46.3,46.3,0,49.53,49.53,0,156.6,156.6,0,912,,912
2024,General Motors LLC,GMX,PV,Passenger Vehicles,4745,N,N,Y,General Motors LLC,GMX,Cadillac,2,CT4,568,2024,4,"6DC69,RQD,235/35R19,235/35R19",109.3,60.3,61.9,46.4,46.4,0,49.43,49.43,0,156.9,156.9,0,44,,44
2024,General Motors LLC,GMX,PV,Passenger Vehicles,4745,N,N,Y,General Motors LLC,GMX,Cadillac,2,CT4,568,2024,5,"6DD69,Q4D,235/40R18,235/40R18",109.3,60.2,61.8,46.3,46.3,0,49.53,49.53,0,156.6,156.6,0,331,,331
2024,General Motors LLC,GMX,PV,Passenger Vehicles,4745,N,N,Y,General Motors LLC,GMX,Cadillac,2,CT4,568,2024,6,"6DD69,RQD,235/35R19,235/35R19",109.3,60.3,61.9,46.4,46.4,0,49.43,49.43,0,156.9,156.9,0,63,,63
2024,General Motors LLC,GMX,PV,Passenger Vehicles,4745,N,N,Y,General Motors LLC,GMX,Cadillac,2,CT4 AWD,569,2024,1,"6DB69+F46,Q5O,225/45R17,225/45R17",109.3,60.4,62.1,46.5,46.5,0,49.33,49.33,0,157.2,157.2,0,929,,929
2024,General Motors LLC,GMX,PV,Passenger Vehicles,4745,N,N,Y,General Motors LLC,GMX,Cadillac,2,CT4 AWD,569,2024,2,"6DB69+F46,RQD,235/35R19,235/35R19",109.3,60.2,61.9,46.3,46.3,0,49.53,49.53,0,156.6,156.6,0,135,,135
2024,General Motors LLC,GMX,PV,Passenger Vehicles,4745,N,N,Y,General Motors LLC,GMX,Cadillac,2,CT4 AWD,569,2024,3,"6DC69+F46,Q4A,235/40R18,235/40R18",109.3,60.2,61.9,46.3,46.3,0,49.53,49.53,0,156.6,156.6,0,796,,796
2024,General Motors LLC,GMX,PV,Passenger Vehicles,4745,N,N,Y,General Motors LLC,GMX,Cadillac,2,CT4 AWD,569,2024,4,"6DC69+F46,RQD,235/35R19,235/35R19",109.3,60.2,61.9,46.3,46.3,0,49.53,49.53,0,156.6,156.6,0,47,,47
2024,General Motors LLC,GMX,PV,Passenger Vehicles,4745,N,N,Y,General Motors LLC,GMX,Cadillac,2,CT4 AWD,569,2024,5,"6DD69+F46,Q4D,235/40R18,235/40R18",109.3,60.2,61.9,46.3,46.3,0,49.53,49.53,0,156.6,156.6,0,272,,272
2024,General Motors LLC,GMX,PV,Passenger Vehicles,4745,N,N,Y,General Motors LLC,GMX,Cadillac,2,CT4 AWD,569,2024,6,"6DD69+F46,RQD,235/35R19,235/35R19",109.3,60.2,61.9,46.3,46.3,0,49.53,49.53,0,156.6,156.6,0,63,,63
2024,General Motors LLC,GMX,PV,Passenger Vehicles,4745,N,N,Y,General Motors LLC,GMX,Cadillac,2,CT4 V,572,2024,1,"6DE69,Q4C,235/40R18,235/40R18",109.3,60.2,61.8,46.3,46.3,0,49.53,49.53,0,156.6,156.6,0,90,,90
2024,General Motors LLC,GMX,PV,Passenger Vehicles,4745,N,N,Y,General Motors LLC,GMX,Cadillac,2,CT4 V,572,2024,2,"6DE69,Q4D,235/40R18,235/40R18",109.3,60.2,61.8,46.3,46.3,0,49.53,49.53,0,156.6,156.6,0,8,,8
2024,General Motors LLC,GMX,PV,Passenger Vehicles,4745,N,N,Y,General Motors LLC,GMX,Cadillac,2,CT4 V,572,2024,3,"6DE69,RQD,235/35R19,235/35R19",109.3,60.3,61.9,46.4,46.4,0,49.43,49.43,0,156.9,156.9,0,33,,33
2024,General Motors LLC,GMX,PV,Passenger Vehicles,4745,N,N,Y,General Motors LLC,GMX,Cadillac,2,CT4 V,572,2024,4,"6DF69,R65,255/35ZR18 / E,275/35ZR18 / E",109.3,61.0,60.9,46.3,46.3,0,49.53,49.53,0,156.6,156.6,0,786,,786
2024,General Motors LLC,GMX,PV,Passenger Vehicles,4745,N,N,Y,General Motors LLC,GMX,Cadillac,2,CT4 V AWD,574,2024,1,"6DE69+F46,Q4C,235/40R18,235/40R18",109.3,60.2,61.9,46.3,46.3,0,49.53,49.53,0,156.6,156.6,0,84,,84
2024,General Motors LLC,GMX,PV,Passenger Vehicles,4745,N,N,Y,General Motors LLC,GMX,Cadillac,2,CT4 V AWD,574,2024,2,"6DE69+F46,Q4D,235/40R18,235/40R18",109.3,60.2,61.9,46.3,46.3,0,49.53,49.53,0,156.6,156.6,0,30,,30
2024,General Motors LLC,GMX,PV,Passenger Vehicles,4745,N,N,Y,General Motors LLC,GMX,Cadillac,2,CT4 V AWD,574,2024,3,"6DE69+F46,RQD,235/35R19,235/35R19",109.3,60.2,61.9,46.3,46.3,0,49.53,49.53,0,156.6,156.6,0,111,,111
2024,General Motors LLC,GMX,PV,Passenger Vehicles,4745,N,N,Y,General Motors LLC,GMX,Cadillac,2,CT5,570,2024,1,"6DB79,QBC,245/45R18,245/45R18",116.0,62.8,64.4,51.2,51.2,0,45.09,45.09,0,173.2,173.2,0,2131,,2131
2024,General Motors LLC,GMX,PV,Passenger Vehicles,4745,N,N,Y,General Motors LLC,GMX,Cadillac,2,CT5,570,2024,2,"6DB79,QES,255/35ZR20,255/35ZR20",116.0,62.3,63.7,50.8,50.8,0,45.43,45.43,0,171.8,171.8,0,25,,25
2024,General Motors LLC,GMX,PV,Passenger Vehicles,4745,N,N,Y,General Motors LLC,GMX,Cadillac,2,CT5,570,2024,3,"6DC79,QBC,245/45R18,245/45R18",116.0,62.8,64.4,51.2,51.2,0,45.09,45.09,0,173.2,173.2,0,1124,,1124
2024,General Motors LLC,GMX,PV,Passenger Vehicles,4745,N,N,Y,General Motors LLC,GMX,Cadillac,2,CT5,570,2024,4,"6DC79,QBF,245/45R18,245/45R18",116.0,62.8,64.4,51.2,51.2,0,45.09,45.09,0,173.2,173.2,0,5,,5
2024,General Motors LLC,GMX,PV,Passenger Vehicles,4745,N,N,Y,General Motors LLC,GMX,Cadillac,2,CT5,570,2024,5,"6DC79,QBJ,245/40R19,245/40R19",116.0,62.8,64.3,51.2,51.2,0,45.09,45.09,0,173.2,173.2,0,336,,336
2024,General Motors LLC,GMX,PV,Passenger Vehicles,4745,N,N,Y,General Motors LLC,GMX,Cadillac,2,CT5,570,2024,6,"6DC79,QES,255/35ZR20,255/35ZR20",116.0,62.3,63.7,50.8,50.8,0,45.43,45.43,0,171.8,171.8,0,574,,574
2024,General Motors LLC,GMX,PV,Passenger Vehicles,4745,N,N,Y,General Motors LLC,GMX,Cadillac,2,CT5,570,2024,7,"6DD79,QBJ,245/40R19,245/40R19",116.0,62.8,64.3,51.2,51.2,0,45.09,45.09,0,173.2,173.2,0,966,,966
2024,General Motors LLC,GMX,PV,Passenger Vehicles,4745,N,N,Y,General Motors LLC,GMX,Cadillac,2,CT5,570,2024,8,"6DD79,QES,255/35ZR20,255/35ZR20",116.0,62.3,63.7,50.8,50.8,0,45.43,45.43,0,171.8,171.8,0,81,,81
2024,General Motors LLC,GMX,PV,Passenger Vehicles,4745,N,N,Y,General Motors LLC,GMX,Cadillac,2,CT5 AWD,571,2024,1,"6DB79+F46,QBC,245/45R18,245/45R18",115.8,62.9,64.3,51.1,51.1,0,45.18,45.18,0,172.8,172.8,0,1196,,1196
2024,General Motors LLC,GMX,PV,Passenger Vehicles,4745,N,N,Y,General Motors LLC,GMX,Cadillac,2,CT5 AWD,571,2024,2,"6DB79+F46,QES,255/35ZR20,255/35ZR20",116.0,62.3,63.6,50.8,50.8,0,45.43,45.43,0,171.8,171.8,0,28,,28
2024,General Motors LLC,GMX,PV,Passenger Vehicles,4745,N,N,Y,General Motors LLC,GMX,Cadillac,2,CT5 AWD,571,2024,3,"6DC79+F46,QBC,245/45R18,245/45R18",115.8,62.9,64.3,51.1,51.1,0,45.18,45.18,0,172.8,172.8,0,1306,,1306
2024,General Motors LLC,GMX,PV,Passenger Vehicles,4745,N,N,Y,General Motors LLC,GMX,Cadillac,2,CT5 AWD,571,2024,4,"6DC79+F46,QBF,245/45R18,245/45R18",115.8,62.9,64.3,51.1,51.1,0,45.18,45.18,0,172.8,172.8,0,33,,33
2024,General Motors LLC,GMX,PV,Passenger Vehicles,4745,N,N,Y,General Motors LLC,GMX,Cadillac,2,CT5 AWD,571,2024,5,"6DC79+F46,QBJ,245/40R19,245/40R19",115.8,62.9,64.4,51.1,51.1,0,45.18,45.18,0,172.8,172.8,0,480,,480
2024,General Motors LLC,GMX,PV,Passenger Vehicles,4745,N,N,Y,General Motors LLC,GMX,Cadillac,2,CT5 AWD,571,2024,6,"6DC79+F46,QES,255/35ZR20,255/35ZR20",116.0,62.3,63.6,50.8,50.8,0,45.43,45.43,0,171.8,171.8,0,616,,616
2024,General Motors LLC,GMX,PV,Passenger Vehicles,4745,N,N,Y,General Motors LLC,GMX,Cadillac,2,CT5 AWD,571,2024,7,"6DD79+F46,QBJ,245/40R19,245/40R19",115.8,62.9,64.4,51.1,51.1,0,45.18,45.18,0,172.8,172.8,0,731,,731
2024,General Motors LLC,GMX,PV,Passenger Vehicles,4745,N,N,Y,General Motors LLC,GMX,Cadillac,2,CT5 AWD,571,2024,8,"6DD79+F46,QES,255/35ZR20,255/35ZR20",116.0,62.3,63.6,50.8,50.8,0,45.43,45.43,0,171.8,171.8,0,60,,60
2024,General Motors LLC,GMX,PV,Passenger Vehicles,4745,N,N,Y,General Motors LLC,GMX,Cadillac,2,CT5 V,573,2024,1,"6DE79,QBJ,245/40R19,245/40R19",116.0,62.8,64.3,51.2,51.2,0,45.09,45.09,0,173.2,173.2,0,86,,86
2024,General Motors LLC,GMX,PV,Passenger Vehicles,4745,N,N,Y,General Motors LLC,GMX,Cadillac,2,CT5 V,573,2024,2,"6DE79,QBK,245/40R19,245/40R19",116.0,63.0,64.3,51.2,51.2,0,45.09,45.09,0,173.2,173.2,0,879,,879
2024,General Motors LLC,GMX,PV,Passenger Vehicles,4745,N,N,Y,General Motors LLC,GMX,Cadillac,2,CT5 V,573,2024,3,"6DE79,QES,255/35ZR20,255/35ZR20",116.0,62.3,63.7,50.8,50.8,0,45.43,45.43,0,171.8,171.8,0,221,,221
2024,General Motors LLC,GMX,PV,Passenger Vehicles,4745,N,N,Y,General Motors LLC,GMX,Cadillac,2,CT5 V,573,2024,4,"6DF79,ROF,275/35ZR19 / E,305/30ZR19 / E",116.0,63.9,62.8,51.1,51.1,0,45.18,45.18,0,172.8,172.8,0,1933,,1933
2024,General Motors LLC,GMX,PV,Passenger Vehicles,4745,N,N,Y,General Motors LLC,GMX,Cadillac,2,CT5 V AWD,575,2024,1,"6DE79+F46,QBJ,245/40R19,245/40R19",115.8,62.9,64.4,51.1,51.1,0,45.18,45.18,0,172.8,172.8,0,340,,340
2024,General Motors LLC,GMX,PV,Passenger Vehicles,4745,N,N,Y,General Motors LLC,GMX,Cadillac,2,CT5 V AWD,575,2024,2,"6DE79+F46,QBK,245/40R19,245/40R19",115.8,62.9,64.4,51.1,51.1,0,45.18,45.18,0,172.8,172.8,0,635,,635
2024,General Motors LLC,GMX,PV,Passenger Vehicles,4745,N,N,Y,General Motors LLC,GMX,Cadillac,2,CT5 V AWD,575,2024,3,"6DE79+F46,QES,255/35ZR20,255/35ZR20",116.0,62.3,63.6,50.8,50.8,0,45.43,45.43,0,171.8,171.8,0,453,,453
2024,General Motors LLC,GMX,PV,Passenger Vehicles,4745,N,N,Y,General Motors LLC,GMX,Cadillac,2,XT4 FWD,564,2024,1,"6ZB26,XD7,235/60R18,235/60R18",109.4,63.4,63.4,48.2,48.2,0,47.71,47.71,0,163.0,163.0,0,4960,,4960
2024,General Motors LLC,GMX,PV,Passenger Vehicles,4745,N,N,Y,General Motors LLC,GMX,Cadillac,2,XT4 FWD,564,2024,2,"6ZC26,XD7,235/60R18,235/60R18",109.4,63.4,63.4,48.2,48.2,0,47.71,47.71,0,163.0,163.0,0,4246,,4246
2024,General Motors LLC,GMX,PV,Passenger Vehicles,4745,N,N,Y,General Motors LLC,GMX,Cadillac,2,XT4 FWD,564,2024,3,"6ZC26,XD9,245/45R20,245/45R20",109.4,63.4,63.4,48.2,48.2,0,47.71,47.71,0,163.0,163.0,0,1937,,1937
2024,General Motors LLC,GMX,PV,Passenger Vehicles,4745,N,N,Y,General Motors LLC,GMX,Cadillac,2,XT4 FWD,564,2024,4,"6ZE26,XD7,235/60R18,235/60R18",109.4,63.4,63.4,48.2,48.2,0,47.71,47.71,0,163.0,163.0,0,1194,,1194
2024,General Motors LLC,GMX,PV,Passenger Vehicles,4745,N,N,Y,General Motors LLC,GMX,Cadillac,2,XT4 FWD,564,2024,5,"6ZE26,XD9,245/45R20,245/45R20",109.4,63.4,63.4,48.2,48.2,0,47.71,47.71,0,163.0,163.0,0,2093,,2093
2024,General Motors LLC,GMX,PV,Passenger Vehicles,4745,N,N,Y,General Motors LLC,GMX,Chevrolet,3,BLAZER EV AWD,501,2024,4,"1MF26+XFD,QH9,265/50R20,265/50R20",121.8,66.1,66.3,56.0,56.0,0,41.48,41.48,0,189.4,189.4,0,556,,556
2024,General Motors LLC,GMX,PV,Passenger Vehicles,4745,N,N,Y,General Motors LLC,GMX,Chevrolet,3,CAMARO,970,2024,1,"1AG37,R0H,245/50R18,245/50R18",110.7,62.8,64.1,48.7,48.7,0,47.25,47.25,0,164.7,164.7,0,467,,467
2024,General Motors LLC,GMX,PV,Passenger Vehicles,4745,N,N,Y,General Motors LLC,GMX,Chevrolet,3,CAMARO,970,2024,2,"1AG37,R29,245/40R20,245/40R20",110.7,63.3,64.6,49.2,49.2,0,46.80,46.80,0,166.4,166.4,0,1525,,1525
2024,General Motors LLC,GMX,PV,Passenger Vehicles,4745,N,N,Y,General Motors LLC,GMX,Chevrolet,3,CAMARO,970,2024,3,"1AG67,R0H,245/50R18,245/50R18",110.7,62.8,64.1,48.7,48.7,0,47.25,47.25,0,164.7,164.7,0,146,,146
2024,General Motors LLC,GMX,PV,Passenger Vehicles,4745,N,N,Y,General Motors LLC,GMX,Chevrolet,3,CAMARO,970,2024,4,"1AG67,R29,245/40R20,245/40R20",110.7,63.3,64.6,49.2,49.2,0,46.80,46.80,0,166.4,166.4,0,519,,519
2024,General Motors LLC,GMX,PV,Passenger Vehicles,4745,N,N,Y,General Motors LLC,GMX,Chevrolet,3,CAMARO,970,2024,5,"1AH37,R0H,245/50R18,245/50R18",110.7,62.8,64.1,48.7,48.7,0,47.25,47.25,0,164.7,164.7,0,181,,181
2024,General Motors LLC,GMX,PV,Passenger Vehicles,4745,N,N,Y,General Motors LLC,GMX,Chevrolet,3,CAMARO,970,2024,6,"1AH37,R29,245/40R20,245/40R20",110.7,63.3,64.6,49.2,49.2,0,46.80,46.80,0,166.4,166.4,0,1519,,1519
2024,General Motors LLC,GMX,PV,Passenger Vehicles,4745,N,N,Y,General Motors LLC,GMX,Chevrolet,3,CAMARO,970,2024,7,"1AH67,R0H,245/50R18,245/50R18",110.7,62.8,64.1,48.7,48.7,0,47.25,47.25,0,164.7,164.7,0,103,,103
2024,General Motors LLC,GMX,PV,Passenger Vehicles,4745,N,N,Y,General Motors LLC,GMX,Chevrolet,3,CAMARO,970,2024,8,"1AH67,R29,245/40R20,245/40R20",110.7,63.3,64.6,49.2,49.2,0,46.80,46.80,0,166.4,166.4,0,1030,,1030
2024,General Motors LLC,GMX,PV,Passenger Vehicles,4745,N,N,Y,General Motors LLC,GMX,Chevrolet,3,CAMARO,970,2024,9,"1AJ37,R0F,245/40ZR20,275/35ZR20",110.7,63.4,63.1,48.6,48.6,0,47.34,47.34,0,164.4,164.4,0,310,,310
2024,General Motors LLC,GMX,PV,Passenger Vehicles,4745,N,N,Y,General Motors LLC,GMX,Chevrolet,3,CAMARO,970,2024,10,"1AJ67,R0F,245/40ZR20,275/35ZR20",110.7,63.4,63.1,48.6,48.6,0,47.34,47.34,0,164.4,164.4,0,132,,132
2024,General Motors LLC,GMX,PV,Passenger Vehicles,4745,N,N,Y,General Motors LLC,GMX,Chevrolet,3,CAMARO,970,2024,11,"1AK37,R0F,245/40ZR20,275/35ZR20",110.7,63.4,63.1,48.6,48.6,0,47.34,47.34,0,164.4,164.4,0,1769,,1769
2024,General Motors LLC,GMX,PV,Passenger Vehicles,4745,N,N,Y,General Motors LLC,GMX,Chevrolet,3,CAMARO,970,2024,12,"1AK67,R0F,245/40ZR20,275/35ZR20",110.7,63.4,63.1,48.6,48.6,0,47.34,47.34,0,164.4,164.4,0,1167,,1167
2024,General Motors LLC,GMX,PV,Passenger Vehicles,4745,N,N,Y,General Motors LLC,GMX,Chevrolet,3,CAMARO,970,2024,13,"1AL37,R0G,285/30ZR20,305/30ZR20",110.7,63.8,62.3,48.4,48.4,0,47.52,47.52,0,163.7,163.7,0,733,,733
2024,General Motors LLC,GMX,PV,Passenger Vehicles,4745,N,N,Y,General Motors LLC,GMX,Chevrolet,3,CAMARO,970,2024,14,"1AL67,R0G,285/30ZR20,305/30ZR20",110.7,63.8,62.3,48.4,48.4,0,47.52,47.52,0,163.7,163.7,0,332,,332
2024,General Motors LLC,GMX,PV,Passenger Vehicles,4745,N,N,Y,General Motors LLC,GMX,Chevrolet,3,CAMARO,970,2024,15,"1AT37,R29,245/40R20,245/40R20",110.7,63.3,64.6,49.2,49.2,0,46.80,46.80,0,166.4,166.4,0,565,,565
2024,General Motors LLC,GMX,PV,Passenger Vehicles,4745,N,N,Y,General Motors LLC,GMX,Chevrolet,3,CAMARO,970,2024,16,"1AT67,R29,245/40R20,245/40R20",110.7,63.3,64.6,49.2,49.2,0,46.80,46.80,0,166.4,166.4,0,250,,250
2024,General Motors LLC,GMX,PV,Passenger Vehicles,4745,N,N,Y,General Motors LLC,GMX,Chevrolet,3,CAMARO,970,2024,17,"1AV37,R0G,285/30ZR20,305/30ZR20",110.7,63.8,62.3,48.4,48.4,0,47.52,47.52,0,163.7,163.7,0,394,,394
2024,General Motors LLC,GMX,PV,Passenger Vehicles,4745,N,N,Y,General Motors LLC,GMX,Chevrolet,3,CAMARO,970,2024,18,"1AY37,R0G,285/30ZR20,305/30ZR20",110.7,63.8,62.3,48.4,48.4,0,47.52,47.52,0,163.7,163.7,0,136,,136
2024,General Motors LLC,GMX,PV,Passenger Vehicles,4745,N,N,Y,General Motors LLC,GMX,Chevrolet,3,CAMARO,970,2024,19,"1AZ37,R6O,305/30ZR19,325/30ZR19",110.7,63.8,63.8,49.0,49.0,0,46.98,46.98,0,165.7,165.7,0,44,,44
2024,General Motors LLC,GMX,PV,Passenger Vehicles,4745,N,N,Y,General Motors LLC,GMX,Chevrolet,3,CORVETTE,7,2024,1,"1YC07,XFN,245/35ZR19,305/30R20",107.2,64.9,62.4,47.3,47.3,0,48.55,48.55,0,159.9,159.9,0,8252,,8252
2024,General Motors LLC,GMX,PV,Passenger Vehicles,4745,N,N,Y,General Motors LLC,GMX,Chevrolet,3,CORVETTE,7,2024,2,"1YC07,XFQ,245/35R19,305/30R20",107.2,64.9,62.4,47.3,47.3,0,48.55,48.55,0,159.9,159.9,0,7718,,7718
2024,General Motors LLC,GMX,PV,Passenger Vehicles,4745,N,N,Y,General Motors LLC,GMX,Chevrolet,3,CORVETTE,7,2024,3,"1YC67,XFN,245/35ZR19,305/30R20",107.2,64.9,62.4,47.3,47.3,0,48.55,48.55,0,159.9,159.9,0,4594,,4594
2024,General Motors LLC,GMX,PV,Passenger Vehicles,4745,N,N,Y,General Motors LLC,GMX,Chevrolet,3,CORVETTE,7,2024,4,"1YC67,XFQ,245/35R19,305/30R20",107.2,64.9,62.4,47.3,47.3,0,48.55,48.55,0,159.9,159.9,0,6279,,6279
2024,General Motors LLC,GMX,PV,Passenger Vehicles,4745,N,N,Y,General Motors LLC,GMX,Chevrolet,3,CORVETTE E-RAY,11,2024,1,"1YG07,XFR,275/30ZR20,345/25ZR21",107.2,66.3,64.4,48.7,48.7,0,47.25,47.25,0,164.7,164.7,0,299,,299
2024,General Motors LLC,GMX,PV,Passenger Vehicles,4745,N,N,Y,General Motors LLC,GMX,Chevrolet,3,CORVETTE E-RAY,11,2024,2,"1YG07,XFT,275/30ZR20,345/25ZR21",107.2,66.3,64.4,48.7,48.7,0,47.25,47.25,0,164.7,164.7,0,187,,187
2024,General Motors LLC,GMX,PV,Passenger Vehicles,4745,N,N,Y,General Motors LLC,GMX,Chevrolet,3,CORVETTE E-RAY,11,2024,3,"1YG67,XFR,275/30ZR20,345/25ZR21",107.2,66.3,64.4,48.7,48.7,0,47.25,47.25,0,164.7,164.7,0,405,,405
2024,General Motors LLC,GMX,PV,Passenger Vehicles,4745,N,N,Y,General Motors LLC,GMX,Chevrolet,3,CORVETTE E-RAY,11,2024,4,"1YG67,XFT,275/30ZR20,345/25ZR21",107.2,66.3,64.4,48.7,48.7,0,47.25,47.25,0,164.7,164.7,0,282,,282
2024,General Motors LLC,GMX,PV,Passenger Vehicles,4745,N,N,Y,General Motors LLC,GMX,Chevrolet,3,CORVETTE Z06,14,2024,1,"1YH07,XFR,275/30ZR20,345/25ZR21",107.2,66.3,64.4,48.7,48.7,0,47.25,47.25,0,164.7,164.7,0,3078,,3078
2024,General Motors LLC,GMX,PV,Passenger Vehicles,4745,N,N,Y,General Motors LLC,GMX,Chevrolet,3,CORVETTE Z06,14,2024,2,"1YH67,XFR,275/30ZR20,345/25ZR21",107.2,66.3,64.4,48.7,48.7,0,47.25,47.25,0,164.7,164.7,0,3228,,3228
2024,General Motors LLC,GMX,PV,Passenger Vehicles,4745,N,N,Y,General Motors LLC,GMX,Chevrolet,3,CORVETTE Z06 CARBON AERO,15,2024,1,"1YH07+T0F,XFR,275/30ZR20,345/25ZR21",107.2,66.3,64.4,48.7,48.7,0,47.25,47.25,0,164.7,164.7,0,192,,192
2024,General Motors LLC,GMX,PV,Passenger Vehicles,4745,N,N,Y,General Motors LLC,GMX,Chevrolet,3,CORVETTE Z06 CARBON AERO,15,2024,2,"1YH07+T0F,XFS,275/30ZR20,345/25ZR21",107.2,66.3,64.4,48.7,48.7,0,47.25,47.25,0,164.7,164.7,0,419,,419
2024,General Motors LLC,GMX,PV,Passenger Vehicles,4745,N,N,Y,General Motors LLC,GMX,Chevrolet,3,CORVETTE Z06 CARBON AERO,15,2024,3,"1YH07+T0G,XFR,275/30ZR20,345/25ZR21",107.2,66.3,64.4,48.7,48.7,0,47.25,47.25,0,164.7,164.7,0,121,,121
2024,General Motors LLC,GMX,PV,Passenger Vehicles,4745,N,N,Y,General Motors LLC,GMX,Chevrolet,3,CORVETTE Z06 CARBON AERO,15,2024,4,"1YH07+T0G,XFS,275/30ZR20,345/25ZR21",107.2,66.3,64.4,48.7,48.7,0,47.25,47.25,0,164.7,164.7,0,726,,726
2024,General Motors LLC,GMX,PV,Passenger Vehicles,4745,N,N,Y,General Motors LLC,GMX,Chevrolet,3,CORVETTE Z06 CARBON AERO,15,2024,5,"1YH67+T0F,XFR,275/30ZR20,345/25ZR21",107.2,66.3,64.4,48.7,48.7,0,47.25,47.25,0,164.7,164.7,0,212,,212
2024,General Motors LLC,GMX,PV,Passenger Vehicles,4745,N,N,Y,General Motors LLC,GMX,Chevrolet,3,CORVETTE Z06 CARBON AERO,15,2024,6,"1YH67+T0F,XFS,275/30ZR20,345/25ZR21",107.2,66.3,64.4,48.7,48.7,0,47.25,47.25,0,164.7,164.7,0,413,,413
2024,General Motors LLC,GMX,PV,Passenger Vehicles,4745,N,N,Y,General Motors LLC,GMX,Chevrolet,3,CORVETTE Z06 CARBON AERO,15,2024,7,"1YH67+T0G,XFR,275/30ZR20,345/25ZR21",107.2,66.3,64.4,48.7,48.7,0,47.25,47.25,0,164.7,164.7,0,107,,107
2024,General Motors LLC,GMX,PV,Passenger Vehicles,4745,N,N,Y,General Motors LLC,GMX,Chevrolet,3,CORVETTE Z06 CARBON AERO,15,2024,8,"1YH67+T0G,XFS,275/30ZR20,345/25ZR21",107.2,66.3,64.4,48.7,48.7,0,47.25,47.25,0,164.7,164.7,0,715,,715
2024,General Motors LLC,GMX,PV,Passenger Vehicles,4745,N,N,Y,General Motors LLC,GMX,Chevrolet,3,EQUINOX EV FWD,983,2024,1,"1MB48+FWD,QLU,245/55R19,245/55R19",116.3,63.8,63.8,51.5,51.5,0,44.85,44.85,0,174.2,174.2,0,8173,,8173
2024,General Motors LLC,GMX,PV,Passenger Vehicles,4745,N,N,Y,General Motors LLC,GMX,Chevrolet,3,EQUINOX EV FWD,983,2024,2,"1MC48+FWD,QLT,275/40R21,275/40R21",116.3,63.6,63.6,51.4,51.4,0,44.93,44.93,0,173.8,173.8,0,1396,,1396
2024,General Motors LLC,GMX,PV,Passenger Vehicles,4745,N,N,Y,General Motors LLC,GMX,Chevrolet,3,EQUINOX EV FWD,983,2024,3,"1MM48+FWD,QLT,275/40R21,275/40R21",116.3,63.6,63.6,51.4,51.4,0,44.93,44.93,0,173.8,173.8,0,6822,,6822
2024,General Motors LLC,GMX,PV,Passenger Vehicles,4745,N,N,Y,General Motors LLC,GMX,Chevrolet,3,EQUINOX EV FWD,983,2024,4,"1MN48+FWD,QLT,275/40R21,275/40R21",116.3,63.6,63.6,51.4,51.4,0,44.93,44.93,0,173.8,173.8,0,786,,786
2024,General Motors LLC,GMX,PV,Passenger Vehicles,4745,N,N,Y,General Motors LLC,GMX,Chevrolet,3,EQUINOX FWD,981,2024,1,"1XP26,5CX,225/65R17,225/65R17",107.3,61.4,62.6,46.2,46.2,0,49.63,49.63,0,156.2,156.2,0,26971,,26971
2024,General Motors LLC,GMX,PV,Passenger Vehicles,4745,N,N,Y,General Motors LLC,GMX,Chevrolet,3,EQUINOX FWD,981,2024,2,"1XP26,RUB,225/60R18,225/60R18",107.3,62.2,62.4,46.4,46.4,0,49.43,49.43,0,156.9,156.9,0,7215,,7215
2024,General Motors LLC,GMX,PV,Passenger Vehicles,4745,N,N,Y,General Motors LLC,GMX,Chevrolet,3,EQUINOX FWD,981,2024,3,"1XR26,5CX,225/65R17,225/65R17",107.3,61.4,62.6,46.2,46.2,0,49.63,49.63,0,156.2,156.2,0,44847,,44847
2024,General Motors LLC,GMX,PV,Passenger Vehicles,4745,N,N,Y,General Motors LLC,GMX,Chevrolet,3,EQUINOX FWD,981,2024,4,"1XR26,RR0,235/50R19,235/50R19",107.3,61.9,62.2,46.2,46.2,0,49.63,49.63,0,156.2,156.2,0,17039,,17039
2024,General Motors LLC,GMX,PV,Passenger Vehicles,4745,N,N,Y,General Motors LLC,GMX,Chevrolet,3,EQUINOX FWD,981,2024,5,"1XR26,RUB,225/60R18,225/60R18",107.3,62.2,62.4,46.4,46.4,0,49.43,49.43,0,156.9,156.9,0,6399,,6399
2024,General Motors LLC,GMX,PV,Passenger Vehicles,4745,N,N,Y,General Motors LLC,GMX,Chevrolet,3,EQUINOX FWD,981,2024,6,"1XS26,RR0,235/50R19,235/50R19",107.3,61.9,62.2,46.2,46.2,0,49.63,49.63,0,156.2,156.2,0,2048,,2048
2024,General Motors LLC,GMX,PV,Passenger Vehicles,4745,N,N,Y,General Motors LLC,GMX,Chevrolet,3,EQUINOX FWD,981,2024,7,"1XS26,RUB,225/60R18,225/60R18",107.3,62.2,62.4,46.4,46.4,0,49.43,49.43,0,156.9,156.9,0,4552,,4552
2024,General Motors LLC,GMX,PV,Passenger Vehicles,4745,N,N,Y,General Motors LLC,GMX,Chevrolet,3,MALIBU,973,2024,1,"1ZC69,R83,P205/65R16,P205/65R16",111.4,63.1,63.3,48.9,48.9,0,47.07,47.07,0,165.4,165.4,0,23450,,23450
2024,General Motors LLC,GMX,PV,Passenger Vehicles,4745,N,N,Y,General Motors LLC,GMX,Chevrolet,3,MALIBU,973,2024,2,"1ZD69,R0X,245/45R18,245/45R18",111.4,62.4,62.5,48.3,48.3,0,47.62,47.62,0,163.3,163.3,0,12373,,12373
2024,General Motors LLC,GMX,PV,Passenger Vehicles,4745,N,N,Y,General Motors LLC,GMX,Chevrolet,3,MALIBU,973,2024,3,"1ZD69,R83,P205/65R16,P205/65R16",111.4,63.1,63.3,48.9,48.9,0,47.07,47.07,0,165.4,165.4,0,12331,,12331
2024,General Motors LLC,GMX,PV,Passenger Vehicles,4745,N,N,Y,General Motors LLC,GMX,Chevrolet,3,MALIBU,973,2024,4,"1ZD69,RA9,P225/55R17,P225/55R17",111.4,62.8,62.9,48.6,48.6,0,47.34,47.34,0,164.4,164.4,0,23732,,23732
2024,General Motors LLC,GMX,PV,Passenger Vehicles,4745,N,N,Y,General Motors LLC,GMX,Chevrolet,3,MALIBU,973,2024,5,"1ZD69,RBN,P225/55R17,P225/55R17",111.4,62.8,62.9,48.6,48.6,0,47.34,47.34,0,164.4,164.4,0,14609,,14609
2024,General Motors LLC,GMX,PV,Passenger Vehicles,4745,N,N,Y,General Motors LLC,GMX,Chevrolet,3,MALIBU,973,2024,6,"1ZD69,RMI,P245/40R19,P245/40R19",111.4,62.4,62.6,48.4,48.4,0,47.52,47.52,0,163.7,163.7,0,1913,,1913
2024,General Motors LLC,GMX,PV,Passenger Vehicles,4745,N,N,Y,General Motors LLC,GMX,Chevrolet,3,MALIBU,973,2024,7,"1ZF69,RMI,P245/40R19,P245/40R19",111.4,62.4,62.6,48.4,48.4,0,47.52,47.52,0,163.7,163.7,0,10306,,10306
2024,General Motors LLC,GMX,PV,Passenger Vehicles,4745,N,N,Y,General Motors LLC,GMX,Chevrolet,3,MALIBU,973,2024,8,"1ZS69,R0X,245/45R18,245/45R18",111.4,62.4,62.5,48.3,48.3,0,47.62,47.62,0,163.3,163.3,0,17765,,17765
2024,General Motors LLC,GMX,PV,Passenger Vehicles,4745,N,N,Y,General Motors LLC,GMX,Chevrolet,3,TRAILBLAZER FWD,8,2024,1,"1TR56,QA3,225/60R17,225/60R17",103.9,61.1,61.8,44.3,44.3,0,51.60,51.60,0,149.8,149.8,0,10003,,10003
2024,General Motors LLC,GMX,PV,Passenger Vehicles,4745,N,N,Y,General Motors LLC,GMX,Chevrolet,3,TRAILBLAZER FWD,8,2024,2,"1TS56,QCV,225/60R17,225/60R17",103.9,61.1,61.8,44.3,44.3,0,51.60,51.60,0,149.8,149.8,0,4405,,4405
2024,General Motors LLC,GMX,PV,Passenger Vehicles,4745,N,N,Y,General Motors LLC,GMX,Chevrolet,3,TRAILBLAZER FWD,8,2024,3,"1TT56,RH3,245/45R19,245/45R19",103.9,61.1,61.8,44.3,44.3,0,51.60,51.60,0,149.8,149.8,0,7414,,7414
2024,General Motors LLC,GMX,PV,Passenger Vehicles,4745,N,N,Y,General Motors LLC,GMX,Chevrolet,3,TRAILBLAZER FWD,8,2024,4,"1TU56,QA3,225/60R17,225/60R17",103.9,61.1,61.8,44.3,44.3,0,51.60,51.60,0,149.8,149.8,0,15877,,15877
2024,General Motors LLC,GMX,PV,Passenger Vehicles,4745,N,N,Y,General Motors LLC,GMX,Chevrolet,3,TRAILBLAZER FWD,8,2024,5,"1TU56,QAI,225/55R18,225/55R18",103.9,61.1,61.8,44.3,44.3,0,51.60,51.60,0,149.8,149.8,0,2381,,2381
2024,General Motors LLC,GMX,PV,Passenger Vehicles,4745,N,N,Y,General Motors LLC,GMX,Chevrolet,3,TRAX,120,2024,1,"1TR58,QA3,225/60R17,225/60R17",106.4,61.5,62.1,45.7,45.7,0,50.13,50.13,0,154.5,154.5,0,39071,,39071
2024,General Motors LLC,GMX,PV,Passenger Vehicles,4745,N,N,Y,General Motors LLC,GMX,Chevrolet,3,TRAX,120,2024,2,"1TR58,QAI,225/55R18,225/55R18",106.4,61.4,62.1,45.7,45.7,0,50.13,50.13,0,154.5,154.5,0,44281,,44281
2024,General Motors LLC,GMX,PV,Passenger Vehicles,4745,N,N,Y,General Motors LLC,GMX,Chevrolet,3,TRAX,120,2024,3,"1TU58,QA3,225/60R17,225/60R17",106.4,61.5,62.1,45.7,45.7,0,50.13,50.13,0,154.5,154.5,0,44205,,44205
2024,General Motors LLC,GMX,PV,Passenger Vehicles,4745,N,N,Y,General Motors LLC,GMX,Chevrolet,3,TRAX,120,2024,4,"1TU58,QAI,225/55R18,225/55R18",106.4,61.4,62.1,45.7,45.7,0,50.13,50.13,0,154.5,154.5,0,29459,,29459
2024,General Motors LLC,GMX,PV,Passenger Vehicles,4745,N,N,Y,General Motors LLC,GMX,Chevrolet,3,TRAX,120,2024,5,"1TU58,RH3,245/45R19,245/45R19",106.4,61.4,62.1,45.7,45.7,0,50.13,50.13,0,154.5,154.5,0,39234,,39234
2024,General Motors LLC,GMX,PV,Passenger Vehicles,4745,N,N,Y,General Motors LLC,GMX,GMC,4,TERRAIN FWD,966,2024,1,"TXL26,5CX,225/65R17,225/65R17",107.3,62.2,62.6,46.5,46.5,0,49.33,49.33,0,157.2,157.2,0,19088,,19088
2024,General Motors LLC,GMX,PV,Passenger Vehicles,4745,N,N,Y,General Motors LLC,GMX,GMC,4,TERRAIN FWD,966,2024,2,"TXL26,RR0,235/50R19,235/50R19",107.3,61.9,62.2,46.2,46.2,0,49.63,49.63,0,156.2,156.2,0,7544,,7544
2024,General Motors LLC,GMX,PV,Passenger Vehicles,4745,N,N,Y,General Motors LLC,GMX,GMC,4,TERRAIN FWD,966,2024,3,"TXM26,RR0,235/50R19,235/50R19",107.3,61.9,62.2,46.2,46.2,0,49.63,49.63,0,156.2,156.2,0,2456,,2456
2024,General Motors LLC,GMX,PV,Passenger Vehicles,4745,N,N,Y,General Motors LLC,GMX,GMC,4,TERRAIN FWD,966,2024,4,"TXM26,RUB,225/60R18,225/60R18",107.3,62.2,62.4,46.4,46.4,0,49.43,49.43,0,156.9,156.9,0,5520,,5520
2024,Hyundai Motor Company,HYX,LT,Light Trucks,4813,N,N,Y,Hyundai Motor Company,HYX,GENESIS,2,GV80 AWD,196,2024,1,"GV80 AWD 2.5T, 3.5T 22in",116.3,65.9,66.5,53.5,53.5,0,35.55,35.55,0,219.1,219.1,0,13266,,13266
2024,Hyundai Motor Company,HYX,LT,Light Trucks,4813,N,N,Y,Hyundai Motor Company,HYX,GENESIS,2,GV80 AWD,196,2024,2,"GV80 AWD 2.5T, 3.5T 20in",116.3,65.9,66.5,53.5,53.5,0,35.55,35.55,0,219.1,219.1,0,6963,,6963
2024,Hyundai Motor Company,HYX,LT,Light Trucks,4813,N,N,Y,Hyundai Motor Company,HYX,GENESIS,2,GV80 AWD,196,2024,3,GV80 AWD 2.5T 19in,116.3,65.9,66.5,53.5,53.5,0,35.55,35.55,0,219.1,219.1,0,2764,,2764
2024,Hyundai Motor Company,HYX,LT,Light Trucks,4813,N,N,Y,Hyundai Motor Company,HYX,HYUNDAI MOTOR COMPANY,1,Kona AWD,140,2024,1,Kona 1.6T AWD 8AT 19in,104.7,62.3,62.9,45.5,45.5,0,40.79,40.79,0,188.9,188.9,0,15321,,15321
2024,Hyundai Motor Company,HYX,LT,Light Trucks,4813,N,N,Y,Hyundai Motor Company,HYX,HYUNDAI MOTOR COMPANY,1,Kona AWD,140,2024,2,Kona 2.0 AWD CVT 18in,104.7,62.6,63.0,45.7,45.7,0,40.64,40.64,0,189.7,189.7,0,23160,,23152
2024,Hyundai Motor Company,HYX,LT,Light Trucks,4813,N,N,Y,Hyundai Motor Company,HYX,HYUNDAI MOTOR COMPANY,1,Kona AWD,140,2024,3,Kona 2.0 AWD ISG CVT 17in,104.7,62.6,63.0,45.7,45.7,0,40.64,40.64,0,189.7,189.7,0,3961,,3948
2024,Hyundai Motor Company,HYX,LT,Light Trucks,4813,N,N,Y,Hyundai Motor Company,HYX,HYUNDAI MOTOR COMPANY,1,Palisade AWD,300,2024,1,Palisade AWD 3.8 20in,114.2,67.2,67.6,53.5,53.5,0,35.55,35.55,0,219.1,219.1,0,70946,,70918
2024,Hyundai Motor Company,HYX,LT,Light Trucks,4813,N,N,Y,Hyundai Motor Company,HYX,HYUNDAI MOTOR COMPANY,1,Palisade AWD,300,2024,2,Palisade AWD 3.8 18in,114.2,67.2,67.6,53.5,53.5,0,35.55,35.55,0,219.1,219.1,0,5174,,5174
2024,Hyundai Motor Company,HYX,LT,Light Trucks,4813,N,N,Y,Hyundai Motor Company,HYX,HYUNDAI MOTOR COMPANY,1,Palisade FWD,301,2024,1,Palisade FWD 3.8 20in,114.2,67.2,67.6,53.5,53.5,0,35.55,35.55,0,219.1,219.1,0,34760,,34753
2024,Hyundai Motor Company,HYX,LT,Light Trucks,4813,N,N,Y,Hyundai Motor Company,HYX,HYUNDAI MOTOR COMPANY,1,Palisade FWD,301,2024,2,Palisade FWD 3.8 18in,114.2,67.2,67.6,53.5,53.5,0,35.55,35.55,0,219.1,219.1,0,6644,,6598
2024,Hyundai Motor Company,HYX,LT,Light Trucks,4813,N,N,Y,Hyundai Motor Company,HYX,HYUNDAI MOTOR COMPANY,1,Santa Cruz AWD,70,2024,1,Santa Cruz AWD 2.5T 20in,118.3,64.7,64.9,53.2,53.2,0,35.72,35.72,0,218.0,218.0,0,13568,,13568
2024,Hyundai Motor Company,HYX,LT,Light Trucks,4813,N,N,Y,Hyundai Motor Company,HYX,HYUNDAI MOTOR COMPANY,1,Santa Cruz AWD,70,2024,2,"Santa Cruz AWD 2.5, 2.5T 18in",118.3,64.7,64.9,53.2,53.2,0,35.72,35.72,0,218.0,218.0,0,19394,,19394
2024,Hyundai Motor Company,HYX,LT,Light Trucks,4813,N,N,Y,Hyundai Motor Company,HYX,HYUNDAI MOTOR COMPANY,1,Santa Cruz FWD,71,2024,1,Santa Cruz FWD 2.5 18in,118.3,64.7,64.9,53.2,53.2,0,35.72,35.72,0,218.0,218.0,0,10217,,10217
2024,Hyundai Motor Company,HYX,LT,Light Trucks,4813,N,N,Y,Hyundai Motor Company,HYX,HYUNDAI MOTOR COMPANY,1,Santa Fe AWD,56,2024,1,Santa Fe 2.5T AWD 21in,110.8,64.7,65.1,49.9,49.9,0,37.73,37.73,0,205.5,205.5,0,10876,,10876
2024,Hyundai Motor Company,HYX,LT,Light Trucks,4813,N,N,Y,Hyundai Motor Company,HYX,HYUNDAI MOTOR COMPANY,1,Santa Fe AWD,56,2024,2,Santa Fe 2.5T AWD 20in,110.8,64.4,64.8,49.7,49.7,0,37.86,37.86,0,204.8,204.8,0,7533,,7533
2024,Hyundai Motor Company,HYX,LT,Light Trucks,4813,N,N,Y,Hyundai Motor Company,HYX,HYUNDAI MOTOR COMPANY,1,Santa Fe AWD,56,2024,3,Santa Fe 2.5T AWD 18in,110.8,64.8,65.1,50.0,50.0,0,37.66,37.66,0,205.9,205.9,0,9480,,9480
2024,Hyundai Motor Company,HYX,LT,Light Trucks,4813,N,N,Y,Hyundai Motor Company,HYX,HYUNDAI MOTOR COMPANY,1,Santa Fe AWD XRT,55,2024,1,Santa Fe 2.5T AWD XRT 18in,110.8,64.8,65.1,50.0,50.0,0,37.66,37.66,0,205.9,205.9,0,8831,,8831
2024,Hyundai Motor Company,HYX,LT,Light Trucks,4813,N,N,Y,Hyundai Motor Company,HYX,HYUNDAI MOTOR COMPANY,1,Santa Fe FWD,57,2024,1,Santa Fe 2.5T FWD 21in,110.8,64.7,65.1,49.9,49.9,0,37.73,37.73,0,205.5,205.5,0,6718,,6718
2024,Hyundai Motor Company,HYX,LT,Light Trucks,4813,N,N,Y,Hyundai Motor Company,HYX,HYUNDAI MOTOR COMPANY,1,Santa Fe FWD,57,2024,2,Santa Fe 2.5T FWD 20in,110.8,64.4,64.8,49.7,49.7,0,37.86,37.86,0,204.8,204.8,0,6844,,6844
2024,Hyundai Motor Company,HYX,LT,Light Trucks,4813,N,N,Y,Hyundai Motor Company,HYX,HYUNDAI MOTOR COMPANY,1,Santa Fe FWD,57,2024,3,Santa Fe 2.5T FWD 18in,110.8,64.8,65.1,50.0,50.0,0,37.66,37.66,0,205.9,205.9,0,10354,,10354
2024,Hyundai Motor Company,HYX,LT,Light Trucks,4813,N,N,Y,Hyundai Motor Company,HYX,HYUNDAI MOTOR COMPANY,1,Santa Fe Hybrid AWD,58,2024,1,Santa Fe Hybrid AWD 20in,110.8,64.8,65.2,50.0,50.0,0,37.66,37.66,0,205.9,205.9,0,3059,,3059
2024,Hyundai Motor Company,HYX,LT,Light Trucks,4813,N,N,Y,Hyundai Motor Company,HYX,HYUNDAI MOTOR COMPANY,1,Santa Fe Hybrid AWD,58,2024,2,Santa Fe Hybrid AWD 18in,110.8,65.4,65.0,50.2,50.2,0,37.54,37.54,0,206.7,206.7,0,8535,,8535
2024,Hyundai Motor Company,HYX,LT,Light Trucks,4813,N,N,Y,Hyundai Motor Company,HYX,HYUNDAI MOTOR COMPANY,1,Santa Fe Hybrid FWD,59,2024,1,Santa Fe Hybrid FWD 20in,110.8,64.8,65.2,50.0,50.0,0,37.66,37.66,0,205.9,205.9,0,2325,,2325
2024,Hyundai Motor Company,HYX,LT,Light Trucks,4813,N,N,Y,Hyundai Motor Company,HYX,HYUNDAI MOTOR COMPANY,1,Santa Fe Hybrid FWD,59,2024,2,Santa Fe Hybrid FWD 18in,110.8,65.4,65.0,50.2,50.2,0,37.54,37.54,0,206.7,206.7,0,3179,,3179
2024,Hyundai Motor Company,HYX,LT,Light Trucks,4813,N,N,Y,Hyundai Motor Company,HYX,HYUNDAI MOTOR COMPANY,1,Tucson AWD,76,2024,1,Tucson AWD 2.5 19in,108.5,63.6,63.9,48.1,48.1,0,38.92,38.92,0,198.7,198.7,0,46519,,46513
2024,Hyundai Motor Company,HYX,LT,Light Trucks,4813,N,N,Y,Hyundai Motor Company,HYX,HYUNDAI MOTOR COMPANY,1,Tucson AWD,76,2024,2,Tucson AWD 2.5 17in,108.5,63.8,64.1,48.2,48.2,0,38.86,38.86,0,199.1,199.1,0,41926,,41921
2024,Hyundai Motor Company,HYX,LT,Light Trucks,4813,N,N,Y,Hyundai Motor Company,HYX,HYUNDAI MOTOR COMPANY,1,Tucson Hybrid,179,2024,1,Tucson Hybrid,108.5,63.6,63.9,48.1,48.1,0,38.92,38.92,0,198.7,198.7,0,52381,,52381
2024,Hyundai Motor Company,HYX,LT,Light Trucks,4813,N,N,Y,Hyundai Motor Company,HYX,HYUNDAI MOTOR COMPANY,1,Tucson Hybrid Blue,178,2024,1,Tucson Hybrid Blue,108.5,63.8,64.1,48.2,48.2,0,38.86,38.86,0,199.1,199.1,0,9746,,9746
2024,Hyundai Motor Company,HYX,LT,Light Trucks,4813,N,N,Y,Hyundai Motor Company,HYX,HYUNDAI MOTOR COMPANY,1,Tucson Plug-in Hybrid,177,2024,1,Tucson Plug-in Hybrid,108.5,63.6,63.9,48.1,48.1,0,38.92,38.92,0,198.7,198.7,0,9677,,9677
2024,Hyundai Motor Company,HYX,PV,Passenger Vehicles,4817,N,N,Y,Hyundai Motor Company,HYX,GENESIS,2,Electrified G80,194,2024,1,Electrified G80,118.5,64.2,64.4,52.9,52.9,0,43.74,43.74,0,178.9,178.9,0,430,,430
2024,Hyundai Motor Company,HYX,PV,Passenger Vehicles,4817,N,N,Y,Hyundai Motor Company,HYX,GENESIS,2,Electrified GV70,352,2024,1,Electrified GV70,113.2,64.7,65.2,51.1,51.1,0,45.18,45.18,0,172.8,172.8,0,2703,,2703
2024,Hyundai Motor Company,HYX,PV,Passenger Vehicles,4817,N,N,Y,Hyundai Motor Company,HYX,GENESIS,2,G70 AWD,333,2024,1,"G70 AWD 2.0T, 3.3T 19in (3.3T has two types of tire - R19 and ZR19)",111.6,62.8,63.1,48.8,48.8,0,47.16,47.16,0,165.0,165.0,0,2918,,2918
2024,Hyundai Motor Company,HYX,PV,Passenger Vehicles,4817,N,N,Y,Hyundai Motor Company,HYX,GENESIS,2,G70 RWD,334,2024,1,"G70 RWD 2.0T R19, 3.3T ZR19 tire",111.6,62.8,63.1,48.8,48.8,0,47.16,47.16,0,165.0,165.0,0,3066,,3066
2024,Hyundai Motor Company,HYX,PV,Passenger Vehicles,4817,N,N,Y,Hyundai Motor Company,HYX,GENESIS,2,G80 AWD,192,2024,1,"G80 AWD 2.5T 20in, 3.5T 20in",118.5,64.2,64.4,52.9,52.9,0,43.74,43.74,0,178.9,178.9,0,1511,,1511
2024,Hyundai Motor Company,HYX,PV,Passenger Vehicles,4817,N,N,Y,Hyundai Motor Company,HYX,GENESIS,2,G80 AWD,192,2024,2,"G80 AWD 2.5T 19in, 3.5T 19in",118.5,64.2,64.4,52.9,52.9,0,43.74,43.74,0,178.9,178.9,0,2381,,2381
2024,Hyundai Motor Company,HYX,PV,Passenger Vehicles,4817,N,N,Y,Hyundai Motor Company,HYX,GENESIS,2,G80 AWD,192,2024,3,G80 AWD 2.5T 18in,118.5,64.1,65.3,53.2,53.2,0,43.50,43.50,0,179.9,179.9,0,625,,625
2024,Hyundai Motor Company,HYX,PV,Passenger Vehicles,4817,N,N,Y,Hyundai Motor Company,HYX,GENESIS,2,G90 AWD,92,2024,1,G90 3.5T AWD,125.2,65.2,65.4,56.8,56.8,0,41.48,41.48,0,189.5,189.5,0,135,,135
2024,Hyundai Motor Company,HYX,PV,Passenger Vehicles,4817,N,N,Y,Hyundai Motor Company,HYX,GENESIS,2,G90 MHEV,94,2024,1,G90 3.5T AWD MHEV,125.2,65.2,65.4,56.8,56.8,0,41.48,41.48,0,189.5,189.5,0,1284,,1284
2024,Hyundai Motor Company,HYX,PV,Passenger Vehicles,4817,N,N,Y,Hyundai Motor Company,HYX,GENESIS,2,GV60 Advanced (19'' Wheels),201,2024,1,GV60 Advanced (19 Wheels),114.2,64.3,64.6,51.1,51.1,0,45.18,45.18,0,172.8,172.8,0,0,,0
2024,Hyundai Motor Company,HYX,PV,Passenger Vehicles,4817,N,N,Y,Hyundai Motor Company,HYX,GENESIS,2,GV60 Advanced (20'' Wheels),202,2024,1,GV60 Advanced (20 Wheels),114.2,64.1,64.4,50.9,50.9,0,45.34,45.34,0,172.2,172.2,0,1179,,1179
2024,Hyundai Motor Company,HYX,PV,Passenger Vehicles,4817,N,N,Y,Hyundai Motor Company,HYX,GENESIS,2,GV60 Performance,203,2024,1,GV60 Performance,114.2,64.1,64.4,50.9,50.9,0,45.34,45.34,0,172.2,172.2,0,924,,924
2024,Hyundai Motor Company,HYX,PV,Passenger Vehicles,4817,N,N,Y,Hyundai Motor Company,HYX,GENESIS,2,GV60 Standard,200,2024,1,GV60 Standard,114.2,64.3,64.6,51.1,51.1,0,45.18,45.18,0,172.8,172.8,0,717,,717
2024,Hyundai Motor Company,HYX,PV,Passenger Vehicles,4817,N,N,Y,Hyundai Motor Company,HYX,GENESIS,2,GV70 AWD,351,2024,1,"GV70 AWD 2.5T 21in, 3.5T 21in",113.2,64.6,65.2,51.0,51.0,0,45.26,45.26,0,172.5,172.5,0,9603,,9603
2024,Hyundai Motor Company,HYX,PV,Passenger Vehicles,4817,N,N,Y,Hyundai Motor Company,HYX,GENESIS,2,GV70 AWD,351,2024,2,"GV70 AWD 2.5T 19in, 3.5T 19in",113.2,64.9,65.6,51.3,51.3,0,45.01,45.01,0,173.5,173.5,0,7053,,7053
2024,Hyundai Motor Company,HYX,PV,Passenger Vehicles,4817,N,N,Y,Hyundai Motor Company,HYX,GENESIS,2,GV70 AWD,351,2024,3,GV70 AWD 2.5T 18in,113.2,65.0,65.6,51.3,51.3,0,45.01,45.01,0,173.5,173.5,0,0,,0
2024,Hyundai Motor Company,HYX,PV,Passenger Vehicles,4817,N,N,Y,Hyundai Motor Company,HYX,HYUNDAI MOTOR COMPANY,1,Elantra,126,2024,1,Elantra 2.0 CVT ISG 195/65R15,107.1,62.7,63.1,46.8,46.8,0,49.03,49.03,0,158.3,158.3,0,20680,,20671
2024,Hyundai Motor Company,HYX,PV,Passenger Vehicles,4817,N,N,Y,Hyundai Motor Company,HYX,HYUNDAI MOTOR COMPANY,1,Elantra,126,2024,2,Elantra 2.0 CVT 205/55R16,107.1,62.4,62.8,46.6,46.6,0,49.23,49.23,0,157.6,157.6,0,52119,,52019
2024,Hyundai Motor Company,HYX,PV,Passenger Vehicles,4817,N,N,Y,Hyundai Motor Company,HYX,HYUNDAI MOTOR COMPANY,1,Elantra,126,2024,3,Elantra 2.0 CVT 225/45R17,107.1,62.2,62.6,46.4,46.4,0,49.43,49.43,0,156.9,156.9,0,40804,,40804
2024,Hyundai Motor Company,HYX,PV,Passenger Vehicles,4817,N,N,Y,Hyundai Motor Company,HYX,HYUNDAI MOTOR COMPANY,1,Elantra,126,2024,4,Elantra 1.6T DCT 225/40R18,107.1,61.7,62.2,46.1,46.1,0,49.73,49.73,0,155.9,155.9,0,3070,,3070
2024,Hyundai Motor Company,HYX,PV,Passenger Vehicles,4817,N,N,Y,Hyundai Motor Company,HYX,HYUNDAI MOTOR COMPANY,1,Elantra Hybrid,127,2024,1,Elantra Hybrid 1.6 DCT 17in,107.1,62.2,62.6,46.6,46.4,0.2,49.23,49.43,0.20,157.6,156.9,0.7,6202,,6202
2024,Hyundai Motor Company,HYX,PV,Passenger Vehicles,4817,N,N,Y,Hyundai Motor Company,HYX,HYUNDAI MOTOR COMPANY,1,Elantra Hybrid Blue,128,2024,1,Elantra Hybrid Blue 1.6 DCT 16in,107.1,62.4,63.0,46.8,46.6,0.2,49.03,49.23,0.20,158.3,157.6,0.7,7821,,7821
2024,Hyundai Motor Company,HYX,PV,Passenger Vehicles,4817,N,N,Y,Hyundai Motor Company,HYX,HYUNDAI MOTOR COMPANY,1,Elantra N,129,2024,1,Elantra N 2.0T DCT 19in,107.1,62.4,62.2,46.1,46.3,0.2,49.73,49.53,0.20,155.9,156.6,0.7,1787,,1780
2024,Hyundai Motor Company,HYX,PV,Passenger Vehicles,4817,N,N,Y,Hyundai Motor Company,HYX,HYUNDAI MOTOR COMPANY,1,Ioniq 5 Long range AWD,100,2024,1,Ioniq 5 AWD Long range 20in,118.1,64.2,64.6,52.8,52.8,0,43.81,43.81,0,178.6,178.6,0,11733,,11731
2024,Hyundai Motor Company,HYX,PV,Passenger Vehicles,4817,N,N,Y,Hyundai Motor Company,HYX,HYUNDAI MOTOR COMPANY,1,Ioniq 5 Long range AWD,100,2024,2,Ioniq 5 AWD Long range 19in,118.1,64.6,65.0,53.1,53.1,0,43.58,43.58,0,179.6,179.6,0,12667,,12667
2024,Hyundai Motor Company,HYX,PV,Passenger Vehicles,4817,N,N,Y,Hyundai Motor Company,HYX,HYUNDAI MOTOR COMPANY,1,Ioniq 5 Long range RWD,101,2024,1,Ioniq 5 RWD Long range 19in,118.1,64.6,65.0,53.1,53.1,0,43.58,43.58,0,179.6,179.6,0,25260,,25260
2024,Hyundai Motor Company,HYX,PV,Passenger Vehicles,4817,N,N,Y,Hyundai Motor Company,HYX,HYUNDAI MOTOR COMPANY,1,Ioniq 5 Robo taxi,103,2024,1,Ioniq 5 Robot taxi,118.1,64.6,65.0,53.1,53.1,0,43.58,43.58,0,179.6,179.6,0,50,,50
2024,Hyundai Motor Company,HYX,PV,Passenger Vehicles,4817,N,N,Y,Hyundai Motor Company,HYX,HYUNDAI MOTOR COMPANY,1,Ioniq 5 Standard range RWD,102,2024,1,Ioniq 5 RWD Standard range 19in,118.1,64.6,65.0,53.1,53.1,0,43.58,43.58,0,179.6,179.6,0,751,,751
2024,Hyundai Motor Company,HYX,PV,Passenger Vehicles,4817,N,N,Y,Hyundai Motor Company,HYX,HYUNDAI MOTOR COMPANY,1,Ioniq 6 Long range AWD (18'' Wheels),253,2024,1,Ioniq 6 Long range AWD (18 Wheels),116.1,64.4,64.7,52.1,52.1,0,44.36,44.36,0,176.2,176.2,0,668,,668
2024,Hyundai Motor Company,HYX,PV,Passenger Vehicles,4817,N,N,Y,Hyundai Motor Company,HYX,HYUNDAI MOTOR COMPANY,1,Ioniq 6 Long range AWD (20'' Wheels),254,2024,1,Ioniq 6 Long range AWD (20 Wheels),116.1,64.2,64.5,51.9,51.9,0,44.52,44.52,0,175.5,175.5,0,4836,,4836
2024,Hyundai Motor Company,HYX,PV,Passenger Vehicles,4817,N,N,Y,Hyundai Motor Company,HYX,HYUNDAI MOTOR COMPANY,1,Ioniq 6 Long range RWD (18'' Wheels),251,2024,1,Ioniq 6 Long range RWD (18 Wheels),116.1,64.4,64.7,52.1,52.1,0,44.36,44.36,0,176.2,176.2,0,1455,,1455
2024,Hyundai Motor Company,HYX,PV,Passenger Vehicles,4817,N,N,Y,Hyundai Motor Company,HYX,HYUNDAI MOTOR COMPANY,1,Ioniq 6 Long range RWD (20'' Wheels),252,2024,1,Ioniq 6 Long range RWD (20 Wheels),116.1,64.2,64.5,51.9,51.9,0,44.52,44.52,0,175.5,175.5,0,4663,,4663
2024,Hyundai Motor Company,HYX,PV,Passenger Vehicles,4817,N,N,Y,Hyundai Motor Company,HYX,HYUNDAI MOTOR COMPANY,1,Ioniq 6 Standard Range RWD,255,2024,1,Ioniq 6 Standard Range RWD,116.1,64.4,64.7,52.1,52.1,0,44.36,44.36,0,176.2,176.2,0,244,,244
2024,Hyundai Motor Company,HYX,PV,Passenger Vehicles,4817,N,N,Y,Hyundai Motor Company,HYX,HYUNDAI MOTOR COMPANY,1,Kona Electric Long Range,152,2024,1,Kona Electric Long Range,104.7,62.6,63.0,45.7,45.7,0,50.13,50.13,0,154.5,154.5,0,4025,,4025
2024,Hyundai Motor Company,HYX,PV,Passenger Vehicles,4817,N,N,Y,Hyundai Motor Company,HYX,HYUNDAI MOTOR COMPANY,1,Kona Electric Standard Range,151,2024,1,Kona Electric Standard Range,104.7,62.6,63.0,45.7,45.7,0,50.13,50.13,0,154.5,154.5,0,343,,343
2024,Hyundai Motor Company,HYX,PV,Passenger Vehicles,4817,N,N,Y,Hyundai Motor Company,HYX,HYUNDAI MOTOR COMPANY,1,Kona FWD,141,2024,1,Kona 1.6T FWD DCT 19in,104.7,62.6,63.1,45.7,45.7,0,50.13,50.13,0,154.5,154.5,0,9720,,9710
2024,Hyundai Motor Company,HYX,PV,Passenger Vehicles,4817,N,N,Y,Hyundai Motor Company,HYX,HYUNDAI MOTOR COMPANY,1,Kona FWD,141,2024,2,Kona 2.0 FWD CVT 18in,104.7,63.2,63.2,46.0,46.0,0,49.83,49.83,0,155.5,155.5,0,23313,,23233
2024,Hyundai Motor Company,HYX,PV,Passenger Vehicles,4817,N,N,Y,Hyundai Motor Company,HYX,HYUNDAI MOTOR COMPANY,1,Kona FWD,141,2024,3,Kona 2.0 FWD ISG CVT 17in,104.7,62.6,63.2,45.7,45.7,0,50.13,50.13,0,154.5,154.5,0,6623,,6623
2024,Hyundai Motor Company,HYX,PV,Passenger Vehicles,4817,N,N,Y,Hyundai Motor Company,HYX,HYUNDAI MOTOR COMPANY,1,Sonata AWD,236,2024,1,Sonata 2.5 AWD 8AT 17in,111.8,63.9,64.2,49.7,49.7,0,46.36,46.36,0,168.1,168.1,0,5570,,5570
2024,Hyundai Motor Company,HYX,PV,Passenger Vehicles,4817,N,N,Y,Hyundai Motor Company,HYX,HYUNDAI MOTOR COMPANY,1,Sonata FWD,235,2024,1,Sonata 2.5T FWD 8DCT 19in,111.8,63.4,63.7,49.4,49.4,0,46.63,46.63,0,167.1,167.1,0,5907,,5907
2024,Hyundai Motor Company,HYX,PV,Passenger Vehicles,4817,N,N,Y,Hyundai Motor Company,HYX,HYUNDAI MOTOR COMPANY,1,Sonata FWD,235,2024,2,Sonata 2.5 FWD 8AT 18in,111.8,63.7,64.0,49.5,49.5,0,46.54,46.54,0,167.4,167.4,0,12732,,12732
2024,Hyundai Motor Company,HYX,PV,Passenger Vehicles,4817,N,N,Y,Hyundai Motor Company,HYX,HYUNDAI MOTOR COMPANY,1,Sonata FWD,235,2024,3,Sonata 2.5 FWD 8AT 17in,111.8,63.9,64.2,49.7,49.7,0,46.36,46.36,0,168.1,168.1,0,16976,,16976
2024,Hyundai Motor Company,HYX,PV,Passenger Vehicles,4817,N,N,Y,Hyundai Motor Company,HYX,HYUNDAI MOTOR COMPANY,1,Sonata Hybrid,133,2024,1,Sonata HYBRID 2.0 DCT,111.8,64.6,64.2,50.0,50.0,0,46.10,46.10,0,169.1,169.1,0,12702,,12702
2024,Hyundai Motor Company,HYX,PV,Passenger Vehicles,4817,N,N,Y,Hyundai Motor Company,HYX,HYUNDAI MOTOR COMPANY,1,Tucson FWD,75,2024,1,Tucson FWD 2.5 19in,108.5,63.6,63.9,48.1,48.1,0,47.80,47.80,0,162.7,162.7,0,37362,,37337
2024,Hyundai Motor Company,HYX,PV,Passenger Vehicles,4817,N,N,Y,Hyundai Motor Company,HYX,HYUNDAI MOTOR COMPANY,1,Tucson FWD,75,2024,2,Tucson FWD 2.5 17in,108.5,63.8,64.1,48.2,48.2,0,47.71,47.71,0,163.0,163.0,0,39091,,38970
2024,Hyundai Motor Company,HYX,PV,Passenger Vehicles,4817,N,N,Y,Hyundai Motor Company,HYX,HYUNDAI MOTOR COMPANY,1,Venue,250,2024,1,Venue 1.6 CVT 17in,99.2,60.4,60.9,41.7,41.7,0,54.56,54.56,0,141.0,141.0,0,30287,,30275
2024,Hyundai Motor Company,HYX,PV,Passenger Vehicles,4817,N,N,Y,Hyundai Motor Company,HYX,HYUNDAI MOTOR COMPANY,1,Venue,250,2024,2,Venue 1.6 CVT 15in,99.2,61.2,61.6,42.3,42.3,0,53.85,53.85,0,143.0,143.0,0,1744,,1622
2024,Ineos Automotive Limited,IAL,LT,Light Trucks,4950,N,N,Y,Ineos Automotive Limited,IAL,INEOS Automotive Limited,1,Grenadier Fieldmaster Edition,101,2024,1,"Grenadier Fieldmaster, Bridgestone 255/70R18 tyre",115.0,64.8,64.8,51.8,51.8,0,36.54,36.54,0,212.7,212.7,0,4111,,4111
2024,Ineos Automotive Limited,IAL,LT,Light Trucks,4950,N,N,Y,Ineos Automotive Limited,IAL,INEOS Automotive Limited,1,Grenadier Quartermaster,110,2024,1,"Grenadier Quartermaster, BF Goodrich 255/70R17 tyre",127.0,64.8,64.8,57.2,57.2,0,33.55,33.55,0,233.0,233.0,0,23,,23
2024,Ineos Automotive Limited,IAL,LT,Light Trucks,4950,N,N,Y,Ineos Automotive Limited,IAL,INEOS Automotive Limited,1,Grenadier Station Wagon,100,2024,1,"Grenadier Station Wagon, Bridgestone 265/70R17 tyre",115.0,64.8,64.8,51.8,51.8,0,36.54,36.54,0,212.7,212.7,0,3253,,3253
2024,Ineos Automotive Limited,IAL,LT,Light Trucks,4950,N,N,Y,Ineos Automotive Limited,IAL,INEOS Automotive Limited,1,Grenadier Trialmaster Edition,102,2024,1,"Grenadier Trialmaster, BF Goodrich 265/70R17 tyre",115.0,64.8,64.8,51.8,51.8,0,36.54,36.54,0,212.7,212.7,0,2247,,2247
2024,Jaguar Land Rover Limited,JLX,LT,Light Trucks,4766,N,N,Y,Jaguar Land Rover Limited,JLX,Jaguar,3,E-PACE,198,2024,1,E-PACE (246 hp) 2.0L(TC) AWD A9 19-inch tire,105.6,64.4,64.4,47.2,47.2,0,40.78,39.55,1.23,200.6,195.3,5.3,121,,121
2024,Jaguar Land Rover Limited,JLX,LT,Light Trucks,4766,N,N,Y,Jaguar Land Rover Limited,JLX,Jaguar,3,E-PACE,198,2024,2,E-PACE (246 hp) 2.0L(TC) AWD A9 20-inch tire,105.6,64.4,64.4,47.2,47.2,0,40.78,39.55,1.23,200.6,195.3,5.3,646,,646
2024,Jaguar Land Rover Limited,JLX,LT,Light Trucks,4766,N,N,Y,Jaguar Land Rover Limited,JLX,Jaguar,3,E-PACE,198,2024,3,E-PACE (246 hp) 2.0L(TC) AWD A9 21-inch tire,105.6,64.4,64.4,47.2,47.2,0,40.78,39.55,1.23,200.6,195.3,5.3,116,,116
2024,Jaguar Land Rover Limited,JLX,LT,Light Trucks,4766,N,N,Y,Jaguar Land Rover Limited,JLX,Jaguar,3,F-PACE,105,2024,1,F-PACE (247 hp) 2.0L(TC) AWD 19-inch tire,113.2,64.6,65.2,51.0,51.0,0,38.17,37.03,1.14,215.4,209.7,5.7,811,,811
2024,Jaguar Land Rover Limited,JLX,LT,Light Trucks,4766,N,N,Y,Jaguar Land Rover Limited,JLX,Jaguar,3,F-PACE,105,2024,2,F-PACE (247 hp) 2.0L(TC) AWD 20-inch tire,113.2,64.6,65.2,51.0,51.0,0,38.70,37.03,1.67,215.4,209.7,5.7,2318,,2318
2024,Jaguar Land Rover Limited,JLX,LT,Light Trucks,4766,N,N,Y,Jaguar Land Rover Limited,JLX,Jaguar,3,F-PACE,105,2024,3,F-PACE (247 hp) 2.0L(TC) AWD 21-inch tire,113.2,64.6,65.2,51.0,51.0,0,38.17,37.03,1.14,215.4,209.7,5.7,467,,467
2024,Jaguar Land Rover Limited,JLX,LT,Light Trucks,4766,N,N,Y,Jaguar Land Rover Limited,JLX,Jaguar,3,F-PACE,105,2024,4,F-PACE (247 hp) 2.0L(TC) AWD 22-inch tire,113.2,64.6,65.2,51.0,51.0,0,38.17,37.03,1.14,215.4,209.7,5.7,217,,217
2024,Jaguar Land Rover Limited,JLX,LT,Light Trucks,4766,N,N,Y,Jaguar Land Rover Limited,JLX,Jaguar,3,F-PACE P400 MHEV,115,2024,1,F-PACE P400 (395 hp) 3.0L(I6) AWD 19-inch tire,113.2,64.6,65.2,51.0,51.0,0,38.17,37.03,1.14,215.4,209.7,5.7,73,,73
2024,Jaguar Land Rover Limited,JLX,LT,Light Trucks,4766,N,N,Y,Jaguar Land Rover Limited,JLX,Jaguar,3,F-PACE P400 MHEV,115,2024,2,F-PACE P400 (395 hp) 3.0L(I6) AWD 20-inch tire,113.2,64.6,65.2,51.0,51.0,0,38.17,37.03,1.14,215.4,209.7,5.7,540,,540
2024,Jaguar Land Rover Limited,JLX,LT,Light Trucks,4766,N,N,Y,Jaguar Land Rover Limited,JLX,Jaguar,3,F-PACE P400 MHEV,115,2024,3,F-PACE P400 (395 hp) 3.0L(I6) AWD 21-inch tire,113.2,64.6,65.2,51.0,51.0,0,38.17,37.03,1.14,215.4,209.7,5.7,268,,268
2024,Jaguar Land Rover Limited,JLX,LT,Light Trucks,4766,N,N,Y,Jaguar Land Rover Limited,JLX,Jaguar,3,F-PACE P400 MHEV,115,2024,4,F-PACE P400 (395 hp) 3.0L(I6) AWD 22-inch tire,113.2,64.6,65.2,51.0,51.0,0,38.17,37.03,1.14,215.4,209.7,5.7,373,,373
2024,Jaguar Land Rover Limited,JLX,LT,Light Trucks,4766,N,N,Y,Jaguar Land Rover Limited,JLX,Jaguar,3,F-PACE SVR,114,2024,1,F-PACE SVR (550 hp) AWD 21-inch tire,113.2,64.9,65.6,51.3,51.3,0,37.98,36.85,1.13,216.6,210.8,5.8,51,,51
2024,Jaguar Land Rover Limited,JLX,LT,Light Trucks,4766,N,N,Y,Jaguar Land Rover Limited,JLX,Jaguar,3,F-PACE SVR,114,2024,2,F-PACE SVR (550 hp) AWD 22-inch tire,113.2,64.9,65.6,51.3,51.3,0,37.98,36.85,1.13,216.6,210.8,5.8,484,,484
2024,Jaguar Land Rover Limited,JLX,LT,Light Trucks,4766,N,N,Y,Jaguar Land Rover Limited,JLX,Jaguar,3,I-PACE EV400 (20 inch tires),11,2024,1,I-PACE EV400 Core 20 inch tire,117.7,64.0,64.8,52.6,52.6,0,37.17,36.07,1.10,221.7,215.7,6.0,185,,185
2024,Jaguar Land Rover Limited,JLX,LT,Light Trucks,4766,N,N,Y,Jaguar Land Rover Limited,JLX,Jaguar,3,I-PACE EV400 (22 inch tire),18,2024,1,I-PACE EV400 Core 22 inch tire,117.7,64.2,64.9,52.8,52.8,0,37.05,35.95,1.10,222.4,216.5,5.9,476,,476
2024,Jaguar Land Rover Limited,JLX,LT,Light Trucks,4766,N,N,Y,Jaguar Land Rover Limited,JLX,Jaguar,3,I-PACE EV400 SDS,12,2024,1,I-PACE EV400 Waymo 18 inch tire,117.7,64.6,65.4,53.1,53.1,0,36.87,35.78,1.09,223.6,217.6,6.0,3518,,3518
2024,Jaguar Land Rover Limited,JLX,LT,Light Trucks,4766,N,N,Y,Jaguar Land Rover Limited,JLX,Land Rover,2,Defender 110,303,2024,1,Defender 110 P300 2.0L I-4 (TC) AWD (295hp) 18-inch tire,119.0,67.2,67.0,55.5,55.5,0,35.49,34.44,1.05,233.0,226.6,6.4,383,,383
2024,Jaguar Land Rover Limited,JLX,LT,Light Trucks,4766,N,N,Y,Jaguar Land Rover Limited,JLX,Land Rover,2,Defender 110,303,2024,2,Defender 110 P300 2.0L I-4 (TC) AWD (295hp) 18-inch Off-Road tire,119.0,67.2,67.0,55.5,55.5,0,35.49,34.44,1.05,233.0,226.6,6.4,113,,113
2024,Jaguar Land Rover Limited,JLX,LT,Light Trucks,4766,N,N,Y,Jaguar Land Rover Limited,JLX,Land Rover,2,Defender 110,303,2024,3,Defender 110 P300 2.0L I-4 (TC) AWD (295hp) 19-inch tire,119.0,67.2,67.0,55.5,55.5,0,35.49,34.44,1.05,233.0,226.6,6.4,3124,,3124
2024,Jaguar Land Rover Limited,JLX,LT,Light Trucks,4766,N,N,Y,Jaguar Land Rover Limited,JLX,Land Rover,2,Defender 110,303,2024,4,Defender 110 P300 2.0L I-4 (TC) AWD (295hp) 19-inch Off-Road tire,119.0,67.2,67.0,55.5,55.5,0,35.49,34.44,1.05,233.0,226.6,6.4,95,,95
2024,Jaguar Land Rover Limited,JLX,LT,Light Trucks,4766,N,N,Y,Jaguar Land Rover Limited,JLX,Land Rover,2,Defender 110,303,2024,5,Defender 110 P300 2.0L I-4 (TC) AWD (295hp) 20-inch tire Defender 110 5.0L V8 AWD (518hp) 20-inch tire,119.0,67.2,67.0,55.5,55.5,0,35.49,34.44,1.05,233.0,226.6,6.4,3255,,3255
2024,Jaguar Land Rover Limited,JLX,LT,Light Trucks,4766,N,N,Y,Jaguar Land Rover Limited,JLX,Land Rover,2,Defender 110,303,2024,6,Defender 110 P300 2.0L I-4 (TC) AWD (295hp) 20-inch Off-Road tire,119.0,67.2,67.0,55.5,55.5,0,35.49,34.44,1.05,233.0,226.6,6.4,56,,56
2024,Jaguar Land Rover Limited,JLX,LT,Light Trucks,4766,N,N,Y,Jaguar Land Rover Limited,JLX,Land Rover,2,Defender 110,303,2024,7,Defender 110 P300 2.0L I-4 (TC) AWD (295hp) 22-inch tire Defender 110 5.0L V8 AWD (518hp) 22-inch tire,119.0,67.1,66.9,55.4,55.4,0,35.55,34.49,1.06,232.6,226.3,6.3,2817,,2817
2024,Jaguar Land Rover Limited,JLX,LT,Light Trucks,4766,N,N,Y,Jaguar Land Rover Limited,JLX,Land Rover,2,Defender 110 MHEV,300,2024,1,Defender 110 MHEV 3.0L I-6 AWD (395hp) 19-inch tire,119.0,67.2,67.0,55.5,55.5,0,35.49,34.44,1.05,233.0,226.6,6.4,1794,,1794
2024,Jaguar Land Rover Limited,JLX,LT,Light Trucks,4766,N,N,Y,Jaguar Land Rover Limited,JLX,Land Rover,2,Defender 110 MHEV,300,2024,2,Defender 110 MHEV 3.0L I-6 AWD (395hp) 19-inch Off-Road tire,119.0,67.2,67.0,55.5,55.5,0,35.49,34.44,1.05,233.0,226.6,6.4,151,,151
2024,Jaguar Land Rover Limited,JLX,LT,Light Trucks,4766,N,N,Y,Jaguar Land Rover Limited,JLX,Land Rover,2,Defender 110 MHEV,300,2024,3,Defender 110 MHEV 3.0L I-6 AWD (395hp) 20-inch tire,119.0,67.2,67.0,55.5,55.5,0,35.49,34.44,1.05,233.0,226.6,6.4,5038,,5038
2024,Jaguar Land Rover Limited,JLX,LT,Light Trucks,4766,N,N,Y,Jaguar Land Rover Limited,JLX,Land Rover,2,Defender 110 MHEV,300,2024,4,Defender 110 MHEV 3.0L I-6 AWD (395hp) 20-inch Off-Road tire,119.0,67.2,67.0,55.5,55.5,0,35.49,34.44,1.05,233.0,226.6,6.4,330,,330
2024,Jaguar Land Rover Limited,JLX,LT,Light Trucks,4766,N,N,Y,Jaguar Land Rover Limited,JLX,Land Rover,2,Defender 110 MHEV,300,2024,5,Defender 110 MHEV 3.0L I-6 AWD (395hp) 22-inch tire,119.0,67.1,66.9,55.4,55.4,0,35.55,34.49,1.06,232.6,226.3,6.3,4825,,4825
2024,Jaguar Land Rover Limited,JLX,LT,Light Trucks,4766,N,N,Y,Jaguar Land Rover Limited,JLX,Land Rover,2,Defender 130,304,2024,1,Defender 130 5.0L V8 AWD (518hp) 20-inch tire,119.0,67.2,67.0,55.5,55.5,0,35.49,34.44,1.05,233.0,226.6,6.4,15,,15
2024,Jaguar Land Rover Limited,JLX,LT,Light Trucks,4766,N,N,Y,Jaguar Land Rover Limited,JLX,Land Rover,2,Defender 130,304,2024,2,Defender 130 5.0L V8 AWD (518hp) 22-inch tire,119.0,67.1,66.9,55.4,55.4,0,35.55,34.49,1.06,232.6,226.3,6.3,117,,117
2024,Jaguar Land Rover Limited,JLX,LT,Light Trucks,4766,N,N,Y,Jaguar Land Rover Limited,JLX,Land Rover,2,Defender 130 Outbound,314,2024,1,Defender 130 3.0L Outbound AWD (395hp) 20-inch tire,119.0,67.2,67.0,55.5,55.5,0,35.49,34.44,1.05,233.0,226.6,6.4,321,,321
2024,Jaguar Land Rover Limited,JLX,LT,Light Trucks,4766,N,N,Y,Jaguar Land Rover Limited,JLX,Land Rover,2,Defender 130 Outbound,314,2024,2,Defender 130 3.0L Outbound AWD (395hp) 22-inch tire,119.0,67.1,66.9,55.4,55.4,0,35.55,34.49,1.06,232.6,226.3,6.3,161,,161
2024,Jaguar Land Rover Limited,JLX,LT,Light Trucks,4766,N,N,Y,Jaguar Land Rover Limited,JLX,Land Rover,2,Defender 130 P300 MHEV,312,2024,1,Defender 130 MHEV 3.0L I-6 AWD (295hp) 19-inch tire,119.0,67.2,67.0,55.5,55.5,0,35.49,34.44,1.05,233.0,226.6,6.4,452,,452
2024,Jaguar Land Rover Limited,JLX,LT,Light Trucks,4766,N,N,Y,Jaguar Land Rover Limited,JLX,Land Rover,2,Defender 130 P300 MHEV,312,2024,2,Defender 130 MHEV 3.0L I-6 AWD (295hp) 19-inch Off-Road tire,119.0,67.2,67.0,55.5,55.5,0,35.49,34.44,1.05,233.0,226.6,6.4,17,,17
2024,Jaguar Land Rover Limited,JLX,LT,Light Trucks,4766,N,N,Y,Jaguar Land Rover Limited,JLX,Land Rover,2,Defender 130 P300 MHEV,312,2024,3,Defender 130 MHEV 3.0L I-6 AWD (295hp) 20-inch tire,119.0,67.2,67.0,55.5,55.5,0,35.49,34.44,1.05,233.0,226.6,6.4,489,,489
2024,Jaguar Land Rover Limited,JLX,LT,Light Trucks,4766,N,N,Y,Jaguar Land Rover Limited,JLX,Land Rover,2,Defender 130 P300 MHEV,312,2024,4,Defender 130 MHEV 3.0L I-6 AWD (395hp) 20-inch Off-Road tire,119.0,67.2,67.0,55.5,55.5,0,35.49,34.44,1.05,233.0,226.6,6.4,13,,13
2024,Jaguar Land Rover Limited,JLX,LT,Light Trucks,4766,N,N,Y,Jaguar Land Rover Limited,JLX,Land Rover,2,Defender 130 P300 MHEV,312,2024,5,Defender 130 MHEV 3.0L I-6 AWD (295hp) 22-inch tire,119.0,67.1,66.9,55.4,55.4,0,35.55,34.49,1.06,232.6,226.3,6.3,447,,447
2024,Jaguar Land Rover Limited,JLX,LT,Light Trucks,4766,N,N,Y,Jaguar Land Rover Limited,JLX,Land Rover,2,Defender 130 P400 MHEV,313,2024,1,Defender 130 MHEV 3.0L I-6 AWD (395hp) 19-inch tire,119.0,67.2,67.0,55.5,55.5,0,35.49,34.44,1.05,233.0,226.6,6.4,328,,328
2024,Jaguar Land Rover Limited,JLX,LT,Light Trucks,4766,N,N,Y,Jaguar Land Rover Limited,JLX,Land Rover,2,Defender 130 P400 MHEV,313,2024,2,Defender 130 MHEV 3.0L I-6 AWD (395hp) 19-inch Off-Road tire,119.0,67.2,67.0,55.5,55.5,0,35.49,34.44,1.05,233.0,226.6,6.4,51,,51
2024,Jaguar Land Rover Limited,JLX,LT,Light Trucks,4766,N,N,Y,Jaguar Land Rover Limited,JLX,Land Rover,2,Defender 130 P400 MHEV,313,2024,3,Defender 130 MHEV 3.0L I-6 AWD (395hp) 20-inch tire,119.0,67.2,67.0,55.5,55.5,0,35.49,34.44,1.05,233.0,226.6,6.4,938,,938
2024,Jaguar Land Rover Limited,JLX,LT,Light Trucks,4766,N,N,Y,Jaguar Land Rover Limited,JLX,Land Rover,2,Defender 130 P400 MHEV,313,2024,4,Defender 130 MHEV 3.0L I-6 AWD (395hp) 20-inch Off-Road tire,119.0,67.2,67.0,55.5,55.5,0,35.49,34.44,1.05,233.0,226.6,6.4,69,,69
2024,Jaguar Land Rover Limited,JLX,LT,Light Trucks,4766,N,N,Y,Jaguar Land Rover Limited,JLX,Land Rover,2,Defender 130 P400 MHEV,313,2024,5,Defender 130 MHEV 3.0L I-6 AWD (395hp) 22-inch tire,119.0,67.1,66.9,55.4,55.4,0,35.55,34.49,1.06,232.6,226.3,6.3,2776,,2776
2024,Jaguar Land Rover Limited,JLX,LT,Light Trucks,4766,N,N,Y,Jaguar Land Rover Limited,JLX,Land Rover,2,Defender 90,302,2024,1,Defender 90 2.0L I-4 AWD (296hp) 18-inch tire,101.8,67.2,67.0,47.4,47.4,0,40.63,39.41,1.22,201.3,196.1,5.2,48,,48
2024,Jaguar Land Rover Limited,JLX,LT,Light Trucks,4766,N,N,Y,Jaguar Land Rover Limited,JLX,Land Rover,2,Defender 90,302,2024,2,Defender 90 2.0L I-4 AWD (296hp) 18-inch Off-Road tire,101.8,67.2,67.0,47.4,47.4,0,40.63,39.41,1.22,201.3,196.1,5.2,17,,17
2024,Jaguar Land Rover Limited,JLX,LT,Light Trucks,4766,N,N,Y,Jaguar Land Rover Limited,JLX,Land Rover,2,Defender 90,302,2024,3,Defender 90 2.0L I-4 AWD (296hp) 19-inch tire,101.8,67.2,67.0,47.4,47.4,0,40.63,39.41,1.22,201.3,196.1,5.2,245,,245
2024,Jaguar Land Rover Limited,JLX,LT,Light Trucks,4766,N,N,Y,Jaguar Land Rover Limited,JLX,Land Rover,2,Defender 90,302,2024,4,Defender 90 2.0L I-4 AWD (296hp) 19-inch Off-Road tire,101.8,67.2,67.0,47.4,47.4,0,40.63,39.41,1.22,201.3,196.1,5.2,11,,11
2024,Jaguar Land Rover Limited,JLX,LT,Light Trucks,4766,N,N,Y,Jaguar Land Rover Limited,JLX,Land Rover,2,Defender 90,302,2024,5,Defender 90 2.0L I-4 AWD (296hp) 20-inch tire and Defender 90 5.0L V8 AWD (518hp) 20-inch tire,101.8,67.2,67.0,47.4,47.4,0,40.63,39.41,1.22,201.3,196.1,5.2,147,,147
2024,Jaguar Land Rover Limited,JLX,LT,Light Trucks,4766,N,N,Y,Jaguar Land Rover Limited,JLX,Land Rover,2,Defender 90,302,2024,6,Defender 90 2.0L I-4 AWD (296hp) 20-inch Off-Road tire,101.8,67.2,67.0,47.4,47.4,0,40.63,39.41,1.22,201.3,196.1,5.2,7,,7
2024,Jaguar Land Rover Limited,JLX,LT,Light Trucks,4766,N,N,Y,Jaguar Land Rover Limited,JLX,Land Rover,2,Defender 90,302,2024,7,Defender 90 2.0L I-4 AWD (296hp) 22-inch tire and Defender 90 5.0L V8 AWD (518hp) 22-inch tire,101.8,67.1,66.9,47.4,47.4,0,40.63,39.41,1.22,201.3,196.1,5.2,396,,396
2024,Jaguar Land Rover Limited,JLX,LT,Light Trucks,4766,N,N,Y,Jaguar Land Rover Limited,JLX,Land Rover,2,Defender 90 MHEV,301,2024,1,Defender 90 MHEV 3.0L I-6 AWD (395hp) 19-inch tire,101.8,67.2,67.0,47.4,47.4,0,40.63,39.41,1.22,201.3,196.1,5.2,97,,97
2024,Jaguar Land Rover Limited,JLX,LT,Light Trucks,4766,N,N,Y,Jaguar Land Rover Limited,JLX,Land Rover,2,Defender 90 MHEV,301,2024,2,Defender 90 MHEV 3.0L I-6 AWD (395hp) 19-inch Off-Road tire,101.8,67.2,67.0,47.4,47.4,0,40.63,39.41,1.22,201.3,196.1,5.2,15,,15
2024,Jaguar Land Rover Limited,JLX,LT,Light Trucks,4766,N,N,Y,Jaguar Land Rover Limited,JLX,Land Rover,2,Defender 90 MHEV,301,2024,3,Defender 90 MHEV 3.0L I-6 AWD (395hp) 20-inch tire,101.8,67.2,67.0,47.4,47.4,0,67.00,39.41,27.59,201.3,196.1,5.2,297,,297
2024,Jaguar Land Rover Limited,JLX,LT,Light Trucks,4766,N,N,Y,Jaguar Land Rover Limited,JLX,Land Rover,2,Defender 90 MHEV,301,2024,4,Defender 90 MHEV 3.0L I-6 AWD (395hp) 20-inch Off-Road tire,101.8,67.2,67.0,47.4,47.4,0,40.63,39.41,1.22,201.3,196.1,5.2,20,,20
2024,Jaguar Land Rover Limited,JLX,LT,Light Trucks,4766,N,N,Y,Jaguar Land Rover Limited,JLX,Land Rover,2,Defender 90 MHEV,301,2024,5,Defender 90 MHEV 3.0L I-6 AWD (395hp) 22-inch tire,101.8,67.1,66.9,47.4,47.4,0,40.63,39.41,1.22,201.3,196.1,5.2,214,,214
2024,Jaguar Land Rover Limited,JLX,LT,Light Trucks,4766,N,N,Y,Jaguar Land Rover Limited,JLX,Land Rover,2,Discovery,176,2024,1,Discovery P300 2.0L 20-inch tire,115.1,66.8,66.6,53.3,53.3,0,36.75,35.66,1.09,224.4,218.3,6.1,534,,534
2024,Jaguar Land Rover Limited,JLX,LT,Light Trucks,4766,N,N,Y,Jaguar Land Rover Limited,JLX,Land Rover,2,Discovery,176,2024,2,Discovery P300 2.0L 21-inch tire,115.1,66.6,66.4,53.2,53.2,0,36.81,35.72,1.09,224.0,218.0,6.0,1118,,1118
2024,Jaguar Land Rover Limited,JLX,LT,Light Trucks,4766,N,N,Y,Jaguar Land Rover Limited,JLX,Land Rover,2,Discovery,176,2024,3,Discovery P300 2.0L 22-inch tire,115.1,67.0,66.7,53.4,53.4,0,36.69,35.60,1.09,224.8,218.7,6.1,520,,520
2024,Jaguar Land Rover Limited,JLX,LT,Light Trucks,4766,N,N,Y,Jaguar Land Rover Limited,JLX,Land Rover,2,Discovery MHEV,177,2024,1,Discovery P360 3.0L (MHEV) 20-inch tire,115.1,66.8,66.6,53.3,53.3,0,36.75,35.66,1.09,224.4,218.3,6.1,92,,92
2024,Jaguar Land Rover Limited,JLX,LT,Light Trucks,4766,N,N,Y,Jaguar Land Rover Limited,JLX,Land Rover,2,Discovery MHEV,177,2024,2,Discovery P360 3.0L (MHEV) 21-inch tire,115.1,66.6,66.4,53.2,53.2,0,36.81,35.72,1.09,224.0,218.0,6.0,595,,595
2024,Jaguar Land Rover Limited,JLX,LT,Light Trucks,4766,N,N,Y,Jaguar Land Rover Limited,JLX,Land Rover,2,Discovery MHEV,177,2024,3,Discovery P360 3.0L (MHEV) 22-inch tire,115.1,67.0,66.7,53.4,53.4,0,36.69,35.60,1.09,224.8,218.7,6.1,1281,,1281
2024,Jaguar Land Rover Limited,JLX,LT,Light Trucks,4766,N,N,Y,Jaguar Land Rover Limited,JLX,Land Rover,2,Discovery Sport,196,2024,1,Discovery Sport (246 hp) 2.0L(TC) AWD 18-inch tire,107.9,64.0,64.3,48.1,48.1,0,40.13,38.92,1.21,204.1,198.7,5.4,730,,730
2024,Jaguar Land Rover Limited,JLX,LT,Light Trucks,4766,N,N,Y,Jaguar Land Rover Limited,JLX,Land Rover,2,Discovery Sport,196,2024,2,Discovery Sport (246 hp) 2.0L(TC) AWD 19-inch tire,107.9,64.4,64.7,48.4,48.4,0,39.92,38.72,1.20,205.2,199.9,5.3,834,,834
2024,Jaguar Land Rover Limited,JLX,LT,Light Trucks,4766,N,N,Y,Jaguar Land Rover Limited,JLX,Land Rover,2,Discovery Sport,196,2024,3,Discovery Sport (246 hp) 2.0L(TC) AWD 20-inch tire,107.9,64.4,64.7,48.4,48.4,0,39.92,38.72,1.20,205.2,199.9,5.3,1220,,1220
2024,Jaguar Land Rover Limited,JLX,LT,Light Trucks,4766,N,N,Y,Jaguar Land Rover Limited,JLX,Land Rover,2,Discovery Sport,196,2024,4,Discovery Sport (246 hp) 2.0L(TC) AWD 21-inch tire,107.9,64.4,64.7,48.4,48.4,0,39.92,38.72,1.20,205.2,199.9,5.3,72,,72
2024,Jaguar Land Rover Limited,JLX,LT,Light Trucks,4766,N,N,Y,Jaguar Land Rover Limited,JLX,Land Rover,2,Range Rover Evoque,204,2024,1,Range Rover Evoque (246 hp) 2.0L(TC) AWD 18-inch tire,105.6,64.0,64.3,47.1,47.1,0,40.85,39.62,1.23,200.2,195.0,5.2,964,,964
2024,Jaguar Land Rover Limited,JLX,LT,Light Trucks,4766,N,N,Y,Jaguar Land Rover Limited,JLX,Land Rover,2,Range Rover Evoque,204,2024,2,Range Rover Evoque (246 hp) 2.0L(TC) AWD 19-inch tire,105.6,64.4,64.7,47.4,47.4,0,40.63,39.41,1.22,201.3,196.1,5.2,1134,,1134
2024,Jaguar Land Rover Limited,JLX,LT,Light Trucks,4766,N,N,Y,Jaguar Land Rover Limited,JLX,Land Rover,2,Range Rover Evoque,204,2024,3,Range Rover Evoque (246 hp) 2.0L(TC) AWD 20-inch tire,105.6,64.4,64.7,47.4,47.4,0,40.63,39.41,1.22,201.3,196.1,5.2,2177,,2177
2024,Jaguar Land Rover Limited,JLX,LT,Light Trucks,4766,N,N,Y,Jaguar Land Rover Limited,JLX,Land Rover,2,Range Rover Evoque,204,2024,4,Range Rover Evoque (246 hp) 2.0L(TC) AWD 21-inch tire,105.6,64.4,64.7,47.4,47.4,0,40.63,39.41,1.22,201.3,196.1,5.2,450,,450
2024,Jaguar Land Rover Limited,JLX,LT,Light Trucks,4766,N,N,Y,Jaguar Land Rover Limited,JLX,Land Rover,2,Range Rover LWB MHEV,237,2024,1,NEW Range Rover LWB L460 4.4L (530hp) V8 AWD 21-inch tire,125.9,66.9,67.0,58.6,58.6,0,33.85,32.85,1.00,245.1,238.3,6.8,121,,121
2024,Jaguar Land Rover Limited,JLX,LT,Light Trucks,4766,N,N,Y,Jaguar Land Rover Limited,JLX,Land Rover,2,Range Rover LWB MHEV,237,2024,2,NEW Range Rover LWB L460 4.4L (530hp) V8 AWD 22-inch tire,125.9,67.0,67.1,58.6,58.6,0,33.85,32.85,1.00,245.1,238.3,6.8,576,,576
2024,Jaguar Land Rover Limited,JLX,LT,Light Trucks,4766,N,N,Y,Jaguar Land Rover Limited,JLX,Land Rover,2,Range Rover LWB MHEV,237,2024,3,NEW Range Rover LWB L460 4.4L (530hp) V8 AWD 23-inch tire,125.9,67.0,67.1,58.6,58.6,0,33.85,32.85,1.00,245.1,238.3,6.8,2056,,2056
2024,Jaguar Land Rover Limited,JLX,LT,Light Trucks,4766,N,N,Y,Jaguar Land Rover Limited,JLX,Land Rover,2,Range Rover MHEV,236,2024,1,NEW Range Rover SWB L460 4.4L (530hp) V8 AWD 21-inch tire,118.0,66.9,67.0,54.9,54.9,0,35.83,34.76,1.07,230.7,224.4,6.3,336,,336
2024,Jaguar Land Rover Limited,JLX,LT,Light Trucks,4766,N,N,Y,Jaguar Land Rover Limited,JLX,Land Rover,2,Range Rover MHEV,236,2024,2,NEW Range Rover SWB L460 4.4L (530hp) V8 AWD 22-inch tire,118.0,66.9,67.0,54.9,54.9,0,35.83,34.76,1.07,230.7,224.4,6.3,856,,856
2024,Jaguar Land Rover Limited,JLX,LT,Light Trucks,4766,N,N,Y,Jaguar Land Rover Limited,JLX,Land Rover,2,Range Rover MHEV,236,2024,3,NEW Range Rover SWB L460 4.4L (530hp) V8 AWD 23-inch tire,118.0,66.9,67.0,54.9,54.9,0,35.83,34.76,1.07,230.7,224.4,6.3,4210,,4210
2024,Jaguar Land Rover Limited,JLX,LT,Light Trucks,4766,N,N,Y,Jaguar Land Rover Limited,JLX,Land Rover,2,Range Rover P400 LWB MHEV,307,2024,1,NEW Range Rover LWB L460 3.0L (395hp) MHEV AWD 21-inch tire,125.9,66.9,67.0,58.6,58.6,0,33.85,32.85,1.00,245.1,238.3,6.8,333,,333
2024,Jaguar Land Rover Limited,JLX,LT,Light Trucks,4766,N,N,Y,Jaguar Land Rover Limited,JLX,Land Rover,2,Range Rover P400 LWB MHEV,307,2024,2,NEW Range Rover LWB L460 3.0L (395hp) MHEV AWD 22-inch tire,125.9,67.0,67.1,58.6,58.6,0,33.85,32.85,1.00,245.1,238.3,6.8,368,,368
2024,Jaguar Land Rover Limited,JLX,LT,Light Trucks,4766,N,N,Y,Jaguar Land Rover Limited,JLX,Land Rover,2,Range Rover P400 LWB MHEV,307,2024,3,NEW Range Rover LWB L460 3.0L (395hp) MHEV AWD 23-inch tire,125.9,67.0,67.1,58.6,58.6,0,33.85,32.85,1.00,245.1,238.3,6.8,1979,,1979
2024,Jaguar Land Rover Limited,JLX,LT,Light Trucks,4766,N,N,Y,Jaguar Land Rover Limited,JLX,Land Rover,2,Range Rover P400 MHEV,306,2024,1,NEW Range Rover SWB L460 3.0L (395hp) MHEV AWD 21-inch tire,118.0,66.9,67.0,54.9,54.9,0,35.83,34.76,1.07,230.7,224.4,6.3,709,,709
2024,Jaguar Land Rover Limited,JLX,LT,Light Trucks,4766,N,N,Y,Jaguar Land Rover Limited,JLX,Land Rover,2,Range Rover P400 MHEV,306,2024,2,NEW Range Rover SWB L460 3.0L (395hp) MHEV AWD 22-inch tire,118.0,67.0,67.1,54.9,54.9,0,35.83,34.76,1.07,230.7,224.4,6.3,807,,807
2024,Jaguar Land Rover Limited,JLX,LT,Light Trucks,4766,N,N,Y,Jaguar Land Rover Limited,JLX,Land Rover,2,Range Rover P400 MHEV,306,2024,3,NEW Range Rover SWB L460 3.0L (395hp) MHEV AWD 23-inch tire,118.0,67.0,67.1,54.9,54.9,0,35.83,34.76,1.07,230.7,224.4,6.3,2989,,2989
2024,Jaguar Land Rover Limited,JLX,LT,Light Trucks,4766,N,N,Y,Jaguar Land Rover Limited,JLX,Land Rover,2,Range Rover P550 PHEV,311,2024,1,NEW Range Rover L460 SWB 3.0L (440hp) PHEV AWD 21-inch tire,118.0,66.9,67.0,54.9,54.9,0,35.83,34.76,1.07,230.7,224.4,6.3,8,,8
2024,Jaguar Land Rover Limited,JLX,LT,Light Trucks,4766,N,N,Y,Jaguar Land Rover Limited,JLX,Land Rover,2,Range Rover P550 PHEV,311,2024,2,NEW Range Rover L460 SWB 3.0L (440hp) PHEV AWD 22-inch tire,118.0,67.0,67.1,54.9,54.9,0,35.83,34.76,1.07,230.7,224.4,6.3,455,,455
2024,Jaguar Land Rover Limited,JLX,LT,Light Trucks,4766,N,N,Y,Jaguar Land Rover Limited,JLX,Land Rover,2,Range Rover SV LWB MHEV,241,2024,1,NEW Range Rover LWB SV L460 4.4L (607hp) V8 AWD 21-inch tire,125.9,66.9,67.0,58.6,58.6,0,33.85,32.85,1.00,245.1,238.3,6.8,2,,2
2024,Jaguar Land Rover Limited,JLX,LT,Light Trucks,4766,N,N,Y,Jaguar Land Rover Limited,JLX,Land Rover,2,Range Rover SV LWB MHEV,241,2024,2,NEW Range Rover LWB SV L460 4.4L (607hp) V8 AWD 22-inch tire,125.9,67.0,67.1,58.6,58.6,0,33.85,32.85,1.00,245.1,238.3,6.8,58,,58
2024,Jaguar Land Rover Limited,JLX,LT,Light Trucks,4766,N,N,Y,Jaguar Land Rover Limited,JLX,Land Rover,2,Range Rover SV LWB MHEV,241,2024,3,NEW Range Rover LWB SV L460 4.4L (607hp) V8 AWD 23-inch tire,125.9,67.0,67.1,58.6,58.6,0,33.85,32.85,1.00,245.1,238.3,6.8,409,,409
2024,Jaguar Land Rover Limited,JLX,LT,Light Trucks,4766,N,N,Y,Jaguar Land Rover Limited,JLX,Land Rover,2,Range Rover SV MHEV,240,2024,1,NEW Range Rover SWB SV L460 4.4L (607hp) V8 AWD 21-inch tire,118.0,66.9,67.0,54.9,54.9,0,35.83,34.76,1.07,230.7,224.4,6.3,0,,0
2024,Jaguar Land Rover Limited,JLX,LT,Light Trucks,4766,N,N,Y,Jaguar Land Rover Limited,JLX,Land Rover,2,Range Rover SV MHEV,240,2024,2,NEW Range Rover SWB SV L460 4.4L (607hp) V8 AWD 22-inch tire,118.0,66.9,67.0,54.9,54.9,0,35.83,34.76,1.07,230.7,224.4,6.3,41,,41
2024,Jaguar Land Rover Limited,JLX,LT,Light Trucks,4766,N,N,Y,Jaguar Land Rover Limited,JLX,Land Rover,2,Range Rover SV MHEV,240,2024,3,NEW Range Rover SWB SV L460 4.4L (607hp) V8 AWD 23-inch tire,118.0,66.9,67.0,54.9,54.9,0,35.83,34.76,1.07,230.7,224.4,6.3,309,,309
2024,Jaguar Land Rover Limited,JLX,LT,Light Trucks,4766,N,N,Y,Jaguar Land Rover Limited,JLX,Land Rover,2,Range Rover Sport P360 MHEV,229,2024,1,NEW Range Rover Sport L461 3.0L (355hp) MHEV AWD 21-inch tire,118.0,66.9,67.0,54.9,54.9,0,35.83,34.76,1.07,230.7,224.4,6.3,2603,,2603
2024,Jaguar Land Rover Limited,JLX,LT,Light Trucks,4766,N,N,Y,Jaguar Land Rover Limited,JLX,Land Rover,2,Range Rover Sport P360 MHEV,229,2024,2,NEW Range Rover Sport L461 3.0L (355hp) MHEV AWD 22-inch tire,118.0,67.0,67.1,54.9,54.9,0,35.83,34.76,1.07,230.7,224.4,6.3,2262,,2262
2024,Jaguar Land Rover Limited,JLX,LT,Light Trucks,4766,N,N,Y,Jaguar Land Rover Limited,JLX,Land Rover,2,Range Rover Sport P360 MHEV,229,2024,3,NEW Range Rover Sport L461 3.0L (355hp) MHEV AWD 23-inch tire,118.0,67.0,67.1,54.9,54.9,0,35.83,34.76,1.07,230.7,224.4,6.3,2791,,2791
2024,Jaguar Land Rover Limited,JLX,LT,Light Trucks,4766,N,N,Y,Jaguar Land Rover Limited,JLX,Land Rover,2,Range Rover Sport P400 MHEV,230,2024,1,NEW Range Rover Sport L461 3.0L (395hp) MHEV AWD 21-inch tire,118.0,66.9,67.0,54.9,54.9,0,35.83,34.76,1.07,230.7,224.4,6.3,3120,,3120
2024,Jaguar Land Rover Limited,JLX,LT,Light Trucks,4766,N,N,Y,Jaguar Land Rover Limited,JLX,Land Rover,2,Range Rover Sport P400 MHEV,230,2024,2,NEW Range Rover Sport L461 3.0L (395hp) MHEV AWD 22-inch tire,118.0,67.0,67.1,54.9,54.9,0,35.83,34.76,1.07,230.7,224.4,6.3,2072,,2072
2024,Jaguar Land Rover Limited,JLX,LT,Light Trucks,4766,N,N,Y,Jaguar Land Rover Limited,JLX,Land Rover,2,Range Rover Sport P400 MHEV,230,2024,3,NEW Range Rover Sport L461 3.0L (395hp) MHEV AWD 23-inch tire,118.0,67.0,67.1,54.9,54.9,0,35.83,34.76,1.07,230.7,224.4,6.3,5517,,5517
2024,Jaguar Land Rover Limited,JLX,LT,Light Trucks,4766,N,N,Y,Jaguar Land Rover Limited,JLX,Land Rover,2,Range Rover Sport P550 PHEV,235,2024,1,Range Rover Sport L461 3.0L (440hp) PHEV AWD 21-inch tire,118.0,66.9,67.0,54.9,54.9,0,35.83,34.76,1.07,230.7,224.4,6.3,13,,13
2024,Jaguar Land Rover Limited,JLX,LT,Light Trucks,4766,N,N,Y,Jaguar Land Rover Limited,JLX,Land Rover,2,Range Rover Sport P550 PHEV,235,2024,2,Range Rover Sport L461 3.0L (440hp) PHEV AWD 22-inch tire,118.0,67.0,67.1,54.9,54.9,0,35.83,34.76,1.07,230.7,224.4,6.3,213,,213
2024,Jaguar Land Rover Limited,JLX,LT,Light Trucks,4766,N,N,Y,Jaguar Land Rover Limited,JLX,Land Rover,2,Range Rover Sport P550 PHEV,235,2024,3,Range Rover Sport L461 3.0L (440hp) PHEV AWD 23-inch tire,118.0,67.0,67.1,54.9,54.9,0,35.83,34.76,1.07,230.7,224.4,6.3,214,,214
2024,Jaguar Land Rover Limited,JLX,LT,Light Trucks,4766,N,N,Y,Jaguar Land Rover Limited,JLX,Land Rover,2,Range Rover Sport SVR MHEV,239,2024,1,Range Rover Sport SV L461 4.4L (630hp) V8 AWD 23-inch tire,118.0,67.0,67.1,54.9,54.9,0,35.83,34.76,1.07,230.7,224.4,6.3,634,,634
2024,Jaguar Land Rover Limited,JLX,LT,Light Trucks,4766,N,N,Y,Jaguar Land Rover Limited,JLX,Land Rover,2,Range Rover Velar,107,2024,1,Range Rover Velar 2.0L(TC) AWD (Coil) 19 inch,113.2,64.6,65.3,51.1,51.1,0,38.11,36.97,1.14,215.8,210.0,5.8,472,,472
2024,Jaguar Land Rover Limited,JLX,LT,Light Trucks,4766,N,N,Y,Jaguar Land Rover Limited,JLX,Land Rover,2,Range Rover Velar,107,2024,2,Range Rover Velar 2.0L(TC) AWD (Air) 19 inch,113.2,64.6,65.4,51.1,51.1,0,38.11,36.97,1.14,215.8,210.0,5.8,0,,0
2024,Jaguar Land Rover Limited,JLX,LT,Light Trucks,4766,N,N,Y,Jaguar Land Rover Limited,JLX,Land Rover,2,Range Rover Velar,107,2024,3,Range Rover Velar 2.0L(TC) AWD (Coil) 20 inch,113.2,64.6,65.3,51.1,51.1,0,38.11,36.97,1.14,215.8,210.0,5.8,60,,60
2024,Jaguar Land Rover Limited,JLX,LT,Light Trucks,4766,N,N,Y,Jaguar Land Rover Limited,JLX,Land Rover,2,Range Rover Velar,107,2024,4,Range Rover Velar 2.0L(TC) AWD (Air) 20 inch,113.2,64.6,65.4,51.1,51.1,0,38.11,36.97,1.14,215.8,210.0,5.8,3238,,3238
2024,Jaguar Land Rover Limited,JLX,LT,Light Trucks,4766,N,N,Y,Jaguar Land Rover Limited,JLX,Land Rover,2,Range Rover Velar,107,2024,5,Range Rover Velar 2.0L(TC) AWD (Air) 21 inch,113.2,64.6,65.4,51.1,51.1,0,38.11,36.97,1.14,215.8,210.0,5.8,505,,505
2024,Jaguar Land Rover Limited,JLX,LT,Light Trucks,4766,N,N,Y,Jaguar Land Rover Limited,JLX,Land Rover,2,Range Rover Velar,107,2024,6,Range Rover Velar 2.0L(TC) AWD (Air) 22 inch,113.2,64.6,65.4,51.1,51.1,0,38.11,36.97,1.14,215.8,210.0,5.8,801,,801
2024,Jaguar Land Rover Limited,JLX,LT,Light Trucks,4766,N,N,Y,Jaguar Land Rover Limited,JLX,Land Rover,2,Range Rover Velar P400 MHEV,116,2024,1,Range Rover Velar (400hp) 3.0L(MHEV) AWD (Air) 19 inch,113.2,64.6,65.4,51.1,51.1,0,38.11,36.97,1.14,215.8,210.0,5.8,7,,7
2024,Jaguar Land Rover Limited,JLX,LT,Light Trucks,4766,N,N,Y,Jaguar Land Rover Limited,JLX,Land Rover,2,Range Rover Velar P400 MHEV,116,2024,2,Range Rover Velar (400hp) 3.0L(MHEV) AWD (Air) 20 inch,113.2,64.6,65.4,51.1,51.1,0,38.11,36.97,1.14,215.8,210.0,5.8,43,,43
2024,Jaguar Land Rover Limited,JLX,LT,Light Trucks,4766,N,N,Y,Jaguar Land Rover Limited,JLX,Land Rover,2,Range Rover Velar P400 MHEV,116,2024,3,Range Rover Velar (400hp) 3.0L(MHEV) AWD (Air) 21 inch,113.2,64.6,65.4,51.1,51.1,0,38.11,36.97,1.14,215.8,210.0,5.8,52,,52
2024,Jaguar Land Rover Limited,JLX,LT,Light Trucks,4766,N,N,Y,Jaguar Land Rover Limited,JLX,Land Rover,2,Range Rover Velar P400 MHEV,116,2024,4,Range Rover Velar (400hp) 3.0L(MHEV) AWD (Air) 22 inch,113.2,64.6,65.4,51.1,51.1,0,38.11,36.97,1.14,215.8,210.0,5.8,558,,558
2024,Jaguar Land Rover Limited,JLX,PV,Passenger Vehicles,4764,N,N,Y,Jaguar Land Rover Limited,JLX,Jaguar,3,F-TYPE P450 AWD R-Dynamic Conv,89,2024,1,F-TYPE Convertible P450 5.0L(450hp) AWD A8 20-inch tire,103.2,62.4,64.1,45.3,45.3,0,50.79,50.54,0.25,158.6,153.2,5.4,113,0,113
2024,Jaguar Land Rover Limited,JLX,PV,Passenger Vehicles,4764,N,N,Y,Jaguar Land Rover Limited,JLX,Jaguar,3,F-TYPE P450 AWD R-Dynamic Coupe,88,2024,1,F-TYPE P450 Coupe 5.0L(450hp) AWD A8 20-inch tire,103.2,62.4,64.1,45.3,45.3,0,50.79,50.54,0.25,158.6,153.2,5.4,268,0,268
2024,Jaguar Land Rover Limited,JLX,PV,Passenger Vehicles,4764,N,N,Y,Jaguar Land Rover Limited,JLX,Jaguar,3,F-TYPE P450 RWD Convertible,87,2024,1,F-TYPE Convertible P450 5.0L(450hp) RWD A8 20-inch tire,103.2,62.4,64.1,45.3,45.3,0,50.79,50.54,0.25,158.6,153.2,5.4,389,0,389
2024,Jaguar Land Rover Limited,JLX,PV,Passenger Vehicles,4764,N,N,Y,Jaguar Land Rover Limited,JLX,Jaguar,3,F-TYPE P450 RWD Coupe,86,2024,1,F-TYPE P450 Coupe 5.0L(450hp) RWD A8 20-inch tire,103.2,62.4,64.1,45.3,45.3,0,50.79,50.54,0.25,158.6,153.2,5.4,485,0,485
2024,Jaguar Land Rover Limited,JLX,PV,Passenger Vehicles,4764,N,N,Y,Jaguar Land Rover Limited,JLX,Jaguar,3,F-TYPE R AWD Convertible,85,2024,1,F-TYPE Convertible R 5.0L(SC) AWD A8 20-inch tire,103.2,62.4,63.5,45.2,45.2,0,50.89,50.64,0.25,158.2,152.8,5.4,227,0,227
2024,Jaguar Land Rover Limited,JLX,PV,Passenger Vehicles,4764,N,N,Y,Jaguar Land Rover Limited,JLX,Jaguar,3,F-TYPE R AWD Coupe,84,2024,1,F-TYPE R Coupe 5.0L(575hp) AWD A8 20-inch tire,103.2,62.4,63.5,45.2,45.2,0,20.89,50.64,29.75,158.2,152.8,5.4,362,0,362
2024,Jaguar Land Rover Limited,JLX,PV,Passenger Vehicles,4764,N,N,Y,Jaguar Land Rover Limited,JLX,Jaguar,3,XF P250,90,2024,1,XF Sedan (247 hp) 2.0L(TC) RWD 18-inch tire,116.5,63.2,63.3,51.1,51.1,0,45.38,45.18,0.20,179.1,172.8,6.3,0,0,0
2024,Jaguar Land Rover Limited,JLX,PV,Passenger Vehicles,4764,N,N,Y,Jaguar Land Rover Limited,JLX,Jaguar,3,XF P250,90,2024,2,XF Sedan (247 hp) 2.0L(TC) RWD 19-inch tire,116.5,63.2,63.3,51.1,51.1,0,45.38,45.18,0.20,179.1,172.8,6.3,208,0,208
2024,Jaguar Land Rover Limited,JLX,PV,Passenger Vehicles,4764,N,N,Y,Jaguar Land Rover Limited,JLX,Jaguar,3,XF P250,90,2024,3,XF Sedan (247 hp) 2.0L(TC) RWD 20-inch tire,116.5,62.9,63.0,51.0,51.0,0,45.47,45.26,0.21,178.7,172.5,6.2,312,0,312
2024,Jaguar Land Rover Limited,JLX,PV,Passenger Vehicles,4764,N,N,Y,Jaguar Land Rover Limited,JLX,Jaguar,3,XF P300 AWD,99,2024,1,XF Sedan (296 hp) 2.0L(TC) AWD 19-inch tire,116.5,63.2,63.3,51.1,51.1,0,45.38,45.18,0.20,179.1,172.8,6.3,579,0,579
2024,Jaguar Land Rover Limited,JLX,PV,Passenger Vehicles,4764,N,N,Y,Jaguar Land Rover Limited,JLX,Jaguar,3,XF P300 AWD,99,2024,2,XF Sedan (296 hp) 2.0L(TC) AWD 20-inch tire,116.5,62.9,63.0,51.0,51.0,0,45.47,45.26,0.21,178.7,172.5,6.2,1205,0,1205
2024,Kia Corporation,KMX,LT,Light Trucks,4818,N,N,Y,Kia Corporation,KMX,KIA,1,Carnival,621,2024,1,Carnival 3.5 19inch tire,121.7,68.5,68.5,57.9,57.9,0,33.20,33.20,0,235.7,235.7,0,36037,,35997
2024,Kia Corporation,KMX,LT,Light Trucks,4818,N,N,Y,Kia Corporation,KMX,KIA,1,Carnival,621,2024,2,Carnival 3.5 17inch tire,121.7,68.9,68.9,58.2,58.2,0,33.05,33.05,0,236.8,236.8,0,20333,,20199
2024,Kia Corporation,KMX,LT,Light Trucks,4818,N,N,Y,Kia Corporation,KMX,KIA,1,EV9 Long Range AWD,902,2024,1,EV9 Long Range AWD,122.0,67.0,67.5,57.0,56.9,0.1,33.65,33.71,0.06,232.3,231.9,0.4,3987,,3987
2024,Kia Corporation,KMX,LT,Light Trucks,4818,N,N,Y,Kia Corporation,KMX,KIA,1,EV9 Long Range AWD,902,2024,2,EV9 Long Range AWD,122.0,66.6,67.1,56.6,56.6,0,33.86,33.86,0,230.8,230.8,0,7659,,7659
2024,Kia Corporation,KMX,LT,Light Trucks,4818,N,N,Y,Kia Corporation,KMX,KIA,1,EV9 Long Range AWD GT-Line,903,2024,1,EV9 Long Range AWD GT-line,122.0,66.6,67.1,56.6,56.6,0,33.86,33.86,0,230.8,230.8,0,7665,,7665
2024,Kia Corporation,KMX,LT,Light Trucks,4818,N,N,Y,Kia Corporation,KMX,KIA,1,EV9 Long Range RWD,901,2024,1,EV9 Long Range RWD,122.0,67.0,67.5,57.0,56.9,0.1,33.65,33.71,0.06,232.3,231.9,0.4,2970,,2970
2024,Kia Corporation,KMX,LT,Light Trucks,4818,N,N,Y,Kia Corporation,KMX,KIA,1,EV9 Standard Range RWD,900,2024,1,EV9 Standard Range RWD,122.0,67.0,67.5,57.0,56.9,0.1,33.65,33.71,0.06,232.3,231.9,0.4,712,,712
2024,Kia Corporation,KMX,LT,Light Trucks,4818,N,N,Y,Kia Corporation,KMX,KIA,1,Seltos AWD,800,2024,1,Seltos AWD 2.0 17inch,103.5,61.5,61.9,44.3,44.3,0,41.71,41.71,0,184.4,184.4,0,40550,,40550
2024,Kia Corporation,KMX,LT,Light Trucks,4818,N,N,Y,Kia Corporation,KMX,KIA,1,Seltos AWD,800,2024,2,Seltos AWD 1.6T 18inch,103.5,61.3,61.8,44.3,44.3,0,41.71,41.71,0,184.4,184.4,0,19219,,19219
2024,Kia Corporation,KMX,LT,Light Trucks,4818,N,N,Y,Kia Corporation,KMX,KIA,1,Sorento AWD,828,2024,1,Sorento AWD 2.5 18inch,110.8,64.8,65.2,50.0,50.0,0,37.66,37.66,0,205.9,205.9,0,9849,,9849
2024,Kia Corporation,KMX,LT,Light Trucks,4818,N,N,Y,Kia Corporation,KMX,KIA,1,Sorento AWD,828,2024,2,Sorento AWD 2.5T 17inch,110.8,65.0,65.4,50.2,50.2,0,37.54,37.54,0,206.7,206.7,0,2656,,2656
2024,Kia Corporation,KMX,LT,Light Trucks,4818,N,N,Y,Kia Corporation,KMX,KIA,1,Sorento AWD,828,2024,3,Sorento AWD 2.5T 20inch,110.8,64.4,64.8,49.7,49.7,0,37.86,37.86,0,204.8,204.8,0,14696,,14696
2024,Kia Corporation,KMX,LT,Light Trucks,4818,N,N,Y,Kia Corporation,KMX,KIA,1,Sorento FWD,829,2024,1,Sorento FWD 2.5 17inch,110.8,65.0,65.4,50.2,50.2,0,37.54,37.54,0,206.7,206.7,0,3911,,3911
2024,Kia Corporation,KMX,LT,Light Trucks,4818,N,N,Y,Kia Corporation,KMX,KIA,1,Sorento FWD,829,2024,2,Sorento FWD 2.5 18inch,110.8,64.8,65.2,50.0,50.0,0,37.66,37.66,0,205.9,205.9,0,13570,,13570
2024,Kia Corporation,KMX,LT,Light Trucks,4818,N,N,Y,Kia Corporation,KMX,KIA,1,Sorento FWD,829,2024,3,Sorento FWD 2.5T 20inch,110.8,64.4,64.8,49.7,49.7,0,37.86,37.86,0,204.8,204.8,0,5927,,5927
2024,Kia Corporation,KMX,LT,Light Trucks,4818,N,N,Y,Kia Corporation,KMX,KIA,1,Sorento Hybrid AWD,832,2024,1,Sorento Hybrid 19inch tire,110.8,64.8,65.2,50.0,50.0,0,37.66,37.66,0,205.9,205.9,0,4064,,4064
2024,Kia Corporation,KMX,LT,Light Trucks,4818,N,N,Y,Kia Corporation,KMX,KIA,1,Sorento Hybrid FWD,830,2024,1,Sorento Hybrid FWD 17inch,110.8,65.0,65.4,50.2,50.2,0,37.54,37.54,0,206.7,206.7,0,735,,735
2024,Kia Corporation,KMX,LT,Light Trucks,4818,N,N,Y,Kia Corporation,KMX,KIA,1,Sorento Plug-in Hybrid,831,2024,1,Sorento Plug-in Hybrid 19inch tire,110.8,64.8,65.2,50.0,50.0,0,37.66,37.66,0,205.9,205.9,0,998,,998
2024,Kia Corporation,KMX,LT,Light Trucks,4818,N,N,Y,Kia Corporation,KMX,KIA,1,Sportage AWD,728,2024,1,Sportage AWD 2.5 17inch,108.5,63.8,64.1,48.2,48.2,0,38.86,38.86,0,199.1,199.1,0,7820,,7820
2024,Kia Corporation,KMX,LT,Light Trucks,4818,N,N,Y,Kia Corporation,KMX,KIA,1,Sportage AWD,728,2024,2,Sportage AWD 2.5 18inch,108.5,63.6,63.9,48.1,48.1,0,38.92,38.92,0,198.7,198.7,0,9792,,9792
2024,Kia Corporation,KMX,LT,Light Trucks,4818,N,N,Y,Kia Corporation,KMX,KIA,1,Sportage AWD,728,2024,3,Sportage AWD 2.5 19inch,108.5,63.6,63.9,48.1,48.1,0,38.92,38.92,0,198.7,198.7,0,38771,,38771
2024,Kia Corporation,KMX,LT,Light Trucks,4818,N,N,Y,Kia Corporation,KMX,KIA,1,Sportage Hybrid AWD,730,2024,1,Sportage Hybrid AWD 17inch,108.5,63.8,64.1,48.2,48.2,0,38.86,38.86,0,199.1,199.1,0,2770,,2770
2024,Kia Corporation,KMX,LT,Light Trucks,4818,N,N,Y,Kia Corporation,KMX,KIA,1,Sportage Hybrid AWD,730,2024,2,Sportage Hybrid AWD 18inch,108.5,63.6,63.9,48.1,48.1,0,38.92,38.92,0,198.7,198.7,0,16551,,16551
2024,Kia Corporation,KMX,LT,Light Trucks,4818,N,N,Y,Kia Corporation,KMX,KIA,1,Sportage Plug-in Hybrid,732,2024,1,Sportage Plug-in Hybrid 19inch,108.5,63.6,63.9,48.1,48.1,0,38.92,38.92,0,198.7,198.7,0,8573,,8573
2024,Kia Corporation,KMX,LT,Light Trucks,4818,N,N,Y,Kia Corporation,KMX,KIA,1,Sportage X-pro,733,2024,1,Sportage X-pro,108.5,63.8,64.1,48.2,48.2,0,38.86,38.86,0,199.1,199.1,0,10891,,10891
2024,Kia Corporation,KMX,LT,Light Trucks,4818,N,N,Y,Kia Corporation,KMX,KIA,1,Telluride AWD,100,2024,1,Telluride AWD 3.8 18inch,114.2,67.2,67.6,53.5,53.5,0,35.55,35.55,0,219.1,219.1,0,1356,,1356
2024,Kia Corporation,KMX,LT,Light Trucks,4818,N,N,Y,Kia Corporation,KMX,KIA,1,Telluride AWD,100,2024,2,Telluride AWD 3.8 20inch,114.2,67.2,67.6,53.5,53.5,0,35.55,35.55,0,219.1,219.1,0,42127,,42127
2024,Kia Corporation,KMX,LT,Light Trucks,4818,N,N,Y,Kia Corporation,KMX,KIA,1,Telluride AWD,100,2024,3,Telluride AWD 3.8 18inch X-pro,114.2,67.2,67.6,53.5,53.5,0,35.55,35.55,0,219.1,219.1,0,17832,,17826
2024,Kia Corporation,KMX,LT,Light Trucks,4818,N,N,Y,Kia Corporation,KMX,KIA,1,Telluride AWD,100,2024,4,Telluride AWD 3.8 20inch X-line,114.2,67.2,67.6,53.5,53.5,0,35.55,35.55,0,219.1,219.1,0,53390,,53372
2024,Kia Corporation,KMX,LT,Light Trucks,4818,N,N,Y,Kia Corporation,KMX,KIA,1,Telluride FWD,101,2024,1,Telluride FWD 3.8 18inch tire,114.2,67.2,67.6,53.5,53.5,0,35.55,35.55,0,219.1,219.1,0,3750,,3750
2024,Kia Corporation,KMX,LT,Light Trucks,4818,N,N,Y,Kia Corporation,KMX,KIA,1,Telluride FWD,101,2024,2,Telluride FWD 3.8 20inch tire,114.2,67.2,67.6,53.5,53.5,0,35.55,35.55,0,219.1,219.1,0,29134,,29123
2024,Kia Corporation,KMX,PV,Passenger Vehicles,4826,N,N,Y,Kia Corporation,KMX,KIA,1,EV6 AWD GT,501,2024,1,EV6 AWD GT,114.2,64.1,64.4,50.9,50.9,0,45.34,45.34,0,172.2,172.2,0,685,,685
2024,Kia Corporation,KMX,PV,Passenger Vehicles,4826,N,N,Y,Kia Corporation,KMX,KIA,1,EV6 Long Range AWD (19'' Wheels),500,2024,1,EV6 long range AWD 19inch,114.2,64.2,64.6,51.1,51.1,0,45.18,45.18,0,172.8,172.8,0,9200,,9200
2024,Kia Corporation,KMX,PV,Passenger Vehicles,4826,N,N,Y,Kia Corporation,KMX,KIA,1,EV6 Long Range AWD (20'' Wheels),502,2024,1,EV6 long range AWD 20inch,114.2,64.0,64.4,50.9,50.9,0,45.34,45.34,0,172.2,172.2,0,4269,,4269
2024,Kia Corporation,KMX,PV,Passenger Vehicles,4826,N,N,Y,Kia Corporation,KMX,KIA,1,EV6 Long Range RWD,504,2024,1,EV6 long range RWD,114.2,64.2,64.6,51.1,51.1,0,45.18,45.18,0,172.8,172.8,0,11474,,11474
2024,Kia Corporation,KMX,PV,Passenger Vehicles,4826,N,N,Y,Kia Corporation,KMX,KIA,1,EV6 Standard Range RWD,503,2024,1,EV6 standard range RWD,114.2,64.2,64.6,51.1,51.1,0,45.18,45.18,0,172.8,172.8,0,726,,726
2024,Kia Corporation,KMX,PV,Passenger Vehicles,4826,N,N,Y,Kia Corporation,KMX,KIA,1,Forte,428,2024,1,Forte 2.0 CVT 16inch,106.3,61.2,61.6,45.3,45.3,0,50.54,50.54,0,153.2,153.2,0,72567,,72547
2024,Kia Corporation,KMX,PV,Passenger Vehicles,4826,N,N,Y,Kia Corporation,KMX,KIA,1,Forte,428,2024,2,Forte 2.0 CVT 17inch,106.3,61.0,61.3,45.2,45.2,0,50.64,50.64,0,152.8,152.8,0,38138,,38138
2024,Kia Corporation,KMX,PV,Passenger Vehicles,4826,N,N,Y,Kia Corporation,KMX,KIA,1,Forte,428,2024,3,Forte 1.6T DCT/MT 18inch,106.3,60.8,61.4,45.1,45.1,0,50.75,50.75,0,152.5,152.5,0,10331,,10331
2024,Kia Corporation,KMX,PV,Passenger Vehicles,4826,N,N,Y,Kia Corporation,KMX,KIA,1,Forte FE,427,2024,1,Forte FE 2.0 CVT 15inch,106.3,61.5,61.9,45.5,45.5,0,50.33,50.33,0,153.8,153.8,0,7205,,7205
2024,Kia Corporation,KMX,PV,Passenger Vehicles,4826,N,N,Y,Kia Corporation,KMX,KIA,1,K5,328,2024,1,K5 1.6T 16inch,112.2,64.3,64.6,50.2,50.2,0,45.93,45.93,0,169.8,169.8,0,2380,,2380
2024,Kia Corporation,KMX,PV,Passenger Vehicles,4826,N,N,Y,Kia Corporation,KMX,KIA,1,K5,328,2024,2,K5 1.6T 18inch,112.2,63.7,64.0,49.7,49.7,0,46.36,46.36,0,168.1,168.1,0,23139,,23139
2024,Kia Corporation,KMX,PV,Passenger Vehicles,4826,N,N,Y,Kia Corporation,KMX,KIA,1,K5,328,2024,3,K5 2.5T 19inch,112.2,63.4,63.7,49.6,49.6,0,46.45,46.45,0,167.7,167.7,0,4097,,4097
2024,Kia Corporation,KMX,PV,Passenger Vehicles,4826,N,N,Y,Kia Corporation,KMX,KIA,1,K5 AWD,329,2024,2,K5 AWD 1.6T 18inch,112.2,63.7,64.0,49.7,49.7,0,46.36,46.36,0,168.1,168.1,0,9239,,9239
2024,Kia Corporation,KMX,PV,Passenger Vehicles,4826,N,N,Y,Kia Corporation,KMX,KIA,1,Niro,181,2024,1,Niro HEV 18inch,107.1,61.9,62.4,46.3,46.3,0,49.53,49.53,0,156.6,156.6,0,4816,,4811
2024,Kia Corporation,KMX,PV,Passenger Vehicles,4826,N,N,Y,Kia Corporation,KMX,KIA,1,Niro Electric,200,2024,1,Niro Electric 17inch,107.1,61.9,62.2,46.1,46.1,0,49.73,49.73,0,155.9,155.9,0,13937,,13927
2024,Kia Corporation,KMX,PV,Passenger Vehicles,4826,N,N,Y,Kia Corporation,KMX,KIA,1,Niro FE,182,2024,1,Niro FE HEV 16inch,107.1,62.4,62.8,46.6,46.6,0,49.23,49.23,0,157.6,157.6,0,11542,,11542
2024,Kia Corporation,KMX,PV,Passenger Vehicles,4826,N,N,Y,Kia Corporation,KMX,KIA,1,Niro Plug-in Hybrid,184,2024,1,Niro PHEV 16inch,107.1,62.4,62.8,46.6,46.6,0,49.23,49.23,0,157.6,157.6,0,2491,,2491
2024,Kia Corporation,KMX,PV,Passenger Vehicles,4826,N,N,Y,Kia Corporation,KMX,KIA,1,Niro Plug-in Hybrid,184,2024,2,Niro PHEV 18inch,107.1,61.9,62.4,46.3,46.3,0,49.53,49.53,0,156.6,156.6,0,1094,,1094
2024,Kia Corporation,KMX,PV,Passenger Vehicles,4826,N,N,Y,Kia Corporation,KMX,KIA,1,Seltos FWD,801,2024,1,Seltos FWD 2.0 17inch,103.5,61.5,61.9,44.3,44.3,0,51.60,51.60,0,149.8,149.8,0,29647,,29647
2024,Kia Corporation,KMX,PV,Passenger Vehicles,4826,N,N,Y,Kia Corporation,KMX,KIA,1,Soul,228,2024,1,Soul 2.0 CVT 16inch,102.4,62.0,62.4,44.2,44.2,0,51.70,51.70,0,149.4,149.4,0,36392,,36354
2024,Kia Corporation,KMX,PV,Passenger Vehicles,4826,N,N,Y,Kia Corporation,KMX,KIA,1,Soul,228,2024,2,Soul 2.0 CVT 18inch,102.4,61.4,61.7,43.8,43.8,0,52.14,52.14,0,148.1,148.1,0,6734,,6734
2024,Kia Corporation,KMX,PV,Passenger Vehicles,4826,N,N,Y,Kia Corporation,KMX,KIA,1,Soul Eco dynamics,229,2024,1,Soul Eco dynamics 2.0 CVT 17inch,102.4,61.5,61.9,43.9,43.9,0,52.03,52.03,0,148.4,148.4,0,4030,,4024
2024,Kia Corporation,KMX,PV,Passenger Vehicles,4826,N,N,Y,Kia Corporation,KMX,KIA,1,Sportage FWD,729,2024,1,Sportage FWD 2.5 17inch,108.5,63.8,64.1,48.2,48.2,0,47.71,47.71,0,163.0,163.0,0,8970,,8970
2024,Kia Corporation,KMX,PV,Passenger Vehicles,4826,N,N,Y,Kia Corporation,KMX,KIA,1,Sportage FWD,729,2024,2,"Sportage FWD 2.5 18inch (ETW 3750, 3875)",108.5,63.6,63.9,48.1,48.1,0,47.80,47.80,0,162.7,162.7,0,30271,,30271
2024,Kia Corporation,KMX,PV,Passenger Vehicles,4826,N,N,Y,Kia Corporation,KMX,KIA,1,Sportage FWD,729,2024,3,Sportage FWD 2.5 19inch,108.5,63.6,63.9,48.1,48.1,0,47.80,47.80,0,162.7,162.7,0,11639,,11639
2024,Kia Corporation,KMX,PV,Passenger Vehicles,4826,N,N,Y,Kia Corporation,KMX,KIA,1,Sportage Hybrid FWD,731,2024,1,Sportage Hybrid FWD,108.5,63.8,64.1,48.2,48.2,0,47.71,47.71,0,163.0,163.0,0,1731,,1731
2024,"Lucid USA, Inc.",LMU,PV,Passenger Vehicles,4937,N,N,Y,"Lucid USA, Inc.",LMU,Lucid USA Inc.,2,Air G Touring XR AWD w/19&quot; wheels,9,2024,1,All information already included above,116.5,65.5,66.3,53.3,53.3,0,43.43,43.43,0,179.6,180.3,0.7,106,,106
2024,"Lucid USA, Inc.",LMU,PV,Passenger Vehicles,4937,N,N,Y,"Lucid USA, Inc.",LMU,Lucid USA Inc.,2,Air G Touring XR AWD w/20&quot; wheels,8,2024,1,All information already included above,116.5,65.7,65.6,53.1,53.1,0,43.58,43.58,0,179.6,179.6,0,101,,101
2024,"Lucid USA, Inc.",LMU,PV,Passenger Vehicles,4937,N,N,Y,"Lucid USA, Inc.",LMU,Lucid USA Inc.,2,Air G Touring XR AWD w/21&quot; wheels,7,2024,1,All information already included above,116.5,65.7,65.6,53.1,53.1,0,43.58,43.58,0,179.6,179.6,0,63,,63
2024,"Lucid USA, Inc.",LMU,PV,Passenger Vehicles,4937,N,N,Y,"Lucid USA, Inc.",LMU,Lucid USA Inc.,2,Air Pure RWD w/19&quot; wheels,2,2024,1,All information already included above,116.5,65.5,66.3,53.3,53.3,0,43.43,43.43,0,180.3,180.3,0,1145,,1145
2024,"Lucid USA, Inc.",LMU,PV,Passenger Vehicles,4937,N,N,Y,"Lucid USA, Inc.",LMU,Lucid USA Inc.,2,Air Pure RWD w/20&quot; wheels,3,2024,1,All information already included above,116.5,65.7,65.6,53.1,53.1,0,43.58,43.58,0,179.6,179.6,0,514,,514
2024,"Lucid USA, Inc.",LMU,PV,Passenger Vehicles,4937,N,N,Y,"Lucid USA, Inc.",LMU,Lucid USA Inc.,2,Air Sapphire AWD,1,2024,1,All information already included above,116.5,66.9,65.9,53.7,53.7,0,43.12,43.12,0,181.6,181.6,0,70,,70
2024,"Lucid USA, Inc.",LMU,PV,Passenger Vehicles,4937,N,N,Y,"Lucid USA, Inc.",LMU,Lucid USA Inc.,2,Air Touring AWD w/19&quot; wheels,4,2024,1,All information already included above,116.5,65.5,66.3,53.3,53.3,0,43.43,43.43,0,180.3,180.3,0,837,,837
2024,"Lucid USA, Inc.",LMU,PV,Passenger Vehicles,4937,N,N,Y,"Lucid USA, Inc.",LMU,Lucid USA Inc.,2,Air Touring AWD w/20&quot; wheels,5,2024,1,All information already included above,116.5,65.7,65.6,53.1,53.1,0,43.58,43.58,0,179.6,179.6,0,1052,,1052
2024,"Lucid USA, Inc.",LMU,PV,Passenger Vehicles,4937,N,N,Y,"Lucid USA, Inc.",LMU,Lucid USA Inc.,2,Air Touring AWD w/21&quot; wheels,6,2024,1,All information already included above,116.5,65.7,65.6,53.1,53.1,0,43.58,43.58,0,179.6,179.6,0,274,,274
2024,"Maserati North America, Inc.",MAX,LT,Light Trucks,4788,N,N,N,"Maserati North America, Inc.",MAX,MASERATI,1,Grecale GT,62,2024,1,Grecale GT MY24,114.2,63.6,66.1,51.4,51.4,0,36.79,36.79,0,211.2,211.2,0,1552,,1552
2024,"Maserati North America, Inc.",MAX,LT,Light Trucks,4788,N,N,N,"Maserati North America, Inc.",MAX,MASERATI,1,Grecale Modena,61,2024,1,Grecale Modena MY24,114.2,63.6,66.1,51.4,51.4,0,36.79,36.79,0,211.2,211.2,0,316,,316
2024,"Maserati North America, Inc.",MAX,LT,Light Trucks,4788,N,N,N,"Maserati North America, Inc.",MAX,MASERATI,1,Grecale Trofeo,60,2024,1,Grecale Trofeo MY24,114.2,63.6,66.1,51.4,51.4,0,36.79,36.79,0,211.2,211.2,0,213,,213
2024,"Maserati North America, Inc.",MAX,LT,Light Trucks,4788,N,N,N,"Maserati North America, Inc.",MAX,MASERATI,1,Levante GT,41,2024,1,Levante GT MY24,118.3,63.9,66.0,53.4,53.4,0,35.60,35.60,0,218.7,218.7,0,641,,641
2024,"Maserati North America, Inc.",MAX,LT,Light Trucks,4788,N,N,N,"Maserati North America, Inc.",MAX,MASERATI,1,Levante Modena,40,2024,1,Levante Modena MY24,118.3,63.9,66.0,53.4,53.4,0,35.60,35.60,0,218.7,218.7,0,619,,619
2024,"Maserati North America, Inc.",MAX,LT,Light Trucks,4788,N,N,N,"Maserati North America, Inc.",MAX,MASERATI,1,Levante Trofeo,46,2024,1,Levante Trofeo MY24,118.3,63.9,66.0,53.4,53.4,0,35.60,35.60,0,218.7,218.7,0,78,,78
2024,"Maserati North America, Inc.",MAX,PV,Passenger Vehicles,4890,N,N,N,"Maserati North America, Inc.",MAX,MASERATI,1,Ghibli Modena AWD,35,2024,1,Ghibli Modena AWD MY24,118.0,64.4,65.1,53.1,53.1,0,43.58,43.58,0,179.6,179.6,0,482,,482
2024,"Maserati North America, Inc.",MAX,PV,Passenger Vehicles,4890,N,N,N,"Maserati North America, Inc.",MAX,MASERATI,1,Ghibli Trofeo,32,2024,1,Ghibli Trofeo MY24,118.0,64.4,65.1,53.1,53.1,0,43.58,43.58,0,179.6,179.6,0,60,,60
2024,"Maserati North America, Inc.",MAX,PV,Passenger Vehicles,4890,N,N,N,"Maserati North America, Inc.",MAX,MASERATI,1,Grancabrio Folgore,75,2024,1,GranCabrio Folgore MY24,115.3,64.9,65.4,52.2,52.2,0,44.29,44.29,0,176.6,176.6,0,6,,6
2024,"Maserati North America, Inc.",MAX,PV,Passenger Vehicles,4890,N,N,N,"Maserati North America, Inc.",MAX,MASERATI,1,Grancabrio Trofeo,73,2024,1,GranCabrio Trofeo MY24,115.3,64.8,65.4,52.1,52.1,0,44.36,44.36,0,176.2,176.2,0,109,,109
2024,"Maserati North America, Inc.",MAX,PV,Passenger Vehicles,4890,N,N,N,"Maserati North America, Inc.",MAX,MASERATI,1,Granturismo Folgore,72,2024,1,GranTurismo Folgore MY24,115.3,64.8,65.4,52.1,52.1,0,44.36,44.36,0,176.2,176.2,0,8,,8
2024,"Maserati North America, Inc.",MAX,PV,Passenger Vehicles,4890,N,N,N,"Maserati North America, Inc.",MAX,MASERATI,1,Granturismo Modena,71,2024,1,GranTurismo Modena MY24,115.3,64.8,65.4,52.1,52.1,0,44.36,44.36,0,176.2,176.2,0,502,,502
2024,"Maserati North America, Inc.",MAX,PV,Passenger Vehicles,4890,N,N,N,"Maserati North America, Inc.",MAX,MASERATI,1,Granturismo Trofeo,70,2024,1,GranTurismo Trofeo MY24,115.3,64.8,65.4,52.1,52.1,0,44.36,44.36,0,176.2,176.2,0,312,,312
2024,"Maserati North America, Inc.",MAX,PV,Passenger Vehicles,4890,N,N,N,"Maserati North America, Inc.",MAX,MASERATI,1,MC20,50,2024,1,MC20 MY24,106.3,66.2,64.9,48.4,48.4,0,47.52,47.52,0,163.7,163.7,0,27,,27
2024,"Maserati North America, Inc.",MAX,PV,Passenger Vehicles,4890,N,N,N,"Maserati North America, Inc.",MAX,MASERATI,1,MC20 Spyder,51,2024,1,MC20 Spider MY24,106.3,66.2,64.9,48.4,48.4,0,47.52,47.52,0,163.7,163.7,0,110,,110
2024,"Maserati North America, Inc.",MAX,PV,Passenger Vehicles,4890,N,N,N,"Maserati North America, Inc.",MAX,MASERATI,1,Quattroporte Modena AWD,33,2024,1,Quattroporte Modena AWD MY24,124.8,64.3,64.8,56.0,56.0,0,41.48,41.48,0,189.4,189.4,0,124,,124
2024,Mazda Motor Corporation,TKX,LT,Light Trucks,4740,N,N,Y,Mazda Motor Corporation,TKX,MAZDA,1,CX-30 4WD,58,2024,1,CX-30 2.5L w/ Cylinder Deactivation 4x4 S6,104.4,61.5,61.5,44.6,44.6,0,41.48,41.48,0,185.5,185.5,0,82900,,82900
2024,Mazda Motor Corporation,TKX,LT,Light Trucks,4740,N,N,Y,Mazda Motor Corporation,TKX,MAZDA,1,CX-30 4WD,58,2024,2,CX-30 2.5L T/C 4x4 S6,104.4,61.5,61.5,44.6,44.6,0,41.48,41.48,0,185.5,185.5,0,7613,,7613
2024,Mazda Motor Corporation,TKX,LT,Light Trucks,4740,N,N,Y,Mazda Motor Corporation,TKX,MAZDA,1,CX-5 4WD,56,2024,1,CX-5 2.5L w/ CylinderDeactivation 4x4 S6,106.2,62.8,62.8,46.3,46.3,0,40.20,40.20,0,192.0,192.0,0,28260,,28260
2024,Mazda Motor Corporation,TKX,LT,Light Trucks,4740,N,N,Y,Mazda Motor Corporation,TKX,MAZDA,1,CX-5 4WD,56,2024,2,CX-5 2.5L T/C 4x4 S6,106.2,62.8,62.8,46.3,46.3,0,40.20,40.20,0,192.0,192.0,0,20556,,20556
2024,Mazda Motor Corporation,TKX,LT,Light Trucks,4740,N,N,Y,Mazda Motor Corporation,TKX,MAZDA,1,CX-5 4WD,56,2024,3,CX-5 2.5L w/o CylinderDeactivation 4x4 S6,106.2,62.8,62.8,46.3,46.3,0,40.20,40.20,0,192.0,192.0,0,99266,,99266
2024,Mazda Motor Corporation,TKX,LT,Light Trucks,4740,N,N,Y,Mazda Motor Corporation,TKX,MAZDA,1,MAZDA CX-50 4WD,60,2024,1,MAZDA CX-50 2.5L w/ Cylinder Deactivation 4x4 S6,110.8,65.3,65.4,50.3,50.3,0,37.47,37.47,0,207.0,207.0,0,59045,,59045
2024,Mazda Motor Corporation,TKX,LT,Light Trucks,4740,N,N,Y,Mazda Motor Corporation,TKX,MAZDA,1,MAZDA CX-50 4WD,60,2024,2,MAZDA CX-50 2.5L T/C 4x4 S6,110.8,64.9,65.0,50.0,50.0,0,37.66,37.66,0,205.9,205.9,0,15964,,15964
2024,Mazda Motor Corporation,TKX,LT,Light Trucks,4740,N,N,Y,Mazda Motor Corporation,TKX,MAZDA,1,MAZDA CX-90 4WD,61,2024,1,[ATM=1.00] MAZDA CX-90 3.3L T/C Gasoline Low Power MHEV 4x4 S8,122.8,67.1,67.2,57.3,57.3,0,33.50,33.50,0,233.4,233.4,0,42511,,42511
2024,Mazda Motor Corporation,TKX,LT,Light Trucks,4740,N,N,Y,Mazda Motor Corporation,TKX,MAZDA,1,MAZDA CX-90 4WD,61,2024,2,[ATM=1.00] MAZDA CX-90 3.3L T/C Gasoline High Power MHEV 4x4 S8,122.8,67.1,67.2,57.3,57.3,0,33.50,33.50,0,233.4,233.4,0,10880,,10880
2024,Mazda Motor Corporation,TKX,LT,Light Trucks,4740,N,N,Y,Mazda Motor Corporation,TKX,MAZDA,1,MAZDA CX-90 4WD,61,2024,3,[ATM=1.30] MAZDA CX-90 2.5L Gasoline PHEV 4x4 S8,122.8,67.1,67.2,57.3,57.3,0,33.50,33.50,0,233.4,233.4,0,22975,,22975
2024,Mazda Motor Corporation,TKX,PV,Passenger Vehicles,4675,N,N,Y,Mazda Motor Corporation,TKX,MAZDA,1,MAZDA3 4-Door 2WD,37,2024,1,MAZDA3 2.5L w/ Cylinder Deactivation SDN 4x2 S6,107.3,61.7,62.2,46.2,46.2,0,49.63,49.63,0,156.2,156.2,0,14832,,14832
2024,Mazda Motor Corporation,TKX,PV,Passenger Vehicles,4675,N,N,Y,Mazda Motor Corporation,TKX,MAZDA,1,MAZDA3 4-Door 4WD,39,2024,1,MAZDA3 2.5L w/ Cylinder Deactivation SDN 4x4 S6,107.3,61.7,62.2,46.2,46.2,0,49.63,49.63,0,156.2,156.2,0,2538,,2538
2024,Mazda Motor Corporation,TKX,PV,Passenger Vehicles,4675,N,N,Y,Mazda Motor Corporation,TKX,MAZDA,1,MAZDA3 4-Door 4WD,39,2024,2,MAZDA3 2.5L T/C SDN 4x4 S6,107.3,61.7,62.2,46.2,46.2,0,49.63,49.63,0,156.2,156.2,0,1790,,1790
2024,Mazda Motor Corporation,TKX,PV,Passenger Vehicles,4675,N,N,Y,Mazda Motor Corporation,TKX,MAZDA,1,MAZDA3 5-Door 2WD,38,2024,1,MAZDA3 2.5L w/ Cylinder Deactivation  5HB 4x2 M6 SIL,107.3,61.7,62.2,46.2,46.2,0,49.63,49.63,0,156.2,156.2,0,1492,,1492
2024,Mazda Motor Corporation,TKX,PV,Passenger Vehicles,4675,N,N,Y,Mazda Motor Corporation,TKX,MAZDA,1,MAZDA3 5-Door 2WD,38,2024,2,MAZDA3 2.5L w/ Cylinder Deactivation 5HB 4x2 S6,107.3,61.7,62.2,46.2,46.2,0,49.63,49.63,0,156.2,156.2,0,7875,,7875
2024,Mazda Motor Corporation,TKX,PV,Passenger Vehicles,4675,N,N,Y,Mazda Motor Corporation,TKX,MAZDA,1,MAZDA3 5-Door 4WD,40,2024,1,MAZDA3 2.5L w/ Cylinder Deactivation 5HB 4x4 S6,107.3,61.7,62.2,46.2,46.2,0,49.63,49.63,0,156.2,156.2,0,2651,,2651
2024,Mazda Motor Corporation,TKX,PV,Passenger Vehicles,4675,N,N,Y,Mazda Motor Corporation,TKX,MAZDA,1,MAZDA3 5-Door 4WD,40,2024,2,MAZDA3 2.5L T/C 5HB 4x4 S6,107.3,61.7,62.2,46.2,46.2,0,49.63,49.63,0,156.2,156.2,0,3768,,3768
2024,Mazda Motor Corporation,TKX,PV,Passenger Vehicles,4675,N,N,Y,Mazda Motor Corporation,TKX,MAZDA,1,MX-5,50,2024,1,MX-5 2.0L 4x2 M6 SIL,90.9,58.9,59.2,37.2,37.2,0,55.44,55.44,0,138.6,138.6,0,5171,,5171
2024,Mazda Motor Corporation,TKX,PV,Passenger Vehicles,4675,N,N,Y,Mazda Motor Corporation,TKX,MAZDA,1,MX-5,50,2024,2,MX-5 2.0L 4x2 S6,90.9,58.9,59.2,37.2,37.2,0,55.44,55.44,0,138.6,138.6,0,3104,,3104
2024,McLaren Automotive Limited,MLN,PV,Passenger Vehicles,4779,N,N,N,McLaren Automotive Limited,MLN,McLaren,2,750S Coupe,146,2024,1,MY24 750S Coupe,105.1,65.4,63.7,47.1,47.1,0,48.74,48.74,0,159.3,159.3,0,158,0,158
2024,McLaren Automotive Limited,MLN,PV,Passenger Vehicles,4779,N,N,N,McLaren Automotive Limited,MLN,McLaren,2,750S Spider,147,2024,1,MY24 750S Spider,105.1,65.4,63.7,47.1,47.1,0,48.74,48.74,0,159.3,159.3,0,535,0,535
2024,McLaren Automotive Limited,MLN,PV,Passenger Vehicles,4779,N,N,N,McLaren Automotive Limited,MLN,McLaren,2,Artura,160,2024,1,MY24 Artura Coupe,103.9,65.0,63.5,46.4,46.3,0.1,49.43,49.53,0.10,156.9,156.6,0.3,198,0,198
2024,Mercedes Benz,MBX,LT,Light Trucks,4827,N,N,Y,Mercedes Benz,MBX,Mercedes-Benz,1,AMG G 63,440,2024,1,AMG G 63 (1 - 275/50 R20),113.8,65.1,65.1,51.4,51.4,0,34.36,36.79,2.43,211.2,211.2,0,219,0,219
2024,Mercedes Benz,MBX,LT,Light Trucks,4827,N,N,Y,Mercedes Benz,MBX,Mercedes-Benz,1,AMG G 63,440,2024,2,AMG G 63 (2 - 285/50 R21),113.8,65.3,65.3,51.6,51.6,0,34.24,36.67,2.43,211.9,211.9,0,558,0,558
2024,Mercedes Benz,MBX,LT,Light Trucks,4827,N,N,Y,Mercedes Benz,MBX,Mercedes-Benz,1,AMG G 63,440,2024,3,AMG G 63 (3 - 295/40 R22),113.8,65.0,65.0,51.4,51.4,0,34.36,36.79,2.43,211.2,211.2,0,4692,0,4692
2024,Mercedes Benz,MBX,LT,Light Trucks,4827,N,N,Y,Mercedes Benz,MBX,Mercedes-Benz,1,AMG G 63 4x4 Squared,442,2024,1,AMG G 63 4x4^2 (1 - 325/55 R22),113.8,65.1,65.1,51.4,51.4,0,34.36,36.79,2.43,211.2,211.2,0,152,0,152
2024,Mercedes Benz,MBX,LT,Light Trucks,4827,N,N,Y,Mercedes Benz,MBX,Mercedes-Benz,1,AMG GLE 53 4MATIC+,431,2024,1,AMG GLE 53 4MATIC (1 - 275/50 R20 Air),117.9,66.1,68.0,54.9,54.9,0,32.47,34.76,2.29,224.4,224.4,0,1324,0,1324
2024,Mercedes Benz,MBX,LT,Light Trucks,4827,N,N,Y,Mercedes Benz,MBX,Mercedes-Benz,1,AMG GLE 53 4MATIC+,431,2024,2,AMG GLE 53 4MATIC+ (2 - 315/40 R21 Air),117.9,66.3,67.6,54.9,54.9,0,32.47,34.76,2.29,224.4,224.4,0,2239,0,2239
2024,Mercedes Benz,MBX,LT,Light Trucks,4827,N,N,Y,Mercedes Benz,MBX,Mercedes-Benz,1,AMG GLE 53 4MATIC+,431,2024,3,AMG GLE 53 4MATIC+ (3 - 325/35 R22 Air),117.9,66.2,67.6,54.8,54.8,0,32.52,34.82,2.30,224.0,224.0,0,2193,0,2193
2024,Mercedes Benz,MBX,LT,Light Trucks,4827,N,N,Y,Mercedes Benz,MBX,Mercedes-Benz,1,AMG GLE 53 4MATIC+ (coupe),432,2024,1,AMG GLE 53 4MATIC+ Coupe (1 - 315/40 R21 Air),115.6,66.3,67.6,53.8,53.8,0,33.04,35.38,2.34,220.2,220.2,0,4633,0,4633
2024,Mercedes Benz,MBX,LT,Light Trucks,4827,N,N,Y,Mercedes Benz,MBX,Mercedes-Benz,1,AMG GLE 53 4MATIC+ (coupe),432,2024,2,AMG GLE 53 4MATIC+ Coupe (2 - 325/35 R22 Air),115.6,66.2,67.6,53.7,53.7,0,33.09,35.43,2.34,219.8,219.8,0,6667,0,6667
2024,Mercedes Benz,MBX,LT,Light Trucks,4827,N,N,Y,Mercedes Benz,MBX,Mercedes-Benz,1,AMG GLE 63 S 4MATIC+,401,2024,1,AMG GLE 63 S (1 - 315/40 R21 Air),117.9,66.3,67.6,54.9,54.9,0,32.47,34.76,2.29,224.4,224.4,0,227,0,227
2024,Mercedes Benz,MBX,LT,Light Trucks,4827,N,N,Y,Mercedes Benz,MBX,Mercedes-Benz,1,AMG GLE 63 S 4MATIC+,401,2024,2,AMG GLE 63 S (2 - 325/35 R22 Air),117.9,66.2,67.6,54.8,54.8,0,32.52,34.82,2.30,224.0,224.0,0,2205,0,2205
2024,Mercedes Benz,MBX,LT,Light Trucks,4827,N,N,Y,Mercedes Benz,MBX,Mercedes-Benz,1,AMG GLE 63 S 4MATIC+ (coupe),400,2024,1,AMG GLE 63 S Coupe (1- 315/40 R21 Air),115.6,66.3,67.6,53.8,53.8,0,33.04,35.38,2.34,220.2,220.2,0,5,0,5
2024,Mercedes Benz,MBX,LT,Light Trucks,4827,N,N,Y,Mercedes Benz,MBX,Mercedes-Benz,1,AMG GLE 63 S 4MATIC+ (coupe),400,2024,2,AMG GLE 63 S Coupe (2- 325/35 R22 Air),115.6,66.2,67.6,53.7,53.7,0,33.09,35.43,2.34,219.8,219.8,0,1723,0,1723
2024,Mercedes Benz,MBX,LT,Light Trucks,4827,N,N,Y,Mercedes Benz,MBX,Mercedes-Benz,1,AMG GLS 63 4MATIC+,403,2024,1,AMG GLS 63 (1 - 315/45 R21 Air),123.4,67.0,68.7,58.1,58.1,0,30.91,33.10,2.19,236.4,236.4,0,59,0,59
2024,Mercedes Benz,MBX,LT,Light Trucks,4827,N,N,Y,Mercedes Benz,MBX,Mercedes-Benz,1,AMG GLS 63 4MATIC+,403,2024,2,AMG GLS 63 (2 - 325/40 R22 Air),123.4,67.0,67.8,57.8,57.8,0,31.05,33.25,2.20,235.3,235.3,0,605,0,605
2024,Mercedes Benz,MBX,LT,Light Trucks,4827,N,N,Y,Mercedes Benz,MBX,Mercedes-Benz,1,AMG GLS 63 4MATIC+,403,2024,3,AMG GLS 63 (3 - 325/35 R23 Air),123.4,67.0,67.8,57.8,57.8,0,31.05,33.25,2.20,235.3,235.3,0,1048,0,1048
2024,Mercedes Benz,MBX,LT,Light Trucks,4827,N,N,Y,Mercedes Benz,MBX,Mercedes-Benz,1,EQS 450 4MATIC (SUV),917,2024,1,EQS 450 4M (1 - 275/45 R21),126.4,65.6,66.1,57.8,57.8,0,31.05,33.25,2.20,235.3,235.3,0,626,0,626
2024,Mercedes Benz,MBX,LT,Light Trucks,4827,N,N,Y,Mercedes Benz,MBX,Mercedes-Benz,1,EQS 450 4MATIC (SUV),917,2024,2,EQS 450 4M (2 - 275/45 R21_R21_RWI),126.4,65.6,65.7,57.6,57.6,0,31.14,33.35,2.21,234.6,234.6,0,865,0,865
2024,Mercedes Benz,MBX,LT,Light Trucks,4827,N,N,Y,Mercedes Benz,MBX,Mercedes-Benz,1,EQS 450+ (SUV),903,2024,1,EQS 450+ (1 - 275/45 R21),126.4,65.6,66.1,57.8,57.8,0,31.05,33.25,2.20,235.3,235.3,0,542,0,542
2024,Mercedes Benz,MBX,LT,Light Trucks,4827,N,N,Y,Mercedes Benz,MBX,Mercedes-Benz,1,EQS 450+ (SUV),903,2024,2,EQS 450+ (2 - 275/45 R21_R21_RWI),126.4,65.6,65.7,57.6,57.6,0,31.14,33.35,2.21,234.6,234.6,0,972,0,972
2024,Mercedes Benz,MBX,LT,Light Trucks,4827,N,N,Y,Mercedes Benz,MBX,Mercedes-Benz,1,EQS 580 4MATIC (SUV),918,2024,1,EQS 580 4M (1 - 275/45 R21),126.4,65.6,66.1,57.8,57.8,0,31.05,33.25,2.20,235.3,235.3,0,38,0,38
2024,Mercedes Benz,MBX,LT,Light Trucks,4827,N,N,Y,Mercedes Benz,MBX,Mercedes-Benz,1,EQS 580 4MATIC (SUV),918,2024,2,EQS 580 4M (2 - 275/45 R21_RWI),126.4,65.6,65.7,57.6,57.6,0,31.14,33.35,2.21,234.6,234.6,0,23,0,23
2024,Mercedes Benz,MBX,LT,Light Trucks,4827,N,N,Y,Mercedes Benz,MBX,Mercedes-Benz,1,EQS 680 4MATIC Maybach (SUV),920,2024,1,Maybach EQS 680 4M (1 - 285/45 R21),113.8,65.8,66.3,52.2,52.2,0,33.90,36.31,2.41,214.2,214.2,0,621,0,621
2024,Mercedes Benz,MBX,LT,Light Trucks,4827,N,N,Y,Mercedes Benz,MBX,Mercedes-Benz,1,G 550,435,2024,1,G 550 (1 - 265/60 R18),113.8,64.5,64.5,51.0,51.0,0,34.59,37.03,2.44,209.7,209.7,0,12,0,12
2024,Mercedes Benz,MBX,LT,Light Trucks,4827,N,N,Y,Mercedes Benz,MBX,Mercedes-Benz,1,G 550,435,2024,2,G 550 (2 - 275/55 R19-RK2-RK3),113.8,63.8,63.8,50.4,50.4,0,34.94,37.41,2.47,207.4,207.4,0,169,0,169
2024,Mercedes Benz,MBX,LT,Light Trucks,4827,N,N,Y,Mercedes Benz,MBX,Mercedes-Benz,1,G 550,435,2024,3,G 550 (3 - 275/55 R19-RJ4),113.8,65.4,65.4,51.7,51.7,0,34.18,36.61,2.43,212.3,212.3,0,30,0,30
2024,Mercedes Benz,MBX,LT,Light Trucks,4827,N,N,Y,Mercedes Benz,MBX,Mercedes-Benz,1,G 550,435,2024,4,G 550 (4 - 275/50 R20),113.8,65.4,65.4,51.7,51.7,0,34.18,36.61,2.43,212.3,212.3,0,1739,0,1739
2024,Mercedes Benz,MBX,LT,Light Trucks,4827,N,N,Y,Mercedes Benz,MBX,Mercedes-Benz,1,GLA 250 4MATIC,505,2024,1,GLA 250 4MATIC (1 - 235/55 R18),107.4,62.4,62.5,46.5,46.5,0,37.40,40.05,2.65,192.7,192.7,0,1505,0,1505
2024,Mercedes Benz,MBX,LT,Light Trucks,4827,N,N,Y,Mercedes Benz,MBX,Mercedes-Benz,1,GLA 250 4MATIC,505,2024,2,GLA 250 4MATIC (2 - 235/50 R19),107.4,62.4,62.6,46.6,46.6,0,37.34,39.98,2.64,193.1,193.1,0,828,0,828
2024,Mercedes Benz,MBX,LT,Light Trucks,4827,N,N,Y,Mercedes Benz,MBX,Mercedes-Benz,1,GLA 250 4MATIC,505,2024,3,GLA 250 4MATIC (3 - 235/45 R20),107.4,62.8,63.0,46.9,46.9,0,37.13,39.76,2.63,194.2,194.2,0,23,0,23
2024,Mercedes Benz,MBX,LT,Light Trucks,4827,N,N,Y,Mercedes Benz,MBX,Mercedes-Benz,1,GLB 250 4MATIC,751,2024,1,GLB 250 4MATIC (1 - 235/55 R18),111.4,62.4,62.5,48.3,48.3,0,36.22,38.79,2.57,199.5,199.5,0,3741,0,3741
2024,Mercedes Benz,MBX,LT,Light Trucks,4827,N,N,Y,Mercedes Benz,MBX,Mercedes-Benz,1,GLB 250 4MATIC,751,2024,2,GLB 250 4MATIC (2 - 235/50 R19),111.4,62.4,62.6,48.4,48.4,0,36.16,38.72,2.56,199.9,199.9,0,2226,0,2226
2024,Mercedes Benz,MBX,LT,Light Trucks,4827,N,N,Y,Mercedes Benz,MBX,Mercedes-Benz,1,GLB 250 4MATIC,751,2024,3,GLB 250 4MATIC (3 - 235/45 R20),111.4,62.8,63.0,48.7,48.7,0,35.97,38.52,2.55,201.0,201.0,0,7,0,7
2024,Mercedes Benz,MBX,LT,Light Trucks,4827,N,N,Y,Mercedes Benz,MBX,Mercedes-Benz,1,GLC 300 4MATIC,112,2024,1,GLC 300 4MATIC (1 - 235/60 R18),113.7,63.9,64.3,50.6,50.6,0,34.82,37.28,2.46,208.2,208.2,0,6070,0,6070
2024,Mercedes Benz,MBX,LT,Light Trucks,4827,N,N,Y,Mercedes Benz,MBX,Mercedes-Benz,1,GLC 300 4MATIC,112,2024,2,GLC 300 4MATIC (2 - 235/55 R19),113.7,63.9,64.3,50.6,50.6,0,34.82,37.28,2.46,208.2,208.2,0,10876,0,10876
2024,Mercedes Benz,MBX,LT,Light Trucks,4827,N,N,Y,Mercedes Benz,MBX,Mercedes-Benz,1,GLC 300 4MATIC,112,2024,3,GLC 300 4MATIC (3 - 255/50 R19),113.7,63.9,64.4,50.7,50.7,0,34.76,37.22,2.46,208.5,208.5,0,6337,0,6337
2024,Mercedes Benz,MBX,LT,Light Trucks,4827,N,N,Y,Mercedes Benz,MBX,Mercedes-Benz,1,GLC 300 4MATIC,112,2024,4,GLC 300 4MATIC (4 - 255/45 R20),113.7,63.7,64.1,50.5,50.5,0,34.88,37.35,2.47,207.8,207.8,0,1121,0,1121
2024,Mercedes Benz,MBX,LT,Light Trucks,4827,N,N,Y,Mercedes Benz,MBX,Mercedes-Benz,1,GLC 300 4MATIC,112,2024,5,GLC 300 4MATIC (5 - 285/40 R20),113.7,63.7,64.0,50.4,50.4,0,34.94,37.41,2.47,207.4,207.4,0,3054,0,3054
2024,Mercedes Benz,MBX,LT,Light Trucks,4827,N,N,Y,Mercedes Benz,MBX,Mercedes-Benz,1,GLC 300 4MATIC (Coupe),130,2024,1,GLC 300 4MATIC Coupe (1 - 235/55 R19),113.7,63.9,64.3,50.6,50.6,0,34.82,37.28,2.46,208.2,208.2,0,271,0,271
2024,Mercedes Benz,MBX,LT,Light Trucks,4827,N,N,Y,Mercedes Benz,MBX,Mercedes-Benz,1,GLC 300 4MATIC (Coupe),130,2024,2,GLC 300 4MATIC Coupe (2 - 255/50 R19),113.7,63.9,64.4,50.7,50.7,0,34.76,37.22,2.46,208.5,208.5,0,2505,0,2505
2024,Mercedes Benz,MBX,LT,Light Trucks,4827,N,N,Y,Mercedes Benz,MBX,Mercedes-Benz,1,GLC 300 4MATIC (Coupe),130,2024,3,GLC 300 4MATIC Coupe (3 - 255/45 R20),113.7,63.7,64.1,50.5,50.5,0,34.88,37.35,2.47,207.8,207.8,0,51,0,51
2024,Mercedes Benz,MBX,LT,Light Trucks,4827,N,N,Y,Mercedes Benz,MBX,Mercedes-Benz,1,GLC 300 4MATIC (Coupe),130,2024,4,GLC 300 4MATIC Coupe (4 - 285/40 R20),113.7,63.7,64.0,50.4,50.4,0,34.94,37.41,2.47,207.4,207.4,0,3254,0,3254
2024,Mercedes Benz,MBX,LT,Light Trucks,4827,N,N,Y,Mercedes Benz,MBX,Mercedes-Benz,1,GLC 300 4MATIC (Coupe),130,2024,5,GLC 300 4MATIC Coupe (5 - 235/60 R18),113.7,63.9,64.3,50.6,50.6,0,34.82,37.28,2.46,208.2,208.2,0,3,0,3
2024,Mercedes Benz,MBX,LT,Light Trucks,4827,N,N,Y,Mercedes Benz,MBX,Mercedes-Benz,1,GLE 350 4MATIC,415,2024,1,GLE 350 4MATIC (1 - 255/50 R19),117.9,63.9,64.3,52.5,52.5,0,32.98,36.13,3.15,215.3,215.3,0,2864,0,2864
2024,Mercedes Benz,MBX,LT,Light Trucks,4827,N,N,Y,Mercedes Benz,MBX,Mercedes-Benz,1,GLE 350 4MATIC,415,2024,2,GLE 350 4MATIC (2- 275/50 R20-50R),117.9,65.4,66.1,53.9,53.9,0,32.47,35.32,2.85,220.6,220.6,0,10524,0,10524
2024,Mercedes Benz,MBX,LT,Light Trucks,4827,N,N,Y,Mercedes Benz,MBX,Mercedes-Benz,1,GLE 350 4MATIC,415,2024,3,GLE 350 4MATIC (3 - 275/50 R20_RZV_RZW),117.9,66.1,68.0,54.9,54.9,0,32.52,34.76,2.24,224.4,224.4,0,6805,0,6805
2024,Mercedes Benz,MBX,LT,Light Trucks,4827,N,N,Y,Mercedes Benz,MBX,Mercedes-Benz,1,GLE 350 4MATIC,415,2024,4,GLE 350 4MATIC (4 - 315/40 R21),117.9,66.0,67.8,54.8,54.8,0,32.57,34.82,2.25,224.0,224.0,0,15284,0,15284
2024,Mercedes Benz,MBX,LT,Light Trucks,4827,N,N,Y,Mercedes Benz,MBX,Mercedes-Benz,1,GLE 450 4MATIC,408,2024,1,GLE 450 4MATIC (1 - 255/50 R19),117.9,66.2,67.4,54.7,54.7,0,32.98,34.87,1.89,223.6,223.6,0,457,0,457
2024,Mercedes Benz,MBX,LT,Light Trucks,4827,N,N,Y,Mercedes Benz,MBX,Mercedes-Benz,1,GLE 450 4MATIC,408,2024,2,GLE 450 4MATIC (2 - 255/50 R19 Air),117.9,65.4,66.1,53.9,53.9,0,32.83,35.32,2.49,220.6,220.6,0,57,0,57
2024,Mercedes Benz,MBX,LT,Light Trucks,4827,N,N,Y,Mercedes Benz,MBX,Mercedes-Benz,1,GLE 450 4MATIC,408,2024,3,GLE 450 4MATIC (3 - 275/50 R20_30R_60R),117.9,65.7,66.6,54.2,54.2,0,32.47,35.15,2.68,221.7,221.7,0,2346,0,2346
2024,Mercedes Benz,MBX,LT,Light Trucks,4827,N,N,Y,Mercedes Benz,MBX,Mercedes-Benz,1,GLE 450 4MATIC,408,2024,4,GLE 450 4MATIC (4 - 275/50 R20_30R_60R Air),117.9,66.1,68.0,54.9,54.9,0,32.41,34.76,2.35,224.4,224.4,0,54,0,54
2024,Mercedes Benz,MBX,LT,Light Trucks,4827,N,N,Y,Mercedes Benz,MBX,Mercedes-Benz,1,GLE 450 4MATIC,408,2024,5,GLE 450 4MATIC (5 - 275/50 R20-RZV-RZW),117.9,66.3,68.2,55.0,55.0,0,32.52,34.71,2.19,224.8,224.8,0,2936,0,2936
2024,Mercedes Benz,MBX,LT,Light Trucks,4827,N,N,Y,Mercedes Benz,MBX,Mercedes-Benz,1,GLE 450 4MATIC,408,2024,6,GLE 450 4MATIC (6 - 275/50 R20-RZV-RZW Air),117.9,66.0,67.8,54.8,54.8,0,32.47,34.82,2.35,224.0,224.0,0,226,0,226
2024,Mercedes Benz,MBX,LT,Light Trucks,4827,N,N,Y,Mercedes Benz,MBX,Mercedes-Benz,1,GLE 450 4MATIC,408,2024,7,GLE 450 4MATIC (7 - 315/40 R21),117.9,66.1,68.0,54.9,54.9,0,32.57,34.76,2.19,224.4,224.4,0,6127,0,6127
2024,Mercedes Benz,MBX,LT,Light Trucks,4827,N,N,Y,Mercedes Benz,MBX,Mercedes-Benz,1,GLE 450 4MATIC,408,2024,8,GLE 450 4MATIC (8 - 315/40 R21 Air),117.9,66.2,67.4,54.7,54.7,0,32.47,34.87,2.40,223.6,223.6,0,279,0,279
2024,Mercedes Benz,MBX,LT,Light Trucks,4827,N,N,Y,Mercedes Benz,MBX,Mercedes-Benz,1,GLE 450 4MATIC,408,2024,9,GLE 450 4MATIC (9 - 325/35 R22),117.9,66.3,67.6,54.9,54.9,0,32.52,34.76,2.24,224.4,224.4,0,304,0,304
2024,Mercedes Benz,MBX,LT,Light Trucks,4827,N,N,Y,Mercedes Benz,MBX,Mercedes-Benz,1,GLE 450 e 4MATIC,407,2024,1,GLE 450e 4MATIC (1 - 275/55 R19),117.9,65.4,65.7,53.7,53.7,0,33.09,35.43,2.34,219.8,219.8,0,1099,0,1099
2024,Mercedes Benz,MBX,LT,Light Trucks,4827,N,N,Y,Mercedes Benz,MBX,Mercedes-Benz,1,GLE 450 e 4MATIC,407,2024,2,GLE 450e 4MATIC (2 - 275/55 R19 Air),117.9,65.7,66.6,54.2,54.2,0,32.83,35.15,2.32,221.7,221.7,0,47,0,47
2024,Mercedes Benz,MBX,LT,Light Trucks,4827,N,N,Y,Mercedes Benz,MBX,Mercedes-Benz,1,GLE 450 e 4MATIC,407,2024,3,GLE 450e 4MATIC (3 - 275/50 R20_60R),117.9,66.1,67.7,54.8,54.8,0,32.52,34.82,2.30,224.0,224.0,0,994,0,994
2024,Mercedes Benz,MBX,LT,Light Trucks,4827,N,N,Y,Mercedes Benz,MBX,Mercedes-Benz,1,GLE 450 e 4MATIC,407,2024,4,GLE 450e 4MATIC (4 - 275/50 R20_60R Air),117.9,66.3,68.1,55.0,55.0,0,32.41,34.71,2.30,224.8,224.8,0,19,0,19
2024,Mercedes Benz,MBX,LT,Light Trucks,4827,N,N,Y,Mercedes Benz,MBX,Mercedes-Benz,1,GLE 450 e 4MATIC,407,2024,5,GLE 450e 4MATIC (5 - 275/50 R20_RZV_RZW),117.9,66.0,67.5,54.7,54.7,0,32.57,34.87,2.30,223.6,223.6,0,1467,0,1467
2024,Mercedes Benz,MBX,LT,Light Trucks,4827,N,N,Y,Mercedes Benz,MBX,Mercedes-Benz,1,GLE 450 e 4MATIC,407,2024,6,GLE 450e 4MATIC (6 - 275/50 R20_RZV_RZW Air),117.9,66.1,68.0,54.9,54.9,0,32.47,34.76,2.29,224.4,224.4,0,144,0,144
2024,Mercedes Benz,MBX,LT,Light Trucks,4827,N,N,Y,Mercedes Benz,MBX,Mercedes-Benz,1,GLE 450 e 4MATIC,407,2024,7,GLE 450e 4MATIC (7 - 315/40 R21),117.9,66.2,67.1,54.5,54.5,0,32.67,34.98,2.31,222.9,222.9,0,3351,0,3351
2024,Mercedes Benz,MBX,LT,Light Trucks,4827,N,N,Y,Mercedes Benz,MBX,Mercedes-Benz,1,GLE 450 e 4MATIC,407,2024,8,GLE 450e 4MATIC (8 - 315/40 R21 Air),117.9,66.3,67.6,54.9,54.9,0,32.47,34.76,2.29,224.4,224.4,0,158,0,158
2024,Mercedes Benz,MBX,LT,Light Trucks,4827,N,N,Y,Mercedes Benz,MBX,Mercedes-Benz,1,GLE 580 4MATIC,405,2024,1,GLE 580 4MATIC (1 - 275/50 R20 Air),117.9,66.1,68.0,54.9,54.9,0,32.47,34.76,2.29,224.4,224.4,0,116,0,116
2024,Mercedes Benz,MBX,LT,Light Trucks,4827,N,N,Y,Mercedes Benz,MBX,Mercedes-Benz,1,GLE 580 4MATIC,405,2024,2,GLE 580 4MATIC (2 - 315/40 R21 Air),117.9,66.3,67.6,54.9,54.9,0,32.47,34.76,2.29,224.4,224.4,0,705,0,705
2024,Mercedes Benz,MBX,LT,Light Trucks,4827,N,N,Y,Mercedes Benz,MBX,Mercedes-Benz,1,GLE 580 4MATIC,405,2024,3,GLE 580 4MATIC (3 - 325/35 R22 Air),117.9,66.2,67.6,54.8,54.8,0,32.52,34.82,2.30,224.0,224.0,0,354,0,354
2024,Mercedes Benz,MBX,LT,Light Trucks,4827,N,N,Y,Mercedes Benz,MBX,Mercedes-Benz,1,GLS 450 4MATIC,421,2024,1,GLS 450 4MATIC (1 - 315/40 R21_95R),123.4,65.7,67.2,56.9,56.9,0,31.48,33.71,2.23,231.9,231.9,0,6627,0,6627
2024,Mercedes Benz,MBX,LT,Light Trucks,4827,N,N,Y,Mercedes Benz,MBX,Mercedes-Benz,1,GLS 450 4MATIC,421,2024,2,GLS 450 4MATIC (2 - 315/40 R21_RWF_RWH),123.4,67.1,68.2,57.9,57.9,0,31.00,33.20,2.20,235.7,235.7,0,12195,0,12195
2024,Mercedes Benz,MBX,LT,Light Trucks,4827,N,N,Y,Mercedes Benz,MBX,Mercedes-Benz,1,GLS 450 4MATIC,421,2024,3,GLS 450 4MATIC (3 - 325/40 R22),123.4,67.0,67.8,57.8,57.8,0,31.05,33.25,2.20,235.3,235.3,0,3320,0,3320
2024,Mercedes Benz,MBX,LT,Light Trucks,4827,N,N,Y,Mercedes Benz,MBX,Mercedes-Benz,1,GLS 450 4MATIC,421,2024,4,GLS 450 4MATIC (4 - 325/35 R23),123.4,67.0,67.8,57.8,57.8,0,31.05,33.25,2.20,235.3,235.3,0,938,0,938
2024,Mercedes Benz,MBX,LT,Light Trucks,4827,N,N,Y,Mercedes Benz,MBX,Mercedes-Benz,1,GLS 450 4MATIC,421,2024,5,GLS 450 4MATIC (5 - 275/50 R20),123.4,65.7,66.6,56.7,56.7,0,31.57,33.81,2.24,231.2,231.2,0,2,0,2
2024,Mercedes Benz,MBX,LT,Light Trucks,4827,N,N,Y,Mercedes Benz,MBX,Mercedes-Benz,1,GLS 580 4MATIC,406,2024,1,GLS 580 4MATIC (1 - 325/40 R22),123.4,67.0,67.8,57.8,57.8,0,31.05,33.25,2.20,235.3,235.3,0,2654,0,2654
2024,Mercedes Benz,MBX,LT,Light Trucks,4827,N,N,Y,Mercedes Benz,MBX,Mercedes-Benz,1,GLS 580 4MATIC,406,2024,2,GLS 580 4MATIC (2 - 325/35 R23),123.4,67.0,67.8,57.8,57.8,0,31.05,33.25,2.20,235.3,235.3,0,746,0,746
2024,Mercedes Benz,MBX,LT,Light Trucks,4827,N,N,Y,Mercedes Benz,MBX,Mercedes-Benz,1,GLS 600 4MATIC Maybach,404,2024,1,GLS 600 4MATIC Maybach (1 - 325/40 R22 Air),123.4,67.0,67.8,57.8,57.8,0,31.05,33.25,2.20,235.3,235.3,0,374,0,374
2024,Mercedes Benz,MBX,LT,Light Trucks,4827,N,N,Y,Mercedes Benz,MBX,Mercedes-Benz,1,GLS 600 4MATIC Maybach,404,2024,2,GLS 600 4MATIC Maybach (2 - 325/35 R23 Air),123.4,67.0,67.8,57.8,57.8,0,31.05,33.25,2.20,235.3,235.3,0,1015,0,1015
2024,Mercedes Benz,MBX,PV,Passenger Vehicles,4820,N,N,Y,Mercedes Benz,MBX,Mercedes-Benz,1,AMG C 43 4MATIC,312,2024,1,AMG C 43 4MATIC (1 - 245/45 R18),112.8,62.6,63.1,49.2,49.2,0,46.80,46.80,0,166.4,166.4,0,770,0,770
2024,Mercedes Benz,MBX,PV,Passenger Vehicles,4820,N,N,Y,Mercedes Benz,MBX,Mercedes-Benz,1,AMG C 43 4MATIC,312,2024,2,AMG C 43 4MATIC (2 - 265/35 R19),112.8,62.6,61.7,48.7,48.7,0,47.25,47.25,0,164.7,164.7,0,362,0,362
2024,Mercedes Benz,MBX,PV,Passenger Vehicles,4820,N,N,Y,Mercedes Benz,MBX,Mercedes-Benz,1,AMG C 43 4MATIC,312,2024,3,AMG C 43 4MATIC (3 - 265/30 R20),112.8,62.6,61.7,48.7,48.7,0,47.25,47.25,0,164.7,164.7,0,1448,0,1448
2024,Mercedes Benz,MBX,PV,Passenger Vehicles,4820,N,N,Y,Mercedes Benz,MBX,Mercedes-Benz,1,AMG C 63 S E Performance,118,2024,1,AMG C 63 S E Performance (1 - 275/40 R19),112.8,64.9,61.9,49.7,49.7,0,46.36,46.36,0,168.1,168.1,0,160,0,160
2024,Mercedes Benz,MBX,PV,Passenger Vehicles,4820,N,N,Y,Mercedes Benz,MBX,Mercedes-Benz,1,AMG C 63 S E Performance,118,2024,2,AMG C 63 S E Performance (2 - 275/35 R20),112.8,64.9,61.9,49.7,49.7,0,46.36,46.36,0,168.1,168.1,0,672,0,672
2024,Mercedes Benz,MBX,PV,Passenger Vehicles,4820,N,N,Y,Mercedes Benz,MBX,Mercedes-Benz,1,AMG CLA 35 4MATIC,182,2024,1,AMG CLA 35 (1 - 235/40 R18),107.4,63.4,63.3,47.3,47.3,0,48.55,48.55,0,159.9,159.9,0,15,0,15
2024,Mercedes Benz,MBX,PV,Passenger Vehicles,4820,N,N,Y,Mercedes Benz,MBX,Mercedes-Benz,1,AMG CLA 35 4MATIC,182,2024,2,AMG CLA 35 (2 - 245/35 R19),107.4,62.9,62.8,46.8,46.8,0,49.03,49.03,0,158.3,158.3,0,225,0,225
2024,Mercedes Benz,MBX,PV,Passenger Vehicles,4820,N,N,Y,Mercedes Benz,MBX,Mercedes-Benz,1,AMG CLA 45 S 4MATIC,211,2024,1,AMG CLA 45 (1 - 245/35 R19),107.4,63.1,62.4,46.8,46.8,0,49.03,49.03,0,158.3,158.3,0,18,0,18
2024,Mercedes Benz,MBX,PV,Passenger Vehicles,4820,N,N,Y,Mercedes Benz,MBX,Mercedes-Benz,1,AMG CLA 45 S 4MATIC,211,2024,2,AMG CLA 45 (2 - 255/35 R19),107.4,63.1,62.4,46.8,46.8,0,49.03,49.03,0,158.3,158.3,0,107,0,107
2024,Mercedes Benz,MBX,PV,Passenger Vehicles,4820,N,N,Y,Mercedes Benz,MBX,Mercedes-Benz,1,AMG CLE 53 4MATIC+ (Coupe),345,2024,1,AMG CLE 53 4MATIC+ (1 - 295/35 R19),113.2,65.4,64.8,51.2,51.2,0,45.09,45.09,0,173.2,173.2,0,219,0,219
2024,Mercedes Benz,MBX,PV,Passenger Vehicles,4820,N,N,Y,Mercedes Benz,MBX,Mercedes-Benz,1,AMG CLE 53 4MATIC+ (Coupe),345,2024,2,AMG CLE 53 4MATIC+ (2 - 295/35 R20),113.2,65.4,64.8,51.2,51.2,0,45.09,45.09,0,173.2,173.2,0,1499,0,1499
2024,Mercedes Benz,MBX,PV,Passenger Vehicles,4820,N,N,Y,Mercedes Benz,MBX,Mercedes-Benz,1,AMG EQE 4MATIC+,909,2024,1,AMG EQE (1 - 295/35 R20),122.8,64.9,63.4,54.7,54.7,0,42.38,42.38,0,185.0,185.0,0,5,0,5
2024,Mercedes Benz,MBX,PV,Passenger Vehicles,4820,N,N,Y,Mercedes Benz,MBX,Mercedes-Benz,1,AMG EQE 4MATIC+,909,2024,2,AMG EQE (2 - 295/30 R21),122.8,64.9,63.7,54.8,54.8,0,42.31,42.31,0,185.4,185.4,0,141,0,141
2024,Mercedes Benz,MBX,PV,Passenger Vehicles,4820,N,N,Y,Mercedes Benz,MBX,Mercedes-Benz,1,AMG EQE 4MATIC+ (SUV),922,2024,1,AMG EQE (SUV) (1 - 275/40 R21),119.3,65.1,65.3,54.0,54.0,0,42.90,42.90,0,182.7,182.7,0,910,0,910
2024,Mercedes Benz,MBX,PV,Passenger Vehicles,4820,N,N,Y,Mercedes Benz,MBX,Mercedes-Benz,1,AMG EQE 4MATIC+ (SUV),922,2024,2,AMG EQE (SUV) (2 - 275/35 R22),119.3,65.1,65.3,54.0,54.0,0,42.90,42.90,0,182.7,182.7,0,546,0,546
2024,Mercedes Benz,MBX,PV,Passenger Vehicles,4820,N,N,Y,Mercedes Benz,MBX,Mercedes-Benz,1,AMG EQS 4MATIC+,900,2024,1,AMG EQS (1 - 275/40 R21),126.4,65.4,65.1,57.2,57.2,0,41.48,41.48,0,189.5,189.5,0,57,0,57
2024,Mercedes Benz,MBX,PV,Passenger Vehicles,4820,N,N,Y,Mercedes Benz,MBX,Mercedes-Benz,1,AMG EQS 4MATIC+,900,2024,2,AMG EQS (2 - 275/35 R22),126.4,65.4,65.1,57.2,57.2,0,41.48,41.48,0,189.5,189.5,0,208,0,208
2024,Mercedes Benz,MBX,PV,Passenger Vehicles,4820,N,N,Y,Mercedes Benz,MBX,Mercedes-Benz,1,AMG GLA 35 4MATIC,183,2024,1,AMG GLA 35 (1 - 235/50 R19),107.4,63.6,62.7,47.1,47.1,0,48.74,48.74,0,159.3,159.3,0,131,0,131
2024,Mercedes Benz,MBX,PV,Passenger Vehicles,4820,N,N,Y,Mercedes Benz,MBX,Mercedes-Benz,1,AMG GLA 35 4MATIC,183,2024,2,AMG GLA 35 (2 - 255/40 R20),107.4,63.4,62.6,47.0,47.0,0,48.84,48.84,0,158.9,158.9,0,58,0,58
2024,Mercedes Benz,MBX,PV,Passenger Vehicles,4820,N,N,Y,Mercedes Benz,MBX,Mercedes-Benz,1,AMG GLA 35 4MATIC,183,2024,3,AMG GLA 35 (3 - 255/35 R21),107.4,63.4,62.6,47.0,47.0,0,48.84,48.84,0,158.9,158.9,0,230,0,230
2024,Mercedes Benz,MBX,PV,Passenger Vehicles,4820,N,N,Y,Mercedes Benz,MBX,Mercedes-Benz,1,AMG GLB 35 4MATIC,184,2024,1,AMG GLB 35 (1 - 235/50 R19),111.4,63.6,62.7,48.9,48.9,0,47.07,47.07,0,165.4,165.4,0,164,0,164
2024,Mercedes Benz,MBX,PV,Passenger Vehicles,4820,N,N,Y,Mercedes Benz,MBX,Mercedes-Benz,1,AMG GLB 35 4MATIC,184,2024,2,AMG GLB 35 (2 - 255/40 R20),111.4,63.4,62.6,48.7,48.7,0,47.25,47.25,0,164.7,164.7,0,54,0,54
2024,Mercedes Benz,MBX,PV,Passenger Vehicles,4820,N,N,Y,Mercedes Benz,MBX,Mercedes-Benz,1,AMG GLB 35 4MATIC,184,2024,3,AMG GLB 35 (3 - 255/35 R21),111.4,63.4,62.6,48.7,48.7,0,47.25,47.25,0,164.7,164.7,0,236,0,236
2024,Mercedes Benz,MBX,PV,Passenger Vehicles,4820,N,N,Y,Mercedes Benz,MBX,Mercedes-Benz,1,AMG GLC 43 4MATIC,310,2024,1,AMG GLC 43 4MATIC (1 - 295/40 R20),113.7,64.8,64.8,51.2,51.2,0,45.09,45.09,0,173.2,173.2,0,1185,0,1185
2024,Mercedes Benz,MBX,PV,Passenger Vehicles,4820,N,N,Y,Mercedes Benz,MBX,Mercedes-Benz,1,AMG GLC 43 4MATIC,310,2024,2,AMG GLC 43 4MATIC (2 - 295/35 R21),113.7,64.8,64.8,51.2,51.2,0,45.09,45.09,0,173.2,173.2,0,1820,0,1820
2024,Mercedes Benz,MBX,PV,Passenger Vehicles,4820,N,N,Y,Mercedes Benz,MBX,Mercedes-Benz,1,AMG GLC 43 4MATIC (coupe),311,2024,1,AMG GLC 43 4MATIC Coupe (1 - 295/40 R20),113.7,64.8,64.8,51.2,51.2,0,45.09,45.09,0,173.2,173.2,0,648,0,648
2024,Mercedes Benz,MBX,PV,Passenger Vehicles,4820,N,N,Y,Mercedes Benz,MBX,Mercedes-Benz,1,AMG GLC 43 4MATIC (coupe),311,2024,2,AMG GLC 43 4MATIC Coupe (2 - 295/35 R21),113.7,64.8,64.8,51.2,51.2,0,45.09,45.09,0,173.2,173.2,0,643,0,643
2024,Mercedes Benz,MBX,PV,Passenger Vehicles,4820,N,N,Y,Mercedes Benz,MBX,Mercedes-Benz,1,AMG GT 43 4MATIC+,430,2024,1,AMG GT 43 (1- 285/40 R19),116.2,65.9,65.7,53.1,53.1,0,43.58,43.58,0,179.6,179.6,0,257,0,257
2024,Mercedes Benz,MBX,PV,Passenger Vehicles,4820,N,N,Y,Mercedes Benz,MBX,Mercedes-Benz,1,AMG GT 43 4MATIC+,430,2024,2,AMG GT 43 (2- 295/35 R20_RZU-RVM-RVN),116.2,65.7,65.5,52.9,52.9,0,43.74,43.74,0,178.9,178.9,0,137,0,137
2024,Mercedes Benz,MBX,PV,Passenger Vehicles,4820,N,N,Y,Mercedes Benz,MBX,Mercedes-Benz,1,AMG GT 43 4MATIC+,430,2024,3,AMG GT 43 (3- 295/35 R20_RVO-RVP),116.2,65.3,64.8,52.5,52.5,0,44.05,44.05,0,177.6,177.6,0,40,0,40
2024,Mercedes Benz,MBX,PV,Passenger Vehicles,4820,N,N,Y,Mercedes Benz,MBX,Mercedes-Benz,1,AMG GT 43 4MATIC+,430,2024,4,AMG GT 43 (4- 315/30 R21),116.2,65.3,64.8,52.5,52.5,0,44.05,44.05,0,177.6,177.6,0,313,0,313
2024,Mercedes Benz,MBX,PV,Passenger Vehicles,4820,N,N,Y,Mercedes Benz,MBX,Mercedes-Benz,1,AMG GT 53 4MATIC+,550,2024,1,AMG GT 53 (1- 285/40 R19),116.2,65.9,65.7,53.1,53.1,0,43.58,43.58,0,179.6,179.6,0,115,0,115
2024,Mercedes Benz,MBX,PV,Passenger Vehicles,4820,N,N,Y,Mercedes Benz,MBX,Mercedes-Benz,1,AMG GT 53 4MATIC+,550,2024,2,AMG GT 53 (2- 295/35 R20_RZU-RVM-RVN),116.2,65.7,65.5,52.9,52.9,0,43.74,43.74,0,178.9,178.9,0,151,0,151
2024,Mercedes Benz,MBX,PV,Passenger Vehicles,4820,N,N,Y,Mercedes Benz,MBX,Mercedes-Benz,1,AMG GT 53 4MATIC+,550,2024,3,AMG GT 53 (3- 295/35 R20_RVO-RVP),116.2,65.3,64.8,52.5,52.5,0,44.05,44.05,0,177.6,177.6,0,33,0,33
2024,Mercedes Benz,MBX,PV,Passenger Vehicles,4820,N,N,Y,Mercedes Benz,MBX,Mercedes-Benz,1,AMG GT 53 4MATIC+,550,2024,4,AMG GT 53 (4- 315/30 R21),116.2,65.3,64.8,52.5,52.5,0,44.05,44.05,0,177.6,177.6,0,506,0,506
2024,Mercedes Benz,MBX,PV,Passenger Vehicles,4820,N,N,Y,Mercedes Benz,MBX,Mercedes-Benz,1,AMG GT 55 4MATIC+ (coupe),533,2024,1,AMG GT 55 (Coupe) (1 - 305/35 R20),106.3,66.2,66.3,48.9,48.9,0,47.07,47.07,0,165.4,165.4,0,90,0,90
2024,Mercedes Benz,MBX,PV,Passenger Vehicles,4820,N,N,Y,Mercedes Benz,MBX,Mercedes-Benz,1,AMG GT 55 4MATIC+ (coupe),533,2024,2,AMG GT 55 (Coupe) (2 - 305/30 R21),106.3,66.0,65.9,48.7,48.7,0,47.25,47.25,0,164.7,164.7,0,820,0,820
2024,Mercedes Benz,MBX,PV,Passenger Vehicles,4820,N,N,Y,Mercedes Benz,MBX,Mercedes-Benz,1,AMG GT 63 4MATIC+,530,2024,1,AMG GT 63 (1- 285/40 R19),116.2,65.9,65.7,53.1,53.1,0,43.58,43.58,0,179.6,179.6,0,10,0,10
2024,Mercedes Benz,MBX,PV,Passenger Vehicles,4820,N,N,Y,Mercedes Benz,MBX,Mercedes-Benz,1,AMG GT 63 4MATIC+,530,2024,2,AMG GT 63 (2- 295/35 R20_RZU-RVM-RVN),116.2,65.7,65.5,52.9,52.9,0,43.74,43.74,0,178.9,178.9,0,10,0,10
2024,Mercedes Benz,MBX,PV,Passenger Vehicles,4820,N,N,Y,Mercedes Benz,MBX,Mercedes-Benz,1,AMG GT 63 4MATIC+,530,2024,3,AMG GT 63 (3- 295/35 R20_RVO-RVP),116.2,65.3,64.8,52.5,52.5,0,44.05,44.05,0,177.6,177.6,0,2,0,2
2024,Mercedes Benz,MBX,PV,Passenger Vehicles,4820,N,N,Y,Mercedes Benz,MBX,Mercedes-Benz,1,AMG GT 63 4MATIC+,530,2024,4,AMG GT 63 (4- 315/30 R21),116.2,65.3,64.8,52.5,52.5,0,44.05,44.05,0,177.6,177.6,0,176,0,176
2024,Mercedes Benz,MBX,PV,Passenger Vehicles,4820,N,N,Y,Mercedes Benz,MBX,Mercedes-Benz,1,AMG GT 63 4MATIC+ (coupe),534,2024,1,AMG GT 63 (Coupe) (1 - 305/35 R20),106.3,66.2,66.3,48.9,48.9,0,47.07,47.07,0,165.4,165.4,0,3,0,3
2024,Mercedes Benz,MBX,PV,Passenger Vehicles,4820,N,N,Y,Mercedes Benz,MBX,Mercedes-Benz,1,AMG GT 63 4MATIC+ (coupe),534,2024,2,AMG GT 63 (Coupe) (2 - 305/30 R21),106.3,66.0,65.9,48.7,48.7,0,47.25,47.25,0,164.7,164.7,0,331,0,331
2024,Mercedes Benz,MBX,PV,Passenger Vehicles,4820,N,N,Y,Mercedes Benz,MBX,Mercedes-Benz,1,AMG GT 63 S E Performance,532,2024,1,AMG GT 63 S E Performance (1- 295/35 R20_RZU-RVM-RVN),116.2,65.7,65.5,52.9,52.9,0,43.74,43.74,0,178.9,178.9,0,11,0,11
2024,Mercedes Benz,MBX,PV,Passenger Vehicles,4820,N,N,Y,Mercedes Benz,MBX,Mercedes-Benz,1,AMG GT 63 S E Performance,532,2024,2,AMG GT 63 S E Performance (2- 295/35 R20_RVO-RVP),116.2,65.3,64.8,52.5,52.5,0,44.05,44.05,0,177.6,177.6,0,1,0,1
2024,Mercedes Benz,MBX,PV,Passenger Vehicles,4820,N,N,Y,Mercedes Benz,MBX,Mercedes-Benz,1,AMG GT 63 S E Performance,532,2024,3,AMG GT 63 S E Performance (3- 315/30 R21),116.2,65.3,64.8,52.5,52.5,0,44.05,44.05,0,177.6,177.6,0,210,0,210
2024,Mercedes Benz,MBX,PV,Passenger Vehicles,4820,N,N,Y,Mercedes Benz,MBX,Mercedes-Benz,1,AMG S 63 E Performance,205,2024,1,AMG S 63 E Performance (1 - 285/40 R20),126.6,65.8,64.6,57.3,57.3,0,41.48,41.48,0,189.5,189.5,0,40,0,40
2024,Mercedes Benz,MBX,PV,Passenger Vehicles,4820,N,N,Y,Mercedes Benz,MBX,Mercedes-Benz,1,AMG S 63 E Performance,205,2024,2,AMG S 63 E Performance (2 - 285/35 R21),126.6,66.0,65.9,58.0,58.0,0,41.48,41.48,0,189.5,189.5,0,893,0,893
2024,Mercedes Benz,MBX,PV,Passenger Vehicles,4820,N,N,Y,Mercedes Benz,MBX,Mercedes-Benz,1,AMG SL 43,222,2024,1,AMG SL43 (1 - 285/40 R19),106.3,65.6,64.1,47.8,47.8,0,48.08,48.08,0,161.6,161.6,0,332,0,332
2024,Mercedes Benz,MBX,PV,Passenger Vehicles,4820,N,N,Y,Mercedes Benz,MBX,Mercedes-Benz,1,AMG SL 43,222,2024,2,AMG SL43 (2 - 295/35 R20),106.3,65.3,63.9,47.7,47.7,0,48.17,48.17,0,161.3,161.3,0,1,0,1
2024,Mercedes Benz,MBX,PV,Passenger Vehicles,4820,N,N,Y,Mercedes Benz,MBX,Mercedes-Benz,1,AMG SL 43,222,2024,3,AMG SL43 (3 - 305/30 R21),106.3,65.1,63.6,47.5,47.5,0,48.36,48.36,0,160.6,160.6,0,161,0,161
2024,Mercedes Benz,MBX,PV,Passenger Vehicles,4820,N,N,Y,Mercedes Benz,MBX,Mercedes-Benz,1,AMG SL 55 4MATIC+,232,2024,1,AMG SL55 (1 - 295/35 R20),106.3,65.3,63.9,47.7,47.7,0,48.17,48.17,0,161.3,161.3,0,116,0,116
2024,Mercedes Benz,MBX,PV,Passenger Vehicles,4820,N,N,Y,Mercedes Benz,MBX,Mercedes-Benz,1,AMG SL 55 4MATIC+,232,2024,2,AMG SL55 (2 - 305/30 R21),106.3,65.1,63.6,47.5,47.5,0,48.36,48.36,0,160.6,160.6,0,230,0,230
2024,Mercedes Benz,MBX,PV,Passenger Vehicles,4820,N,N,Y,Mercedes Benz,MBX,Mercedes-Benz,1,AMG SL 63 4MATIC+,231,2024,1,AMG SL63 (1 - 295/35 R20),106.3,65.4,64.0,47.8,47.8,0,48.08,48.08,0,161.6,161.6,0,9,0,9
2024,Mercedes Benz,MBX,PV,Passenger Vehicles,4820,N,N,Y,Mercedes Benz,MBX,Mercedes-Benz,1,AMG SL 63 4MATIC+,231,2024,2,AMG SL63 (2 - 305/30 R21),106.3,65.1,63.7,47.5,47.5,0,48.36,48.36,0,160.6,160.6,0,209,0,209
2024,Mercedes Benz,MBX,PV,Passenger Vehicles,4820,N,N,Y,Mercedes Benz,MBX,Mercedes-Benz,1,AMG SL 63 S E Performance,233,2024,1,AMG SL 63 S E Performance (1 - 305/30 R21),106.3,65.1,63.7,47.5,47.5,0,48.36,48.36,0,160.6,160.6,0,56,0,56
2024,Mercedes Benz,MBX,PV,Passenger Vehicles,4820,N,N,Y,Mercedes Benz,MBX,Mercedes-Benz,1,C 300,150,2024,1,C 300 (1 - 245/40 R18),112.8,62.6,62.1,48.9,48.9,0,47.07,47.07,0,165.4,165.4,0,6519,0,6519
2024,Mercedes Benz,MBX,PV,Passenger Vehicles,4820,N,N,Y,Mercedes Benz,MBX,Mercedes-Benz,1,C 300,150,2024,2,C 300 (2 - 255/35 R19),112.8,62.6,61.6,48.6,48.6,0,47.34,47.34,0,164.4,164.4,0,10821,0,10821
2024,Mercedes Benz,MBX,PV,Passenger Vehicles,4820,N,N,Y,Mercedes Benz,MBX,Mercedes-Benz,1,C 300 4MATIC,151,2024,1,C 300 4MATIC (1 - 245/40 R18),112.8,62.6,62.1,48.9,48.9,0,47.07,47.07,0,165.4,165.4,0,14229,0,14229
2024,Mercedes Benz,MBX,PV,Passenger Vehicles,4820,N,N,Y,Mercedes Benz,MBX,Mercedes-Benz,1,C 300 4MATIC,151,2024,2,C 300 4MATIC (2 - 255/35 R19),112.8,62.6,61.6,48.6,48.6,0,47.34,47.34,0,164.4,164.4,0,1441,0,1441
2024,Mercedes Benz,MBX,PV,Passenger Vehicles,4820,N,N,Y,Mercedes Benz,MBX,Mercedes-Benz,1,CLA 250,240,2024,1,CLA 250 (1- 225/45 R18),107.4,63.1,63.0,47.0,47.0,0,48.84,48.84,0,158.9,158.9,0,981,0,981
2024,Mercedes Benz,MBX,PV,Passenger Vehicles,4820,N,N,Y,Mercedes Benz,MBX,Mercedes-Benz,1,CLA 250,240,2024,2,CLA 250 (2- 225/40 R19),107.4,63.1,63.0,47.0,47.0,0,48.84,48.84,0,158.9,158.9,0,203,0,203
2024,Mercedes Benz,MBX,PV,Passenger Vehicles,4820,N,N,Y,Mercedes Benz,MBX,Mercedes-Benz,1,CLA 250 4MATIC,212,2024,1,CLA 250 4MATIC (1- 225/45 R18),107.4,63.1,63.0,47.0,47.0,0,48.84,48.84,0,158.9,158.9,0,1952,0,1952
2024,Mercedes Benz,MBX,PV,Passenger Vehicles,4820,N,N,Y,Mercedes Benz,MBX,Mercedes-Benz,1,CLA 250 4MATIC,212,2024,2,CLA 250 4MATIC (2- 225/40 R19),107.4,63.1,63.0,47.0,47.0,0,48.84,48.84,0,158.9,158.9,0,186,0,186
2024,Mercedes Benz,MBX,PV,Passenger Vehicles,4820,N,N,Y,Mercedes Benz,MBX,Mercedes-Benz,1,CLE 300 4MATIC (Convertible),340,2024,1,CLE 300 4MATIC (cabrio) (1 - 245/45 R18),112.8,63.2,63.6,49.7,49.7,0,46.36,46.36,0,168.1,168.1,0,494,0,494
2024,Mercedes Benz,MBX,PV,Passenger Vehicles,4820,N,N,Y,Mercedes Benz,MBX,Mercedes-Benz,1,CLE 300 4MATIC (Convertible),340,2024,2,CLE 300 4MATIC (cabrio) (2 - 275/35 R19),112.8,63.2,62.4,49.2,49.2,0,46.80,46.80,0,166.4,166.4,0,1360,0,1360
2024,Mercedes Benz,MBX,PV,Passenger Vehicles,4820,N,N,Y,Mercedes Benz,MBX,Mercedes-Benz,1,CLE 300 4MATIC (Convertible),340,2024,3,CLE 300 4MATIC (cabrio) (3 - 275/30 R20),112.8,63.2,62.4,49.2,49.2,0,46.80,46.80,0,166.4,166.4,0,901,0,901
2024,Mercedes Benz,MBX,PV,Passenger Vehicles,4820,N,N,Y,Mercedes Benz,MBX,Mercedes-Benz,1,CLE 300 4MATIC (Coupe),341,2024,1,CLE 300 4MATIC (1 - 245/45 R18),112.8,63.2,63.6,49.7,49.7,0,46.36,46.36,0,168.1,168.1,0,467,0,467
2024,Mercedes Benz,MBX,PV,Passenger Vehicles,4820,N,N,Y,Mercedes Benz,MBX,Mercedes-Benz,1,CLE 300 4MATIC (Coupe),341,2024,2,CLE 300 4MATIC (2 - 275/35 R19),112.8,63.2,62.4,49.2,49.2,0,46.80,46.80,0,166.4,166.4,0,2670,0,2670
2024,Mercedes Benz,MBX,PV,Passenger Vehicles,4820,N,N,Y,Mercedes Benz,MBX,Mercedes-Benz,1,CLE 300 4MATIC (Coupe),341,2024,3,CLE 300 4MATIC (3 - 275/30 R20),112.8,63.2,62.4,49.2,49.2,0,46.80,46.80,0,166.4,166.4,0,1872,0,1872
2024,Mercedes Benz,MBX,PV,Passenger Vehicles,4820,N,N,Y,Mercedes Benz,MBX,Mercedes-Benz,1,CLE 450 4MATIC (Convertible),342,2024,1,CLE 450 4MATIC (cabrio) (1 - 275/35 R19),112.8,63.2,62.4,49.2,49.2,0,46.80,46.80,0,166.4,166.4,0,536,0,536
2024,Mercedes Benz,MBX,PV,Passenger Vehicles,4820,N,N,Y,Mercedes Benz,MBX,Mercedes-Benz,1,CLE 450 4MATIC (Convertible),342,2024,2,CLE 450 4MATIC (cabrio) (2 - 275/30 R20),112.8,63.2,62.4,49.2,49.2,0,46.80,46.80,0,166.4,166.4,0,524,0,524
2024,Mercedes Benz,MBX,PV,Passenger Vehicles,4820,N,N,Y,Mercedes Benz,MBX,Mercedes-Benz,1,CLE 450 4MATIC (Coupe),343,2024,1,CLE 450 4MATIC (1 - 275/35 R19),112.8,63.2,62.4,49.2,49.2,0,46.80,46.80,0,166.4,166.4,0,440,0,440
2024,Mercedes Benz,MBX,PV,Passenger Vehicles,4820,N,N,Y,Mercedes Benz,MBX,Mercedes-Benz,1,CLE 450 4MATIC (Coupe),343,2024,2,CLE 450 4MATIC (2 - 275/30 R20),112.8,63.2,62.4,49.2,49.2,0,46.80,46.80,0,166.4,166.4,0,578,0,578
2024,Mercedes Benz,MBX,PV,Passenger Vehicles,4820,N,N,Y,Mercedes Benz,MBX,Mercedes-Benz,1,E 350 4MATIC,306,2024,1,E 350 4MATIC (1 - 225/55 R18),116.6,64.1,64.7,52.1,52.1,0,44.36,44.36,0,176.2,176.2,0,999,0,999
2024,Mercedes Benz,MBX,PV,Passenger Vehicles,4820,N,N,Y,Mercedes Benz,MBX,Mercedes-Benz,1,E 350 4MATIC,306,2024,2,E 350 4MATIC (2 - 275/40 R19),116.6,63.9,63.2,51.5,51.5,0,44.85,44.85,0,174.2,174.2,0,2890,0,2890
2024,Mercedes Benz,MBX,PV,Passenger Vehicles,4820,N,N,Y,Mercedes Benz,MBX,Mercedes-Benz,1,E 350 4MATIC,306,2024,3,E 350 4MATIC (3 - 275/35 R20),116.6,63.9,63.2,51.5,51.5,0,44.85,44.85,0,174.2,174.2,0,2646,0,2646
2024,Mercedes Benz,MBX,PV,Passenger Vehicles,4820,N,N,Y,Mercedes Benz,MBX,Mercedes-Benz,1,E 350 4MATIC,306,2024,4,E 350 4MATIC (4 - 275/30 R21),116.6,63.9,63.2,51.5,51.5,0,44.85,44.85,0,174.2,174.2,0,229,0,229
2024,Mercedes Benz,MBX,PV,Passenger Vehicles,4820,N,N,Y,Mercedes Benz,MBX,Mercedes-Benz,1,E 450 4MATIC,302,2024,1,E 450 4MATIC (1 - 225/55 R18),116.6,64.1,64.7,52.1,52.1,0,44.36,44.36,0,176.2,176.2,0,144,0,144
2024,Mercedes Benz,MBX,PV,Passenger Vehicles,4820,N,N,Y,Mercedes Benz,MBX,Mercedes-Benz,1,E 450 4MATIC,302,2024,2,E 450 4MATIC (2 - 275/40 R19),116.6,63.9,63.2,51.5,51.5,0,44.85,44.85,0,174.2,174.2,0,549,0,549
2024,Mercedes Benz,MBX,PV,Passenger Vehicles,4820,N,N,Y,Mercedes Benz,MBX,Mercedes-Benz,1,E 450 4MATIC,302,2024,3,E 450 4MATIC (3 - 275/35 R20),116.6,63.9,63.2,51.5,51.5,0,44.85,44.85,0,174.2,174.2,0,585,0,585
2024,Mercedes Benz,MBX,PV,Passenger Vehicles,4820,N,N,Y,Mercedes Benz,MBX,Mercedes-Benz,1,E 450 4MATIC,302,2024,4,E 450 4MATIC (4 - 275/30 R21),116.6,63.9,63.2,51.5,51.5,0,44.85,44.85,0,174.2,174.2,0,152,0,152
2024,Mercedes Benz,MBX,PV,Passenger Vehicles,4820,N,N,Y,Mercedes Benz,MBX,Mercedes-Benz,1,E 450 4MATIC AT (station wagon),303,2024,1,E 450 4MATIC Wagon All Terrain (1 - 255/45 R19),116.6,64.2,64.8,52.2,52.2,0,44.29,44.29,0,176.6,176.6,0,175,0,175
2024,Mercedes Benz,MBX,PV,Passenger Vehicles,4820,N,N,Y,Mercedes Benz,MBX,Mercedes-Benz,1,E 450 4MATIC AT (station wagon),303,2024,2,E 450 4MATIC Wagon All Terrain (2 - 285/35 R20),116.6,64.1,63.3,51.6,51.6,0,44.77,44.77,0,174.5,174.5,0,288,0,288
2024,Mercedes Benz,MBX,PV,Passenger Vehicles,4820,N,N,Y,Mercedes Benz,MBX,Mercedes-Benz,1,E 450 4MATIC AT (station wagon),303,2024,3,E 450 4MATIC Wagon All Terrain (3 - 255/40 R20),116.6,64.1,64.6,52.1,52.1,0,44.36,44.36,0,176.2,176.2,0,81,0,81
2024,Mercedes Benz,MBX,PV,Passenger Vehicles,4820,N,N,Y,Mercedes Benz,MBX,Mercedes-Benz,1,EQB 250+,906,2024,1,EQB 250 4MATIC (1 - 235/55 R18),111.4,62.5,62.6,48.4,48.4,0,47.52,47.52,0,163.7,163.7,0,3129,0,3129
2024,Mercedes Benz,MBX,PV,Passenger Vehicles,4820,N,N,Y,Mercedes Benz,MBX,Mercedes-Benz,1,EQB 250+,906,2024,2,EQB 250 4MATIC (2 - 235/50 R19),111.4,62.5,62.6,48.4,48.4,0,47.52,47.52,0,163.7,163.7,0,1398,0,1398
2024,Mercedes Benz,MBX,PV,Passenger Vehicles,4820,N,N,Y,Mercedes Benz,MBX,Mercedes-Benz,1,EQB 300 4MATIC,907,2024,1,EQB 300 4MATIC (1 - 235/55 R18),111.4,62.5,62.6,48.4,48.4,0,47.52,47.52,0,163.7,163.7,0,2645,0,2645
2024,Mercedes Benz,MBX,PV,Passenger Vehicles,4820,N,N,Y,Mercedes Benz,MBX,Mercedes-Benz,1,EQB 300 4MATIC,907,2024,2,EQB 300 4MATIC (2 - 235/50 R19),111.4,62.5,62.6,48.4,48.4,0,47.52,47.52,0,163.7,163.7,0,1296,0,1296
2024,Mercedes Benz,MBX,PV,Passenger Vehicles,4820,N,N,Y,Mercedes Benz,MBX,Mercedes-Benz,1,EQB 350 4MATIC,908,2024,1,EQB 350 4MATIC (1 - 235/50 R19),111.4,62.4,62.4,48.3,48.3,0,47.62,47.62,0,163.3,163.3,0,640,0,640
2024,Mercedes Benz,MBX,PV,Passenger Vehicles,4820,N,N,Y,Mercedes Benz,MBX,Mercedes-Benz,1,EQB 350 4MATIC,908,2024,2,EQB 350 4MATIC (2 - 235/50 R19_RTF),111.4,62.8,63.0,48.7,48.7,0,47.25,47.25,0,164.7,164.7,0,7,0,7
2024,Mercedes Benz,MBX,PV,Passenger Vehicles,4820,N,N,Y,Mercedes Benz,MBX,Mercedes-Benz,1,EQE 350 4MATIC,911,2024,1,EQE 350 4M (1 - 255/40 R20),122.8,64.1,64.4,54.7,54.7,0,42.38,42.38,0,185.0,185.0,0,103,0,103
2024,Mercedes Benz,MBX,PV,Passenger Vehicles,4820,N,N,Y,Mercedes Benz,MBX,Mercedes-Benz,1,EQE 350 4MATIC,911,2024,2,EQE 350 4M (2 - 255/40 R20 Air),122.8,64.1,64.5,54.8,54.8,0,42.31,42.31,0,185.4,185.4,0,2149,0,2149
2024,Mercedes Benz,MBX,PV,Passenger Vehicles,4820,N,N,Y,Mercedes Benz,MBX,Mercedes-Benz,1,EQE 350 4MATIC,911,2024,3,EQE 350 4M (3 - 285/30 R21),122.8,64.1,63.2,54.2,54.2,0,42.75,42.75,0,183.3,183.3,0,213,0,213
2024,Mercedes Benz,MBX,PV,Passenger Vehicles,4820,N,N,Y,Mercedes Benz,MBX,Mercedes-Benz,1,EQE 350 4MATIC (SUV),916,2024,1,EQE 350 4M (SUV) (1 - 255/45 R20),119.3,64.8,65.3,53.9,53.9,0,42.97,42.97,0,182.3,182.3,0,1888,0,1888
2024,Mercedes Benz,MBX,PV,Passenger Vehicles,4820,N,N,Y,Mercedes Benz,MBX,Mercedes-Benz,1,EQE 350 4MATIC (SUV),916,2024,2,EQE 350 4M (SUV) (2 - 265/40 R21),119.3,64.5,65.1,53.7,53.7,0,43.12,43.12,0,181.6,181.6,0,760,0,760
2024,Mercedes Benz,MBX,PV,Passenger Vehicles,4820,N,N,Y,Mercedes Benz,MBX,Mercedes-Benz,1,EQE 350 4MATIC (SUV),916,2024,3,EQE 350 4M (SUV) (3 - 235/55 R19),119.3,64.7,65.2,53.9,53.9,0,42.97,42.97,0,182.3,182.3,0,3,0,3
2024,Mercedes Benz,MBX,PV,Passenger Vehicles,4820,N,N,Y,Mercedes Benz,MBX,Mercedes-Benz,1,EQE 350+,910,2024,1,EQE 350 (1 - 255/40 R20),122.8,64.1,64.4,54.7,54.7,0,42.38,42.38,0,185.0,185.0,0,111,0,111
2024,Mercedes Benz,MBX,PV,Passenger Vehicles,4820,N,N,Y,Mercedes Benz,MBX,Mercedes-Benz,1,EQE 350+,910,2024,2,EQE 350 (2 - 255/40 R20 Air),122.8,64.1,64.5,54.8,54.8,0,42.31,42.31,0,185.4,185.4,0,2231,0,2231
2024,Mercedes Benz,MBX,PV,Passenger Vehicles,4820,N,N,Y,Mercedes Benz,MBX,Mercedes-Benz,1,EQE 350+,910,2024,3,EQE 350 (3 - 285/30 R21),122.8,64.1,63.2,54.2,54.2,0,42.75,42.75,0,183.3,183.3,0,426,0,426
2024,Mercedes Benz,MBX,PV,Passenger Vehicles,4820,N,N,Y,Mercedes Benz,MBX,Mercedes-Benz,1,EQE 350+ (SUV),915,2024,1,EQE 350 (SUV) (1 - 255/45 R20),119.3,64.8,65.3,53.9,53.9,0,42.97,42.97,0,182.3,182.3,0,2380,0,2380
2024,Mercedes Benz,MBX,PV,Passenger Vehicles,4820,N,N,Y,Mercedes Benz,MBX,Mercedes-Benz,1,EQE 350+ (SUV),915,2024,2,EQE 350 (SUV) (2 - 265/40 R21),119.3,64.5,65.1,53.7,53.7,0,43.12,43.12,0,181.6,181.6,0,1354,0,1354
2024,Mercedes Benz,MBX,PV,Passenger Vehicles,4820,N,N,Y,Mercedes Benz,MBX,Mercedes-Benz,1,EQE 350+ (SUV),915,2024,3,EQE 350 (SUV) (3 - 235/55 R19),119.3,64.7,65.2,53.9,53.9,0,42.97,42.97,0,182.3,182.3,0,3,0,3
2024,Mercedes Benz,MBX,PV,Passenger Vehicles,4820,N,N,Y,Mercedes Benz,MBX,Mercedes-Benz,1,EQE 500 4MATIC,912,2024,1,EQE 500 4M (1 - 255/40 R20),122.8,64.1,64.4,54.7,54.7,0,42.38,42.38,0,185.0,185.0,0,20,0,20
2024,Mercedes Benz,MBX,PV,Passenger Vehicles,4820,N,N,Y,Mercedes Benz,MBX,Mercedes-Benz,1,EQE 500 4MATIC,912,2024,2,EQE 500 4M (2 - 255/40 R20 Air),122.8,64.1,64.5,54.8,54.8,0,42.31,42.31,0,185.4,185.4,0,70,0,70
2024,Mercedes Benz,MBX,PV,Passenger Vehicles,4820,N,N,Y,Mercedes Benz,MBX,Mercedes-Benz,1,EQE 500 4MATIC,912,2024,3,EQE 500 4M (3 - 285/30 R21),122.8,64.1,63.2,54.2,54.2,0,42.75,42.75,0,183.3,183.3,0,327,0,327
2024,Mercedes Benz,MBX,PV,Passenger Vehicles,4820,N,N,Y,Mercedes Benz,MBX,Mercedes-Benz,1,EQE 500 4MATIC (SUV),913,2024,1,EQE 500 4M (SUV) (1 - 255/45 R20),119.3,64.8,65.3,53.9,53.9,0,42.97,42.97,0,182.3,182.3,0,29,0,29
2024,Mercedes Benz,MBX,PV,Passenger Vehicles,4820,N,N,Y,Mercedes Benz,MBX,Mercedes-Benz,1,EQE 500 4MATIC (SUV),913,2024,2,EQE 500 4M (SUV) (2 - 265/40 R21),119.3,64.5,65.1,53.7,53.7,0,43.12,43.12,0,181.6,181.6,0,31,0,31
2024,Mercedes Benz,MBX,PV,Passenger Vehicles,4820,N,N,Y,Mercedes Benz,MBX,Mercedes-Benz,1,EQS 450 4MATIC,905,2024,1,EQS 450 4MATIC+ (1 - 255/45 R20),126.4,65.4,66.0,57.7,57.7,0,41.48,41.48,0,189.5,189.5,0,816,0,816
2024,Mercedes Benz,MBX,PV,Passenger Vehicles,4820,N,N,Y,Mercedes Benz,MBX,Mercedes-Benz,1,EQS 450 4MATIC,905,2024,2,EQS 450 4MATIC+ (2 - 265/40 R21),126.4,64.8,65.4,57.1,57.1,0,41.48,41.48,0,189.5,189.5,0,518,0,518
2024,Mercedes Benz,MBX,PV,Passenger Vehicles,4820,N,N,Y,Mercedes Benz,MBX,Mercedes-Benz,1,EQS 450 4MATIC,905,2024,3,EQS 450 4MATIC+ (3 - 265/40 R22),126.4,64.8,65.4,57.1,57.1,0,41.48,41.48,0,189.5,189.5,0,24,0,24
2024,Mercedes Benz,MBX,PV,Passenger Vehicles,4820,N,N,Y,Mercedes Benz,MBX,Mercedes-Benz,1,EQS 450+,901,2024,1,EQS 450+ (1 - 255/45 R20),126.4,65.4,66.0,57.7,57.7,0,41.48,41.48,0,189.5,189.5,0,538,0,538
2024,Mercedes Benz,MBX,PV,Passenger Vehicles,4820,N,N,Y,Mercedes Benz,MBX,Mercedes-Benz,1,EQS 450+,901,2024,2,EQS 450+ (2 - 265/40 R21),126.4,64.8,65.4,57.1,57.1,0,41.48,41.48,0,189.5,189.5,0,570,0,570
2024,Mercedes Benz,MBX,PV,Passenger Vehicles,4820,N,N,Y,Mercedes Benz,MBX,Mercedes-Benz,1,EQS 450+,901,2024,3,EQS 450+ (3 - 265/35 R22),126.4,64.8,65.4,57.1,57.1,0,41.48,41.48,0,189.5,189.5,0,36,0,36
2024,Mercedes Benz,MBX,PV,Passenger Vehicles,4820,N,N,Y,Mercedes Benz,MBX,Mercedes-Benz,1,EQS 580 4MATIC,902,2024,1,EQS 580 4MATIC+ (1 - 255/45 R20),126.4,65.4,66.0,57.7,57.7,0,41.48,41.48,0,189.5,189.5,0,68,0,68
2024,Mercedes Benz,MBX,PV,Passenger Vehicles,4820,N,N,Y,Mercedes Benz,MBX,Mercedes-Benz,1,EQS 580 4MATIC,902,2024,2,EQS 580 4MATIC+ (2 - 265/40 R21),126.4,64.8,65.4,57.1,57.1,0,41.48,41.48,0,189.5,189.5,0,467,0,467
2024,Mercedes Benz,MBX,PV,Passenger Vehicles,4820,N,N,Y,Mercedes Benz,MBX,Mercedes-Benz,1,GLA 250,506,2024,1,GLA 250 (1 - 235/55 R18),107.4,62.5,62.5,46.6,46.6,0,49.23,49.23,0,157.6,157.6,0,1157,0,1157
2024,Mercedes Benz,MBX,PV,Passenger Vehicles,4820,N,N,Y,Mercedes Benz,MBX,Mercedes-Benz,1,GLA 250,506,2024,2,GLA 250 (2 - 235/50 R19),107.4,62.5,62.6,46.7,46.7,0,49.13,49.13,0,157.9,157.9,0,589,0,589
2024,Mercedes Benz,MBX,PV,Passenger Vehicles,4820,N,N,Y,Mercedes Benz,MBX,Mercedes-Benz,1,GLA 250,506,2024,3,GLA 250 (3 - 235/45 R20),107.4,62.9,63.0,47.0,47.0,0,48.84,48.84,0,158.9,158.9,0,28,0,28
2024,Mercedes Benz,MBX,PV,Passenger Vehicles,4820,N,N,Y,Mercedes Benz,MBX,Mercedes-Benz,1,GLB 250,750,2024,1,GLB 250 (1 - 235/55 R18),111.4,62.5,62.5,48.4,48.4,0,47.52,47.52,0,163.7,163.7,0,1954,0,1954
2024,Mercedes Benz,MBX,PV,Passenger Vehicles,4820,N,N,Y,Mercedes Benz,MBX,Mercedes-Benz,1,GLB 250,750,2024,2,GLB 250 (2 - 235/50 R19),111.4,62.5,62.6,48.4,48.4,0,47.52,47.52,0,163.7,163.7,0,2804,0,2804
2024,Mercedes Benz,MBX,PV,Passenger Vehicles,4820,N,N,Y,Mercedes Benz,MBX,Mercedes-Benz,1,GLB 250,750,2024,3,GLB 250 (3 - 235/45 R20),111.4,62.9,63.0,48.7,48.7,0,47.25,47.25,0,164.7,164.7,0,10,0,10
2024,Mercedes Benz,MBX,PV,Passenger Vehicles,4820,N,N,Y,Mercedes Benz,MBX,Mercedes-Benz,1,GLC 300,111,2024,1,GLC 300 (1 - 235/60 R18),113.7,63.9,64.3,50.6,50.6,0,45.59,45.59,0,171.1,171.1,0,3342,0,3342
2024,Mercedes Benz,MBX,PV,Passenger Vehicles,4820,N,N,Y,Mercedes Benz,MBX,Mercedes-Benz,1,GLC 300,111,2024,2,GLC 300 (2 - 235/55 R19),113.7,63.9,64.3,50.6,50.6,0,45.59,45.59,0,171.1,171.1,0,2324,0,2324
2024,Mercedes Benz,MBX,PV,Passenger Vehicles,4820,N,N,Y,Mercedes Benz,MBX,Mercedes-Benz,1,GLC 300,111,2024,3,GLC 300 (3- 255/50 R19),113.7,63.9,64.4,50.7,50.7,0,45.51,45.51,0,171.5,171.5,0,1034,0,1034
2024,Mercedes Benz,MBX,PV,Passenger Vehicles,4820,N,N,Y,Mercedes Benz,MBX,Mercedes-Benz,1,GLC 300,111,2024,4,GLC 300 (4 - 255/45 R20),113.7,63.7,64.1,50.5,50.5,0,45.68,45.68,0,170.8,170.8,0,1049,0,1049
2024,Mercedes Benz,MBX,PV,Passenger Vehicles,4820,N,N,Y,Mercedes Benz,MBX,Mercedes-Benz,1,GLC 300,111,2024,5,GLC 300 (5 - 285/40 R20),113.7,63.7,64.0,50.4,50.4,0,45.76,45.76,0,170.5,170.5,0,2210,0,2210
2024,Mercedes Benz,MBX,PV,Passenger Vehicles,4820,N,N,Y,Mercedes Benz,MBX,Mercedes-Benz,1,Maybach S 680 4Matic,807,2024,1,S 680 4MATIC Maybach (1 - 255/45 R19 Air),133.7,65.2,66.3,61.1,61.1,0,41.48,41.48,0,189.5,189.5,0,8,0,8
2024,Mercedes Benz,MBX,PV,Passenger Vehicles,4820,N,N,Y,Mercedes Benz,MBX,Mercedes-Benz,1,Maybach S 680 4Matic,807,2024,2,S 680 4MATIC Maybach (2 - 255/40 R20 Air),133.7,65.0,66.1,60.9,60.9,0,41.48,41.48,0,189.5,189.5,0,76,0,76
2024,Mercedes Benz,MBX,PV,Passenger Vehicles,4820,N,N,Y,Mercedes Benz,MBX,Mercedes-Benz,1,Maybach S 680 4Matic,807,2024,3,S 680 4MATIC Maybach (3 - 285/35 R20 Air),133.7,65.0,65.0,60.4,60.4,0,41.48,41.48,0,189.5,189.5,0,123,0,123
2024,Mercedes Benz,MBX,PV,Passenger Vehicles,4820,N,N,Y,Mercedes Benz,MBX,Mercedes-Benz,1,Maybach S 680 4Matic,807,2024,4,S 680 4MATIC Maybach (4 - 265/35 R21 Air),133.7,65.0,66.1,60.9,60.9,0,41.48,41.48,0,189.5,189.5,0,299,0,299
2024,Mercedes Benz,MBX,PV,Passenger Vehicles,4820,N,N,Y,Mercedes Benz,MBX,Mercedes-Benz,1,S 500 4MATIC,521,2024,1,S 500 4MATIC (1 - 255/45 R19 Air),126.6,65.2,66.3,57.8,57.8,0,41.48,41.48,0,189.5,189.5,0,152,0,152
2024,Mercedes Benz,MBX,PV,Passenger Vehicles,4820,N,N,Y,Mercedes Benz,MBX,Mercedes-Benz,1,S 500 4MATIC,521,2024,2,S 500 4MATIC (2 - 245/40 R20 Air),126.6,65.0,66.1,57.7,57.7,0,41.48,41.48,0,189.5,189.5,0,83,0,83
2024,Mercedes Benz,MBX,PV,Passenger Vehicles,4820,N,N,Y,Mercedes Benz,MBX,Mercedes-Benz,1,S 500 4MATIC,521,2024,3,S 500 4MATIC (3 - 285/35 R20 Air),126.6,65.0,65.0,57.1,57.1,0,41.48,41.48,0,189.5,189.5,0,91,0,91
2024,Mercedes Benz,MBX,PV,Passenger Vehicles,4820,N,N,Y,Mercedes Benz,MBX,Mercedes-Benz,1,S 500 4MATIC,521,2024,4,S 500 4MATIC (4 - 285/30 R21 Air),126.6,65.0,65.0,57.1,57.1,0,41.48,41.48,0,189.5,189.5,0,92,0,92
2024,Mercedes Benz,MBX,PV,Passenger Vehicles,4820,N,N,Y,Mercedes Benz,MBX,Mercedes-Benz,1,S 580 4MATIC,806,2024,1,S 580 4MATIC (1 - 255/45 R19 Air),126.6,65.2,66.3,57.8,57.8,0,41.48,41.48,0,189.5,189.5,0,1913,0,1913
2024,Mercedes Benz,MBX,PV,Passenger Vehicles,4820,N,N,Y,Mercedes Benz,MBX,Mercedes-Benz,1,S 580 4MATIC,806,2024,2,S 580 4MATIC (2 - 245/40 R20 Air),126.6,65.0,66.1,57.7,57.7,0,41.48,41.48,0,189.5,189.5,0,792,0,792
2024,Mercedes Benz,MBX,PV,Passenger Vehicles,4820,N,N,Y,Mercedes Benz,MBX,Mercedes-Benz,1,S 580 4MATIC,806,2024,3,S 580 4MATIC (3 - 285/35 R20 Air),126.6,65.0,65.0,57.1,57.1,0,41.48,41.48,0,189.5,189.5,0,1297,0,1297
2024,Mercedes Benz,MBX,PV,Passenger Vehicles,4820,N,N,Y,Mercedes Benz,MBX,Mercedes-Benz,1,S 580 4MATIC,806,2024,4,S 580 4MATIC (4 - 285/30 R21 Air),126.6,65.0,65.0,57.1,57.1,0,41.48,41.48,0,189.5,189.5,0,1660,0,1660
2024,Mercedes Benz,MBX,PV,Passenger Vehicles,4820,N,N,Y,Mercedes Benz,MBX,Mercedes-Benz,1,S 580 4MATIC Maybach,805,2024,1,S 580 4MATIC Maybach (1 - 255/45 R19 Air),133.7,65.2,66.3,61.1,61.1,0,41.48,41.48,0,189.5,189.5,0,16,0,16
2024,Mercedes Benz,MBX,PV,Passenger Vehicles,4820,N,N,Y,Mercedes Benz,MBX,Mercedes-Benz,1,S 580 4MATIC Maybach,805,2024,2,S 580 4MATIC Maybach (2 - 255/40 R20 Air),133.7,65.0,66.1,60.9,60.9,0,41.48,41.48,0,189.5,189.5,0,149,0,149
2024,Mercedes Benz,MBX,PV,Passenger Vehicles,4820,N,N,Y,Mercedes Benz,MBX,Mercedes-Benz,1,S 580 4MATIC Maybach,805,2024,3,S 580 4MATIC Maybach (3 - 285/35 R20 Air),133.7,65.0,65.0,60.4,60.4,0,41.48,41.48,0,189.5,189.5,0,180,0,180
2024,Mercedes Benz,MBX,PV,Passenger Vehicles,4820,N,N,Y,Mercedes Benz,MBX,Mercedes-Benz,1,S 580 4MATIC Maybach,805,2024,4,S 580 4MATIC Maybach (4 - 265/35 R21 Air),133.7,65.0,66.1,60.9,60.9,0,41.48,41.48,0,189.5,189.5,0,382,0,382
2024,Mercedes Benz,MBX,PV,Passenger Vehicles,4820,N,N,Y,Mercedes Benz,MBX,Mercedes-Benz,1,S 580 e 4MATIC,980,2024,1,S 580e 4MATIC (1 - 255/45 R19 Air),126.6,65.2,66.3,57.8,57.8,0,41.48,41.48,0,189.5,189.5,0,696,0,696
2024,Mercedes Benz,MBX,PV,Passenger Vehicles,4820,N,N,Y,Mercedes Benz,MBX,Mercedes-Benz,1,S 580 e 4MATIC,980,2024,2,S 580e 4MATIC (2 - 285/35 R20 Air),126.6,65.0,65.0,57.1,57.1,0,41.48,41.48,0,189.5,189.5,0,654,0,654
2024,Mitsubishi Motors Corporation,MTX,LT,Light Trucks,4724,N,N,Y,Mitsubishi Motors Corporation,MTX,Mitsubishi Motors Corporation,1,ECLIPSE CROSS 4WD,195,2024,1,ECLIPSE CROSS 4WD Tire Size 18 inch,105.1,60.6,60.6,44.2,44.2,0,41.79,41.79,0,184.0,184.0,0,15968,,15968
2024,Mitsubishi Motors Corporation,MTX,LT,Light Trucks,4724,N,N,Y,Mitsubishi Motors Corporation,MTX,Mitsubishi Motors Corporation,1,ECLIPSE CROSS ES 4WD,196,2024,1,ECLIPSE CROSS ES 4WD Tire Size 16 inch,105.1,60.6,60.6,44.2,44.2,0,41.79,41.79,0,184.0,184.0,0,2675,,2675
2024,Mitsubishi Motors Corporation,MTX,LT,Light Trucks,4724,N,N,Y,Mitsubishi Motors Corporation,MTX,Mitsubishi Motors Corporation,1,Outlander PHEV,157,2024,1,Outlander PHEV Tire Size 18 inch,106.5,62.7,63.0,46.4,46.4,0,40.12,40.12,0,192.3,192.3,0,1244,,1244
2024,Mitsubishi Motors Corporation,MTX,LT,Light Trucks,4724,N,N,Y,Mitsubishi Motors Corporation,MTX,Mitsubishi Motors Corporation,1,Outlander PHEV,157,2024,2,Outlander PHEV Tire Size 20 inch,106.5,62.7,63.0,46.4,46.4,0,40.12,40.12,0,192.3,192.3,0,4511,,4511
2024,Mitsubishi Motors Corporation,MTX,LT,Light Trucks,4724,N,N,Y,Mitsubishi Motors Corporation,MTX,Mitsubishi Motors Corporation,1,Outlander Sport 4WD,175,2024,1,Outlander Sport 4WD Tire Size 16 inch,105.1,60.0,60.0,43.8,43.8,0,42.11,42.11,0,182.5,182.5,0,2534,,2534
2024,Mitsubishi Motors Corporation,MTX,LT,Light Trucks,4724,N,N,Y,Mitsubishi Motors Corporation,MTX,Mitsubishi Motors Corporation,1,Outlander Sport 4WD,175,2024,2,Outlander Sport 4WD Tire Size 18 inch,105.1,60.6,60.6,44.2,44.2,0,41.79,41.79,0,184.0,184.0,0,21877,,21877
2024,Mitsubishi Motors Corporation,MTX,LT,Light Trucks,4724,N,N,Y,"Nissan Motor Co., Ltd.",NSX,MITSUBISHI MOTORS,5,Outlander 2WD,106,2024,1,Outlander 2WD,106.5,62.7,63.1,46.5,46.5,0,40.05,40.05,0,192.7,192.7,0,31597,,31597
2024,Mitsubishi Motors Corporation,MTX,LT,Light Trucks,4724,N,N,Y,"Nissan Motor Co., Ltd.",NSX,MITSUBISHI MOTORS,5,Outlander 4WD,107,2024,1,Outlander 4WD,106.5,62.7,63.1,46.5,46.5,0,40.05,40.05,0,192.7,192.7,0,33487,,33487
2024,Mitsubishi Motors Corporation,MTX,PV,Passenger Vehicles,4757,N,N,Y,Mitsubishi Motors Corporation,MTX,Mitsubishi Motors Corporation,1,ECLIPSE CROSS 2WD,190,2024,1,ECLIPSE CROSS 2WD Tire Size 18 inch,105.1,60.8,60.8,44.4,44.4,0,51.49,51.49,0,150.1,150.1,0,50,,50
2024,Mitsubishi Motors Corporation,MTX,PV,Passenger Vehicles,4757,N,N,Y,Mitsubishi Motors Corporation,MTX,Mitsubishi Motors Corporation,1,MIRAGE,20,2024,1,MIRAGE Tire Size 14 inch,96.5,56.3,55.7,37.5,37.5,0,55.44,55.44,0,138.6,138.6,0,33975,,33975
2024,Mitsubishi Motors Corporation,MTX,PV,Passenger Vehicles,4757,N,N,Y,Mitsubishi Motors Corporation,MTX,Mitsubishi Motors Corporation,1,MIRAGE G4,21,2024,1,MIRAGE G4 Tire Size 14 inch,100.4,56.9,56.3,39.5,39.5,0,55.44,55.44,0,138.6,138.6,0,20170,,20170
2024,Mitsubishi Motors Corporation,MTX,PV,Passenger Vehicles,4757,N,N,Y,Mitsubishi Motors Corporation,MTX,Mitsubishi Motors Corporation,1,Outlander Sport 2WD,170,2024,1,Outlander Sport 2WD Tire Size 16 inch,105.1,60.0,60.0,43.8,43.8,0,52.14,52.14,0,148.1,148.1,0,27,,27
2024,Mitsubishi Motors Corporation,MTX,PV,Passenger Vehicles,4757,N,N,Y,Mitsubishi Motors Corporation,MTX,Mitsubishi Motors Corporation,1,Outlander Sport 2WD,170,2024,2,Outlander Sport 2WD Tire Size 18 inch,105.1,60.6,60.6,44.2,44.2,0,51.70,51.70,0,149.4,149.4,0,230,,230
2024,"Nissan Motor Co., Ltd.",NSX,LT,Light Trucks,4704,N,N,Y,"Nissan Motor Co., Ltd.",NSX,INFINITI,2,QX50 AWD,111,2024,1,QX50 AWD,110.2,64.4,64.2,49.2,49.2,0,38.18,38.18,0,202.9,202.9,0,5019,,5019
2024,"Nissan Motor Co., Ltd.",NSX,LT,Light Trucks,4704,N,N,Y,"Nissan Motor Co., Ltd.",NSX,INFINITI,2,QX55 AWD,114,2024,1,QX55 AWD,110.2,64.0,63.8,48.9,48.9,0,38.38,38.38,0,201.8,201.8,0,2165,,2165
2024,"Nissan Motor Co., Ltd.",NSX,LT,Light Trucks,4704,N,N,Y,"Nissan Motor Co., Ltd.",NSX,INFINITI,2,QX60 AWD,141,2024,1,"QX60 AWD (255/50 R20,255/60 R18)",114.2,66.9,66.9,53.1,53.1,0,35.78,35.78,0,217.6,217.6,0,16989,,16989
2024,"Nissan Motor Co., Ltd.",NSX,LT,Light Trucks,4704,N,N,Y,"Nissan Motor Co., Ltd.",NSX,INFINITI,2,QX60 FWD,140,2024,1,"QX60 FWD (255/50 R20,255/60 R18)",114.2,66.9,66.9,53.1,53.1,0,35.78,35.78,0,217.6,217.6,0,8191,,8191
2024,"Nissan Motor Co., Ltd.",NSX,LT,Light Trucks,4704,N,N,Y,"Nissan Motor Co., Ltd.",NSX,INFINITI,2,QX80 2WD,120,2024,1,"QX80 2WD (275/60 R20,275/50 R22)",121.1,67.5,67.9,56.9,56.9,0,33.71,33.71,0,231.9,231.9,0,758,,758
2024,"Nissan Motor Co., Ltd.",NSX,LT,Light Trucks,4704,N,N,Y,"Nissan Motor Co., Ltd.",NSX,INFINITI,2,QX80 4WD,121,2024,1,"QX80 4WD (275/60 R20,275/50 R22)",121.1,67.5,67.9,56.9,56.9,0,33.71,33.71,0,231.9,231.9,0,7920,,7920
2024,"Nissan Motor Co., Ltd.",NSX,LT,Light Trucks,4704,N,N,Y,"Nissan Motor Co., Ltd.",NSX,NISSAN,1,ARMADA 2WD,116,2024,1,ARMADA 2WD (265/70R18 or 275/60R20 or 275/50R22 tire),121.1,67.5,67.9,56.9,56.9,0,33.71,33.71,0,231.9,231.9,0,6503,,6503
2024,"Nissan Motor Co., Ltd.",NSX,LT,Light Trucks,4704,N,N,Y,"Nissan Motor Co., Ltd.",NSX,NISSAN,1,ARMADA 4WD,117,2024,1,ARMADA 4WD (265/70R18 or 275/60R20 or  275/50R22 tire),121.1,67.5,67.9,56.9,56.9,0,33.71,33.71,0,231.9,231.9,0,8729,,8729
2024,"Nissan Motor Co., Ltd.",NSX,LT,Light Trucks,4704,N,N,Y,"Nissan Motor Co., Ltd.",NSX,NISSAN,1,FRONTIER 2WD,108,2024,1,FRONTIER 2WD (265/65R17 or 265/70R16 or 265/70R17 tire),126.0,61.8,61.8,54.1,54.1,0,35.21,35.21,0,221.4,221.4,0,31480,,31480
2024,"Nissan Motor Co., Ltd.",NSX,LT,Light Trucks,4704,N,N,Y,"Nissan Motor Co., Ltd.",NSX,NISSAN,1,FRONTIER 2WD,108,2024,2,FRONTIER 2WD (265/65R17 tire),139.8,61.8,61.8,60.0,60.0,0,32.19,32.19,0,243.6,243.6,0,1156,,1156
2024,"Nissan Motor Co., Ltd.",NSX,LT,Light Trucks,4704,N,N,Y,"Nissan Motor Co., Ltd.",NSX,NISSAN,1,FRONTIER 4WD,109,2024,1,FRONTIER 4WD (265/70R16 or 265/70R16 or 265/65R17 tire),126.0,61.8,61.8,54.1,54.1,0,35.21,35.21,0,221.4,221.4,0,20168,,20168
2024,"Nissan Motor Co., Ltd.",NSX,LT,Light Trucks,4704,N,N,Y,"Nissan Motor Co., Ltd.",NSX,NISSAN,1,FRONTIER 4WD,109,2024,2,FRONTIER 4WD (265/65R17 tire),139.8,61.8,61.8,60.0,60.0,0,32.19,32.19,0,243.6,243.6,0,2132,,2132
2024,"Nissan Motor Co., Ltd.",NSX,LT,Light Trucks,4704,N,N,Y,"Nissan Motor Co., Ltd.",NSX,NISSAN,1,FRONTIER 4WD PRO-4X,112,2024,1,FRONTIER 4WD PRO-4X,126.0,61.8,61.8,54.1,54.1,0,35.21,35.21,0,221.4,221.4,0,17712,,17712
2024,"Nissan Motor Co., Ltd.",NSX,LT,Light Trucks,4704,N,N,Y,"Nissan Motor Co., Ltd.",NSX,NISSAN,1,PATHFINDER 2WD,161,2024,1,PATHFINDER 2WD,114.2,66.9,66.9,53.1,53.1,0,35.78,35.78,0,217.6,217.6,0,34705,,34705
2024,"Nissan Motor Co., Ltd.",NSX,LT,Light Trucks,4704,N,N,Y,"Nissan Motor Co., Ltd.",NSX,NISSAN,1,PATHFINDER 4WD,162,2024,1,PATHFINDER 4WD,114.2,66.9,66.9,53.1,53.1,0,35.78,35.78,0,217.6,217.6,0,35072,,35072
2024,"Nissan Motor Co., Ltd.",NSX,LT,Light Trucks,4704,N,N,Y,"Nissan Motor Co., Ltd.",NSX,NISSAN,1,PATHFINDER 4WD PLATINUM,163,2024,1,PATHFINDER 4WD PLATINUM,114.2,66.9,66.9,53.1,53.1,0,35.78,35.78,0,217.6,217.6,0,17550,,17550
2024,"Nissan Motor Co., Ltd.",NSX,LT,Light Trucks,4704,N,N,Y,"Nissan Motor Co., Ltd.",NSX,NISSAN,1,PATHFINDER 4WD ROCK CREEK,164,2024,1,PATHFINDER 4WD ROCK CREEK,114.2,66.7,66.7,52.9,52.9,0,35.89,35.89,0,216.8,216.8,0,14176,,14176
2024,"Nissan Motor Co., Ltd.",NSX,LT,Light Trucks,4704,N,N,Y,"Nissan Motor Co., Ltd.",NSX,NISSAN,1,ROGUE AWD,102,2024,1,ROGUE AWD,106.5,62.4,62.6,46.2,46.2,0,40.27,40.27,0,191.6,191.6,0,73710,,73710
2024,"Nissan Motor Co., Ltd.",NSX,LT,Light Trucks,4704,N,N,Y,"Nissan Motor Co., Ltd.",NSX,NISSAN,1,ROGUE AWD SL/PLATINUM,105,2024,1,ROGUE AWD SL/PLATINUM,106.5,62.4,62.6,46.2,46.2,0,40.27,40.27,0,191.6,191.6,0,20951,,20951
2024,"Nissan Motor Co., Ltd.",NSX,LT,Light Trucks,4704,N,N,Y,"Nissan Motor Co., Ltd.",NSX,NISSAN,1,TITAN 2WD,151,2024,1,"TITAN 2WD (P265/70R18,P275/60R20 tire)",139.8,67.9,67.9,65.9,65.9,0,29.64,29.64,0,265.8,265.8,0,2786,,2786
2024,"Nissan Motor Co., Ltd.",NSX,LT,Light Trucks,4704,N,N,Y,"Nissan Motor Co., Ltd.",NSX,NISSAN,1,TITAN 2WD,151,2024,2,TITAN 2WD (P275/60R20 tire),139.8,68.1,68.1,66.1,66.1,0,29.56,29.56,0,266.6,266.6,0,121,,121
2024,"Nissan Motor Co., Ltd.",NSX,LT,Light Trucks,4704,N,N,Y,"Nissan Motor Co., Ltd.",NSX,NISSAN,1,TITAN 4WD,152,2024,1,TITAN 4WD(P265/70R18 or P275/60R20 tire),139.8,67.9,67.9,65.9,65.9,0,29.64,29.64,0,265.8,265.8,0,5894,,5894
2024,"Nissan Motor Co., Ltd.",NSX,LT,Light Trucks,4704,N,N,Y,"Nissan Motor Co., Ltd.",NSX,NISSAN,1,TITAN 4WD,152,2024,2,TITAN 4WD(P275/60R20 tire),139.8,68.1,68.1,66.1,66.1,0,29.56,29.56,0,266.6,266.6,0,989,,989
2024,"Nissan Motor Co., Ltd.",NSX,LT,Light Trucks,4704,N,N,Y,"Nissan Motor Co., Ltd.",NSX,NISSAN,1,TITAN 4WD PRO-4X,155,2024,1,TITAN 4WD PRO-4X,139.8,68.1,68.1,66.1,66.1,0,29.56,29.56,0,266.6,266.6,0,6547,,6547
2024,"Nissan Motor Co., Ltd.",NSX,PV,Passenger Vehicles,4705,N,N,Y,"Nissan Motor Co., Ltd.",NSX,INFINITI,2,Q50,47,2024,1,Q50 (245/40RF19 tire),112.2,60.4,61.4,47.5,47.5,0,48.36,48.36,0,160.6,160.6,0,471,,471
2024,"Nissan Motor Co., Ltd.",NSX,PV,Passenger Vehicles,4705,N,N,Y,"Nissan Motor Co., Ltd.",NSX,INFINITI,2,Q50,47,2024,2,Q50 (225/50RF18 tire),112.2,60.8,61.8,47.8,47.8,0,48.08,48.08,0,161.6,161.6,0,1576,,1576
2024,"Nissan Motor Co., Ltd.",NSX,PV,Passenger Vehicles,4705,N,N,Y,"Nissan Motor Co., Ltd.",NSX,INFINITI,2,Q50 AWD,49,2024,1,Q50 AWD (245/40RF19 tire),112.2,60.4,61.4,47.5,47.5,0,48.36,48.36,0,160.6,160.6,0,477,,477
2024,"Nissan Motor Co., Ltd.",NSX,PV,Passenger Vehicles,4705,N,N,Y,"Nissan Motor Co., Ltd.",NSX,INFINITI,2,Q50 AWD,49,2024,2,Q50 AWD (225/50RF18 tire),112.2,60.8,61.8,47.8,47.8,0,48.08,48.08,0,161.6,161.6,0,1622,,1622
2024,"Nissan Motor Co., Ltd.",NSX,PV,Passenger Vehicles,4705,N,N,Y,"Nissan Motor Co., Ltd.",NSX,INFINITI,2,Q50 AWD RED SPORT,69,2024,1,Q50 AWD RED SPORT,112.2,60.8,61.6,47.7,47.7,0,48.17,48.17,0,161.3,161.3,0,666,,666
2024,"Nissan Motor Co., Ltd.",NSX,PV,Passenger Vehicles,4705,N,N,Y,"Nissan Motor Co., Ltd.",NSX,INFINITI,2,Q50 RED SPORT,68,2024,1,Q50 RED SPORT (245/40RF19-265/35RF19 tire),112.2,60.6,61.4,47.5,47.5,0,48.36,48.36,0,160.6,160.6,0,578,,578
2024,"Nissan Motor Co., Ltd.",NSX,PV,Passenger Vehicles,4705,N,N,Y,"Nissan Motor Co., Ltd.",NSX,INFINITI,2,QX50,110,2024,1,QX50,110.2,64.4,64.2,49.2,49.2,0,46.80,46.80,0,166.4,166.4,0,4994,,4994
2024,"Nissan Motor Co., Ltd.",NSX,PV,Passenger Vehicles,4705,N,N,Y,"Nissan Motor Co., Ltd.",NSX,NISSAN,1,ALTIMA,4,2024,1,"ALTIMA, 215/60R16",111.2,63.6,63.6,49.1,49.1,0,46.89,46.89,0,166.0,166.0,0,20479,,20479
2024,"Nissan Motor Co., Ltd.",NSX,PV,Passenger Vehicles,4705,N,N,Y,"Nissan Motor Co., Ltd.",NSX,NISSAN,1,ALTIMA,4,2024,2,"ALTIMA, 215/55R17",111.2,63.2,63.2,48.8,48.8,0,47.16,47.16,0,165.0,165.0,0,48018,,48018
2024,"Nissan Motor Co., Ltd.",NSX,PV,Passenger Vehicles,4705,N,N,Y,"Nissan Motor Co., Ltd.",NSX,NISSAN,1,ALTIMA AWD,5,2024,1,"ALTIMA AWD, 215/55R17",111.2,63.2,63.2,48.8,48.8,0,47.16,47.16,0,165.0,165.0,0,8595,,8595
2024,"Nissan Motor Co., Ltd.",NSX,PV,Passenger Vehicles,4705,N,N,Y,"Nissan Motor Co., Ltd.",NSX,NISSAN,1,ALTIMA AWD,5,2024,2,"ALTIMA AWD, 235/40R19",111.2,62.8,62.8,48.5,48.5,0,47.43,47.43,0,164.0,164.0,0,12909,,12909
2024,"Nissan Motor Co., Ltd.",NSX,PV,Passenger Vehicles,4705,N,N,Y,"Nissan Motor Co., Ltd.",NSX,NISSAN,1,ALTIMA SL/SR,46,2024,1,ALTIMA SL/SR,111.2,62.8,62.8,48.5,48.5,0,47.43,47.43,0,164.0,164.0,0,35117,,35117
2024,"Nissan Motor Co., Ltd.",NSX,PV,Passenger Vehicles,4705,N,N,Y,"Nissan Motor Co., Ltd.",NSX,NISSAN,1,ALTIMA SR,45,2024,1,ALTIMA SR,111.2,62.8,62.8,48.5,48.5,0,47.43,47.43,0,164.0,164.0,0,2895,,2895
2024,"Nissan Motor Co., Ltd.",NSX,PV,Passenger Vehicles,4705,N,N,Y,"Nissan Motor Co., Ltd.",NSX,NISSAN,1,ARIYA ENGAGE FWD 63kWh,80,2024,1,ARIYA ENGAGE FWD 63kWh,109.3,64.4,64.6,49.0,49.0,0,46.98,46.98,0,165.7,165.7,0,1962,,1962
2024,"Nissan Motor Co., Ltd.",NSX,PV,Passenger Vehicles,4705,N,N,Y,"Nissan Motor Co., Ltd.",NSX,NISSAN,1,ARIYA ENGAGE e-4ORCE 63kWh,81,2024,1,ARIYA ENGAGE e-4ORCE 63kWh,109.3,64.4,64.6,49.0,49.0,0,46.98,46.98,0,165.7,165.7,0,2527,,2527
2024,"Nissan Motor Co., Ltd.",NSX,PV,Passenger Vehicles,4705,N,N,Y,"Nissan Motor Co., Ltd.",NSX,NISSAN,1,ARIYA ENGAGE+/EVOLVE+ e-4ORCE 87kWh,84,2024,1,ARIYA ENGAGE+/EVOLVE+ e-4ORCE 87kWh,109.3,64.4,64.6,49.0,49.0,0,46.98,46.98,0,165.7,165.7,0,5690,,5690
2024,"Nissan Motor Co., Ltd.",NSX,PV,Passenger Vehicles,4705,N,N,Y,"Nissan Motor Co., Ltd.",NSX,NISSAN,1,ARIYA EVOLVE+/EMPOWER+ FWD 87kWh,89,2024,1,ARIYA EVOLVE+/EMPOWER+ FWD 87kWh,109.3,64.4,64.6,49.0,49.0,0,46.98,46.98,0,165.7,165.7,0,3008,,3008
2024,"Nissan Motor Co., Ltd.",NSX,PV,Passenger Vehicles,4705,N,N,Y,"Nissan Motor Co., Ltd.",NSX,NISSAN,1,ARIYA PLATINUM+ e-4ORCE 87kWh 19in. Wheels,85,2024,1,ARIYA PLATINUM+ e-4ORCE 87kWh 19 Wheels,109.3,64.4,64.6,49.0,49.0,0,46.98,46.98,0,165.7,165.7,0,1935,,1935
2024,"Nissan Motor Co., Ltd.",NSX,PV,Passenger Vehicles,4705,N,N,Y,"Nissan Motor Co., Ltd.",NSX,NISSAN,1,ARIYA PLATINUM+ e-4ORCE 87kWh 20in. Wheels,86,2024,1,ARIYA PLATINUM+ e-4ORCE 87kWh 20 Wheels,109.3,64.0,64.2,48.7,48.7,0,47.25,47.25,0,164.7,164.7,0,641,,641
2024,"Nissan Motor Co., Ltd.",NSX,PV,Passenger Vehicles,4705,N,N,Y,"Nissan Motor Co., Ltd.",NSX,NISSAN,1,ARIYA VENTURE+ FWD 87kWh,82,2024,1,ARIYA VENTURE+ FWD 87kWh,109.3,64.4,64.6,49.0,49.0,0,46.98,46.98,0,165.7,165.7,0,330,,330
2024,"Nissan Motor Co., Ltd.",NSX,PV,Passenger Vehicles,4705,N,N,Y,"Nissan Motor Co., Ltd.",NSX,NISSAN,1,GT-R,20,2024,1,"GT-R, 255/40ZRF20-285/35ZRF20 (Premium, Skyline Edition)",109.4,62.6,63.0,47.7,47.7,0,48.17,48.17,0,161.3,161.3,0,320,,320
2024,"Nissan Motor Co., Ltd.",NSX,PV,Passenger Vehicles,4705,N,N,Y,"Nissan Motor Co., Ltd.",NSX,NISSAN,1,GT-R,20,2024,2,"GT-R, 255/40ZRF20-285/35ZRF20 (T-spec, NISMO)",109.4,63.0,63.0,47.9,47.9,0,47.99,47.99,0,162.0,162.0,0,201,,201
2024,"Nissan Motor Co., Ltd.",NSX,PV,Passenger Vehicles,4705,N,N,Y,"Nissan Motor Co., Ltd.",NSX,NISSAN,1,KICKS,10,2024,1,KICKS,103.1,59.8,60.4,43.0,43.0,0,53.04,53.04,0,145.4,145.4,0,74707,,74707
2024,"Nissan Motor Co., Ltd.",NSX,PV,Passenger Vehicles,4705,N,N,Y,"Nissan Motor Co., Ltd.",NSX,NISSAN,1,LEAF,25,2024,1,LEAF (205/55R16 tire),106.3,60.6,61.2,45.0,45.0,0,50.85,50.85,0,152.2,152.2,0,1442,,1442
2024,"Nissan Motor Co., Ltd.",NSX,PV,Passenger Vehicles,4705,N,N,Y,"Nissan Motor Co., Ltd.",NSX,NISSAN,1,LEAF SV,27,2024,1,LEAF SV,106.3,60.2,60.8,44.7,44.7,0,51.17,51.17,0,151.1,151.1,0,3897,,3897
2024,"Nissan Motor Co., Ltd.",NSX,PV,Passenger Vehicles,4705,N,N,Y,"Nissan Motor Co., Ltd.",NSX,NISSAN,1,MURANO AWD,37,2024,1,"MURANO AWD, 235/55R20, 235/65R18",111.2,64.6,64.6,49.9,49.9,0,46.19,46.19,0,168.8,168.8,0,15669,,15669
2024,"Nissan Motor Co., Ltd.",NSX,PV,Passenger Vehicles,4705,N,N,Y,"Nissan Motor Co., Ltd.",NSX,NISSAN,1,MURANO FWD,36,2024,1,"MURANO FWD, 235/55R20,235/65R18",111.2,64.6,64.6,49.9,49.9,0,46.19,46.19,0,168.8,168.8,0,9957,,9957
2024,"Nissan Motor Co., Ltd.",NSX,PV,Passenger Vehicles,4705,N,N,Y,"Nissan Motor Co., Ltd.",NSX,NISSAN,1,ROGUE FWD,101,2024,1,ROGUE FWD,106.5,62.4,62.6,46.2,46.2,0,49.63,49.63,0,156.2,156.2,0,51857,,51857
2024,"Nissan Motor Co., Ltd.",NSX,PV,Passenger Vehicles,4705,N,N,Y,"Nissan Motor Co., Ltd.",NSX,NISSAN,1,ROGUE FWD SL/PLATINUM,104,2024,1,ROGUE FWD SL/PLATINUM,106.5,62.4,62.6,46.2,46.2,0,49.63,49.63,0,156.2,156.2,0,12735,,12735
2024,"Nissan Motor Co., Ltd.",NSX,PV,Passenger Vehicles,4705,N,N,Y,"Nissan Motor Co., Ltd.",NSX,NISSAN,1,SENTRA,3,2024,1,SENTRA (215/50R17 tire),106.6,61.9,61.8,45.7,45.7,0,50.13,50.13,0,154.5,154.5,0,10047,,10047
2024,"Nissan Motor Co., Ltd.",NSX,PV,Passenger Vehicles,4705,N,N,Y,"Nissan Motor Co., Ltd.",NSX,NISSAN,1,SENTRA,3,2024,2,SENTRA (205/60R16 tire),106.6,62.5,62.4,46.2,46.2,0,49.63,49.63,0,156.2,156.2,0,115210,,115210
2024,"Nissan Motor Co., Ltd.",NSX,PV,Passenger Vehicles,4705,N,N,Y,"Nissan Motor Co., Ltd.",NSX,NISSAN,1,SENTRA SR,11,2024,1,SENTRA SR,106.6,62.3,62.2,46.0,46.0,0,49.83,49.83,0,155.5,155.5,0,27731,,27731
2024,"Nissan Motor Co., Ltd.",NSX,PV,Passenger Vehicles,4705,N,N,Y,"Nissan Motor Co., Ltd.",NSX,NISSAN,1,VERSA,2,2024,1,"VERSA, 205/50R17",103.1,59.3,59.6,42.5,42.5,0,53.61,53.61,0,143.7,143.7,0,8898,,8898
2024,"Nissan Motor Co., Ltd.",NSX,PV,Passenger Vehicles,4705,N,N,Y,"Nissan Motor Co., Ltd.",NSX,NISSAN,1,VERSA,2,2024,2,"VERSA, 205/55R16",103.1,59.6,60.0,42.8,42.8,0,53.27,53.27,0,144.7,144.7,0,23546,,23546
2024,"Nissan Motor Co., Ltd.",NSX,PV,Passenger Vehicles,4705,N,N,Y,"Nissan Motor Co., Ltd.",NSX,NISSAN,1,VERSA,2,2024,3,"VERSA, 195/65R15",103.1,59.8,60.2,43.0,43.0,0,53.04,53.04,0,145.4,145.4,0,16139,,16139
2024,"Nissan Motor Co., Ltd.",NSX,PV,Passenger Vehicles,4705,N,N,Y,"Nissan Motor Co., Ltd.",NSX,NISSAN,1,Z,17,2024,1,"Z, 255/40R19-275/35R19",100.4,61.2,61.6,42.8,42.8,0,53.27,53.27,0,144.7,144.7,0,4738,,4738
2024,"Nissan Motor Co., Ltd.",NSX,PV,Passenger Vehicles,4705,N,N,Y,"Nissan Motor Co., Ltd.",NSX,NISSAN,1,Z,17,2024,2,"Z, 245/45R18",100.4,61.6,62.8,43.4,43.4,0,52.58,52.58,0,146.7,146.7,0,933,,933
2024,"Nissan Motor Co., Ltd.",NSX,PV,Passenger Vehicles,4705,N,N,Y,"Nissan Motor Co., Ltd.",NSX,NISSAN,1,Z NISMO,19,2024,1,"Z NISMO, 255/40R19-275/35R19",100.4,61.8,62.2,43.2,43.2,0,52.81,52.81,0,146.0,146.0,0,1237,,1237
2024,Pagani S.p.A. ,PGN,PV,Passenger Vehicles,4958,N,N,Y,Pagani S.p.A. ,PGN,Certification,1,Pagani Huayra Roaster BC,3,2024,1,Pagani Huayra Roadster BC,110.0,65.0,65.4,49.8,49.8,0,42.60,46.28,3.68,0,168.4,168.4,5,,5
2024,Pagani S.p.A. ,PGN,PV,Passenger Vehicles,4958,N,N,Y,Pagani S.p.A. ,PGN,Certification,1,Pagani Imola,2,2024,1,Pagani Imola,110.0,65.0,65.4,49.8,49.8,0,42.60,46.28,3.68,0,168.4,168.4,1,,1
2024,Pagani S.p.A. ,PGN,PV,Passenger Vehicles,4958,N,N,Y,Pagani S.p.A. ,PGN,Pagani Automobili S.p.A.,3,Pagani Utopia,1,2024,2,Pagani Utopia,110.1,67.2,67.2,51.4,51.4,0,44.40,44.93,0.53,0,173.8,173.8,16,,16
2024,Rivian Automotive LLC,RIV,LT,Light Trucks,4691,N,N,Y,Rivian Automotive LLC,RIV,Rivian,1,R1S AT Performance Dual Standard Plus (20in),590,2024,1,R1S All-Terrain Performance Dual Standard Plus (20in),121.1,68.1,68.1,57.3,57.3,0,33.50,33.50,0,233.4,233.4,0,7,0,7
2024,Rivian Automotive LLC,RIV,LT,Light Trucks,4691,N,N,Y,Rivian Automotive LLC,RIV,Rivian,1,R1S All-Terrain Dual Large (20in),530,2024,1,R1S All-Terrain Dual Large (20in),121.1,68.1,68.1,57.3,57.3,0,33.50,33.50,0,233.4,233.4,0,276,0,276
2024,Rivian Automotive LLC,RIV,LT,Light Trucks,4691,N,N,Y,Rivian Automotive LLC,RIV,Rivian,1,R1S All-Terrain Dual Max (20in),550,2024,1,R1S All-Terrain Dual Max (20in),121.1,68.1,68.1,57.3,57.3,0,33.50,33.50,0,233.4,233.4,0,209,0,209
2024,Rivian Automotive LLC,RIV,LT,Light Trucks,4691,N,N,Y,Rivian Automotive LLC,RIV,Rivian,1,R1S All-Terrain Dual Standard Plus (20in),580,2024,1,R1S All-Terrain Dual Standard Plus (20in),121.1,68.1,68.1,57.3,57.3,0,33.50,33.50,0,233.4,233.4,0,21,0,21
2024,Rivian Automotive LLC,RIV,LT,Light Trucks,4691,N,N,Y,Rivian Automotive LLC,RIV,Rivian,1,R1S All-Terrain Performance Dual Large (20in),540,2024,1,R1S All-Terrain Performance Dual Large (20in),121.1,68.1,68.1,57.3,57.3,0,33.50,33.50,0,233.4,233.4,0,210,0,210
2024,Rivian Automotive LLC,RIV,LT,Light Trucks,4691,N,N,Y,Rivian Automotive LLC,RIV,Rivian,1,R1S All-Terrain Performance Dual Max (20in),560,2024,1,R1S All-Terrain Performance Dual Max (20in),121.1,68.1,68.1,57.3,57.3,0,33.50,33.50,0,233.4,233.4,0,470,0,470
2024,Rivian Automotive LLC,RIV,LT,Light Trucks,4691,N,N,Y,Rivian Automotive LLC,RIV,Rivian,1,R1S All-Terrain Quad Large (20in),547,2024,1,R1S All-Terrain Quad Large (20in),121.1,68.1,68.1,57.3,57.3,0,33.50,33.50,0,233.4,233.4,0,877,0,877
2024,Rivian Automotive LLC,RIV,LT,Light Trucks,4691,N,N,Y,Rivian Automotive LLC,RIV,Rivian,1,R1S Dual Large (21in),531,2024,1,R1S Dual Large (21in),121.1,68.1,68.1,57.3,57.3,0,33.50,33.50,0,233.4,233.4,0,1591,0,1591
2024,Rivian Automotive LLC,RIV,LT,Light Trucks,4691,N,N,Y,Rivian Automotive LLC,RIV,Rivian,1,R1S Dual Large (22in),532,2024,1,R1S Dual Large (22in),121.1,68.1,68.1,57.3,57.3,0,33.50,33.50,0,233.4,233.4,0,608,0,608
2024,Rivian Automotive LLC,RIV,LT,Light Trucks,4691,N,N,Y,Rivian Automotive LLC,RIV,Rivian,1,R1S Dual Max (21in),551,2024,1,R1S Dual Max (21in),121.1,68.1,68.1,57.3,57.3,0,33.50,33.50,0,233.4,233.4,0,599,0,599
2024,Rivian Automotive LLC,RIV,LT,Light Trucks,4691,N,N,Y,Rivian Automotive LLC,RIV,Rivian,1,R1S Dual Max (22in),552,2024,1,R1S Dual Max (22in),121.1,68.1,68.1,57.3,57.3,0,33.50,33.50,0,233.4,233.4,0,305,0,305
2024,Rivian Automotive LLC,RIV,LT,Light Trucks,4691,N,N,Y,Rivian Automotive LLC,RIV,Rivian,1,R1S Dual Standard (21in),571,2024,1,R1S Dual Standard (21in),121.1,68.1,68.1,57.3,57.3,0,33.50,33.50,0,233.4,233.4,0,32,0,32
2024,Rivian Automotive LLC,RIV,LT,Light Trucks,4691,N,N,Y,Rivian Automotive LLC,RIV,Rivian,1,R1S Dual Standard (22in),572,2024,1,R1S Dual Standard (22in),121.1,68.1,68.1,57.3,57.3,0,33.50,33.50,0,233.4,233.4,0,21,0,21
2024,Rivian Automotive LLC,RIV,LT,Light Trucks,4691,N,N,Y,Rivian Automotive LLC,RIV,Rivian,1,R1S Dual Standard Plus (21in),581,2024,1,R1S Dual Standard Plus (21in),121.1,68.1,68.1,57.3,57.3,0,33.50,33.50,0,233.4,233.4,0,61,0,61
2024,Rivian Automotive LLC,RIV,LT,Light Trucks,4691,N,N,Y,Rivian Automotive LLC,RIV,Rivian,1,R1S Dual Standard Plus (22in),582,2024,1,R1S Dual Standard Plus (22in),121.1,68.1,68.1,57.3,57.3,0,33.50,33.50,0,233.4,233.4,0,31,0,31
2024,Rivian Automotive LLC,RIV,LT,Light Trucks,4691,N,N,Y,Rivian Automotive LLC,RIV,Rivian,1,R1S Performance Dual Large (21in),541,2024,1,R1S Performance Dual Large (21in),121.1,68.1,68.1,57.3,57.3,0,33.50,33.50,0,233.4,233.4,0,682,0,682
2024,Rivian Automotive LLC,RIV,LT,Light Trucks,4691,N,N,Y,Rivian Automotive LLC,RIV,Rivian,1,R1S Performance Dual Large (22in),542,2024,1,R1S Performance Dual Large (22in),121.1,68.1,68.1,57.3,57.3,0,33.50,33.50,0,233.4,233.4,0,464,0,464
2024,Rivian Automotive LLC,RIV,LT,Light Trucks,4691,N,N,Y,Rivian Automotive LLC,RIV,Rivian,1,R1S Performance Dual Max (21in),561,2024,1,R1S Performance Dual Max (21in),121.1,68.1,68.1,57.3,57.3,0,33.50,33.50,0,233.4,233.4,0,496,0,496
2024,Rivian Automotive LLC,RIV,LT,Light Trucks,4691,N,N,Y,Rivian Automotive LLC,RIV,Rivian,1,R1S Performance Dual Max (22in),562,2024,1,R1S Performance Dual Max (22in),121.1,68.1,68.1,57.3,57.3,0,33.50,33.50,0,233.4,233.4,0,381,0,381
2024,Rivian Automotive LLC,RIV,LT,Light Trucks,4691,N,N,Y,Rivian Automotive LLC,RIV,Rivian,1,R1S Performance Dual Standard (22in),592,2024,1,R1S Performance Dual Standard Plus (22in),121.1,68.1,68.1,57.3,57.3,0,33.50,33.50,0,233.4,233.4,0,7,0,7
2024,Rivian Automotive LLC,RIV,LT,Light Trucks,4691,N,N,Y,Rivian Automotive LLC,RIV,Rivian,1,R1S Performance Dual Standard Plus (21in),591,2024,1,R1S Performance Dual Standard Plus (21in),121.1,68.1,68.1,57.3,57.3,0,33.50,33.50,0,233.4,233.4,0,12,0,12
2024,Rivian Automotive LLC,RIV,LT,Light Trucks,4691,N,N,Y,Rivian Automotive LLC,RIV,Rivian,1,R1S Quad Large (20in),520,2024,1,R1S Quad Large (20in),121.1,68.1,68.1,57.3,57.3,0,33.50,33.50,0,233.4,233.4,0,0,0,0
2024,Rivian Automotive LLC,RIV,LT,Light Trucks,4691,N,N,Y,Rivian Automotive LLC,RIV,Rivian,1,R1S Quad Large (21in),521,2024,1,R1S Quad Large (21in),121.1,68.1,68.1,57.3,57.3,0,33.50,33.50,0,233.4,233.4,0,4479,0,4479
2024,Rivian Automotive LLC,RIV,LT,Light Trucks,4691,N,N,Y,Rivian Automotive LLC,RIV,Rivian,1,R1S Quad Large (22in),522,2024,1,R1S Quad Large (22in),121.1,68.1,68.1,57.3,57.3,0,33.50,33.50,0,233.4,233.4,0,2600,0,2600
2024,Rivian Automotive LLC,RIV,LT,Light Trucks,4691,N,N,Y,Rivian Automotive LLC,RIV,Rivian,1,R1T AT Performance Dual Standard Plus (20in),790,2024,1,R1T All-Terrain Performance Dual Standard Plus (20in),135.8,68.1,68.1,64.2,64.2,0,30.33,30.33,0,259.4,259.4,0,0,0,0
2024,Rivian Automotive LLC,RIV,LT,Light Trucks,4691,N,N,Y,Rivian Automotive LLC,RIV,Rivian,1,R1T All-Terrain Dual Large (20in),730,2024,1,R1T All-Terrain Dual Large (20in),135.8,68.1,68.1,64.2,64.2,0,30.33,30.33,0,259.4,259.4,0,350,0,350
2024,Rivian Automotive LLC,RIV,LT,Light Trucks,4691,N,N,Y,Rivian Automotive LLC,RIV,Rivian,1,R1T All-Terrain Dual Max (20in),750,2024,1,R1T All-Terrain Dual Max (20in),135.8,68.1,68.1,64.2,64.2,0,30.33,30.33,0,259.4,259.4,0,65,0,65
2024,Rivian Automotive LLC,RIV,LT,Light Trucks,4691,N,N,Y,Rivian Automotive LLC,RIV,Rivian,1,R1T All-Terrain Dual Standard Plus (20in),780,2024,1,R1T All-Terrain Dual Standard Plus (20in),135.8,68.1,68.1,64.2,64.2,0,30.33,30.33,0,259.4,259.4,0,0,0,0
2024,Rivian Automotive LLC,RIV,LT,Light Trucks,4691,N,N,Y,Rivian Automotive LLC,RIV,Rivian,1,R1T All-Terrain Performance Dual Large (20in),740,2024,1,R1T All-Terrain Performance Dual Large (20in),135.8,68.1,68.1,64.2,64.2,0,30.33,30.33,0,259.4,259.4,0,166,0,166
2024,Rivian Automotive LLC,RIV,LT,Light Trucks,4691,N,N,Y,Rivian Automotive LLC,RIV,Rivian,1,R1T All-Terrain Performance Dual Max (20in),760,2024,1,R1T All-Terrain Performance Dual Max (20in),135.8,68.1,68.1,64.2,64.2,0,30.33,30.33,0,259.4,259.4,0,231,0,231
2024,Rivian Automotive LLC,RIV,LT,Light Trucks,4691,N,N,Y,Rivian Automotive LLC,RIV,Rivian,1,R1T All-Terrain Quad Large (20in),747,2024,1,R1T All-Terrain Quad Large (20in),135.8,68.1,68.1,64.2,64.2,0,30.33,30.33,0,259.4,259.4,0,336,0,336
2024,Rivian Automotive LLC,RIV,LT,Light Trucks,4691,N,N,Y,Rivian Automotive LLC,RIV,Rivian,1,R1T Dual Large (21in),731,2024,1,R1T Dual Large (21in),135.8,68.1,68.1,64.2,64.2,0,30.33,30.33,0,259.4,259.4,0,1784,0,1784
2024,Rivian Automotive LLC,RIV,LT,Light Trucks,4691,N,N,Y,Rivian Automotive LLC,RIV,Rivian,1,R1T Dual Large (22in),732,2024,1,R1T Dual Large (22in),135.8,68.1,68.1,64.2,64.2,0,30.33,30.33,0,259.4,259.4,0,216,0,216
2024,Rivian Automotive LLC,RIV,LT,Light Trucks,4691,N,N,Y,Rivian Automotive LLC,RIV,Rivian,1,R1T Dual Max (21in),751,2024,1,R1T Dual Max (21in),135.8,68.1,68.1,64.2,64.2,0,30.33,30.33,0,259.4,259.4,0,111,0,111
2024,Rivian Automotive LLC,RIV,LT,Light Trucks,4691,N,N,Y,Rivian Automotive LLC,RIV,Rivian,1,R1T Dual Max (22in),752,2024,1,R1T Dual Max (22in),135.8,68.1,68.1,64.2,64.2,0,30.33,30.33,0,259.4,259.4,0,40,0,40
2024,Rivian Automotive LLC,RIV,LT,Light Trucks,4691,N,N,Y,Rivian Automotive LLC,RIV,Rivian,1,R1T Dual Standard (21in),771,2024,1,R1T Dual Standard (21in),135.8,68.1,68.1,64.2,64.2,0,30.33,30.33,0,259.4,259.4,0,4,0,4
2024,Rivian Automotive LLC,RIV,LT,Light Trucks,4691,N,N,Y,Rivian Automotive LLC,RIV,Rivian,1,R1T Dual Standard (22in),772,2024,1,R1T Dual Standard (22in),135.8,68.1,68.1,64.2,64.2,0,30.33,30.33,0,259.4,259.4,0,1,0,1
2024,Rivian Automotive LLC,RIV,LT,Light Trucks,4691,N,N,Y,Rivian Automotive LLC,RIV,Rivian,1,R1T Dual Standard Plus (21in),781,2024,1,R1T Dual Standard Plus (21in),135.8,68.1,68.1,64.2,64.2,0,30.33,30.33,0,259.4,259.4,0,4,0,4
2024,Rivian Automotive LLC,RIV,LT,Light Trucks,4691,N,N,Y,Rivian Automotive LLC,RIV,Rivian,1,R1T Dual Standard Plus (22in),782,2024,1,R1T Dual Standard Plus (22in),135.8,68.1,68.1,64.2,64.2,0,30.33,30.33,0,259.4,259.4,0,0,0,0
2024,Rivian Automotive LLC,RIV,LT,Light Trucks,4691,N,N,Y,Rivian Automotive LLC,RIV,Rivian,1,R1T Performance Dual Large (21in),741,2024,1,R1T Performance Dual Large (21in),135.8,68.1,68.1,64.2,64.2,0,30.33,30.33,0,259.4,259.4,0,168,0,168
2024,Rivian Automotive LLC,RIV,LT,Light Trucks,4691,N,N,Y,Rivian Automotive LLC,RIV,Rivian,1,R1T Performance Dual Large (22in),742,2024,1,R1T Performance Dual Large (22in),135.8,68.1,68.1,64.2,64.2,0,30.33,30.33,0,259.4,259.4,0,55,0,55
2024,Rivian Automotive LLC,RIV,LT,Light Trucks,4691,N,N,Y,Rivian Automotive LLC,RIV,Rivian,1,R1T Performance Dual Max (21in),761,2024,1,R1T Performance Dual Max (21in),135.8,68.1,68.1,64.2,64.2,0,30.33,30.33,0,259.4,259.4,0,146,0,146
2024,Rivian Automotive LLC,RIV,LT,Light Trucks,4691,N,N,Y,Rivian Automotive LLC,RIV,Rivian,1,R1T Performance Dual Max (22in),762,2024,1,R1T Performance Dual Max (22in),135.8,68.1,68.1,64.2,64.2,0,30.33,30.33,0,259.4,259.4,0,106,0,106
2024,Rivian Automotive LLC,RIV,LT,Light Trucks,4691,N,N,Y,Rivian Automotive LLC,RIV,Rivian,1,R1T Performance Dual Standard Plus (21in),791,2024,1,R1T Performance Dual Standard Plus (21in),135.8,68.1,68.1,64.2,64.2,0,30.33,30.33,0,259.4,259.4,0,0,0,0
2024,Rivian Automotive LLC,RIV,LT,Light Trucks,4691,N,N,Y,Rivian Automotive LLC,RIV,Rivian,1,R1T Performance Dual Standard Plus (22in),792,2024,1,R1T Performance Dual Standard Plus (22in),135.8,68.1,68.1,64.2,64.2,0,30.33,30.33,0,259.4,259.4,0,0,0,0
2024,Rivian Automotive LLC,RIV,LT,Light Trucks,4691,N,N,Y,Rivian Automotive LLC,RIV,Rivian,1,R1T Quad Large (20in),720,2024,1,R1T Quad Large (20in),135.8,68.1,68.1,64.2,64.2,0,30.33,30.33,0,259.4,259.4,0,0,0,0
2024,Rivian Automotive LLC,RIV,LT,Light Trucks,4691,N,N,Y,Rivian Automotive LLC,RIV,Rivian,1,R1T Quad Large (21in),721,2024,1,R1T Quad Large (21in),135.8,68.1,68.1,64.2,64.2,0,30.33,30.33,0,259.4,259.4,0,311,0,311
2024,Rivian Automotive LLC,RIV,LT,Light Trucks,4691,N,N,Y,Rivian Automotive LLC,RIV,Rivian,1,R1T Quad Large (22in),722,2024,1,R1T Quad Large (22in),135.8,68.1,68.1,64.2,64.2,0,30.33,30.33,0,259.4,259.4,0,152,0,152
2024,Subaru Corporation,FJX,LT,Light Trucks,4777,N,N,Y,Subaru Corporation,FJX,Subaru,1,ASCENT AWD,100,2024,1,"Ascent, standard SUV",113.8,64.4,64.2,50.8,50.8,0,37.16,37.16,0,208.9,208.9,0,14190,,14190
2024,Subaru Corporation,FJX,LT,Light Trucks,4777,N,N,Y,Subaru Corporation,FJX,Subaru,1,ASCENT LIMITED/TOURING/ONYX EDITION AWD,105,2024,1,"Ascent Limited/Touring/Onyx, standard SUV",113.8,64.4,64.2,50.8,50.8,0,37.16,37.16,0,208.9,208.9,0,48745,,48745
2024,Subaru Corporation,FJX,LT,Light Trucks,4777,N,N,Y,Subaru Corporation,FJX,Subaru,1,CROSSTREK AWD,35,2024,1,"Crosstrek, small SUV",105.1,61.2,61.2,44.7,44.7,0,41.40,41.40,0,185.9,185.9,0,264789,,264789
2024,Subaru Corporation,FJX,LT,Light Trucks,4777,N,N,Y,Subaru Corporation,FJX,Subaru,1,CROSSTREK WILDERNESS AWD,130,2024,1,"Crosstrek Wilderness, small SUV",104.9,61.0,60.8,44.4,44.4,0,41.63,41.63,0,184.8,184.8,0,38373,,38373
2024,Subaru Corporation,FJX,LT,Light Trucks,4777,N,N,Y,Subaru Corporation,FJX,Subaru,1,FORESTER AWD,95,2024,1,"Forester, small SUV",105.1,61.6,61.8,45.0,45.0,0,41.17,41.17,0,187.0,187.0,0,95833,,95833
2024,Subaru Corporation,FJX,LT,Light Trucks,4777,N,N,Y,Subaru Corporation,FJX,Subaru,1,FORESTER WILDERNESS AWD,120,2024,1,"Forester Wilderness, small SUV",104.9,61.4,61.4,44.7,44.7,0,41.40,41.40,0,185.9,185.9,0,25087,,25087
2024,Subaru Corporation,FJX,LT,Light Trucks,4777,N,N,Y,Subaru Corporation,FJX,Subaru,1,OUTBACK AWD,70,2024,1,"Outback, small SUV",108.1,61.8,62.8,46.8,46.8,0,39.83,39.83,0,193.8,193.8,0,158638,,158638
2024,Subaru Corporation,FJX,LT,Light Trucks,4777,N,N,Y,Subaru Corporation,FJX,Subaru,1,OUTBACK WILDERNESS AWD,110,2024,1,"Outback Wilderness, small SUV",108.1,62.0,63.0,46.9,46.9,0,39.76,39.76,0,194.2,194.2,0,28108,,28108
2024,Subaru Corporation,FJX,LT,Light Trucks,4777,N,N,Y,Subaru Corporation,FJX,Subaru,1,SOLTERRA AWD,42,2024,1,"SOLTERRA, small SUV",112.2,63.0,63.4,49.2,49.2,0,38.18,38.18,0,202.9,202.9,0,6035,,6035
2024,Subaru Corporation,FJX,LT,Light Trucks,4777,N,N,Y,Subaru Corporation,FJX,Subaru,1,SOLTERRA LIMITED/TOURING AWD,43,2024,1,"SOLTERRA LIMITED/TOURING, small SUV",112.2,63.0,63.4,49.2,49.2,0,38.18,38.18,0,202.9,202.9,0,8599,,8599
2024,Subaru Corporation,FJX,PV,Passenger Vehicles,4778,N,N,Y,Subaru Corporation,FJX,Subaru,1,BRZ,10,2024,1,BRZ,101.4,59.8,61.0,42.5,42.5,0,53.61,53.61,0,143.7,143.7,0,3114,,3114
2024,Subaru Corporation,FJX,PV,Passenger Vehicles,4778,N,N,Y,Subaru Corporation,FJX,Subaru,1,IMPREZA,55,2024,1,Impreza,105.1,60.6,60.8,44.3,44.3,0,51.60,51.60,0,149.8,149.8,0,52790,,52790
2024,Subaru Corporation,FJX,PV,Passenger Vehicles,4778,N,N,Y,Subaru Corporation,FJX,Subaru,1,LEGACY,65,2024,1,Legacy,108.3,62.2,63.4,47.2,47.2,0,48.65,48.65,0,159.6,159.6,0,26936,,26936
2024,Subaru Corporation,FJX,PV,Passenger Vehicles,4778,N,N,Y,Subaru Corporation,FJX,Subaru,1,WRX,25,2024,1,"WRX , 235/45R17",105.2,61.5,61.7,45.0,45.0,0,50.85,50.85,0,152.2,152.2,0,3704,,3704
2024,Subaru Corporation,FJX,PV,Passenger Vehicles,4778,N,N,Y,Subaru Corporation,FJX,Subaru,1,WRX,25,2024,2,"WRX , 245/40R18",105.2,61.5,61.8,45.0,45.0,0,50.85,50.85,0,152.2,152.2,0,14117,,14117
2024,"Tesla, Inc.",TSL,LT,Light Trucks,4961,N,N,N,"Tesla, Inc.",TSL,Tesla Motors,1,Model X,73,2024,2,MY2024 Model X LT,116.7,67.5,68.3,55.0,55.0,0,34.71,34.71,0,224.8,224.8,0,2817,,2817
2024,"Tesla, Inc.",TSL,LT,Light Trucks,4961,N,N,N,"Tesla, Inc.",TSL,Tesla Motors,1,Model Y Long Range AWD,45,2024,2,MY2024 MY LR AWD LT,113.8,64.6,64.8,51.1,51.1,0,36.97,36.97,0,210.0,210.0,0,33468,,33468
2024,"Tesla, Inc.",TSL,LT,Light Trucks,4961,N,N,N,"Tesla, Inc.",TSL,Tesla Motors,1,Model Y Long Range AWD-I,46,2024,2,MY2024 MY LR AWD-I LT,113.8,64.6,64.8,51.1,51.1,0,36.97,36.97,0,210.0,210.0,0,2475,,2475
2024,"Tesla, Inc.",TSL,PV,Passenger Vehicles,4960,N,N,N,"Tesla, Inc.",TSL,Tesla Motors,1,Model 3 Long Range AWD,92,2024,1,MY2024 M3 LR AWD,113.2,62.5,62.8,49.3,49.2,0.1,46.71,46.80,0.09,166.7,166.4,0.3,17274,,17274
2024,"Tesla, Inc.",TSL,PV,Passenger Vehicles,4960,N,N,N,"Tesla, Inc.",TSL,Tesla Motors,1,Model 3 Long Range AWD-E,93,2024,1,MY2024 M3 LR AWD-E,113.2,62.5,62.8,49.3,49.2,0.1,46.71,46.80,0.09,166.7,166.4,0.3,21284,,21284
2024,"Tesla, Inc.",TSL,PV,Passenger Vehicles,4960,N,N,N,"Tesla, Inc.",TSL,Tesla Motors,1,Model 3 Long Range RWD,81,2024,1,MY2024 M3 LR RWD,113.2,62.5,62.8,49.3,49.2,0.1,46.71,46.80,0.09,166.7,166.4,0.3,17905,,17905
2024,"Tesla, Inc.",TSL,PV,Passenger Vehicles,4960,N,N,N,"Tesla, Inc.",TSL,Tesla Motors,1,Model 3 Performance AWD,95,2024,1,MY2024 M3 Perf AWD,113.2,62.6,61.8,48.9,48.9,0,47.07,47.07,0,165.4,165.4,0,17968,,17968
2024,"Tesla, Inc.",TSL,PV,Passenger Vehicles,4960,N,N,N,"Tesla, Inc.",TSL,Tesla Motors,1,Model 3 RWD,80,2024,1,MY2024 M3 RWD,113.2,62.5,62.8,49.3,49.2,0.1,46.71,46.80,0.09,166.7,166.4,0.3,43824,,43824
2024,"Tesla, Inc.",TSL,PV,Passenger Vehicles,4960,N,N,N,"Tesla, Inc.",TSL,Tesla Motors,1,Model S,58,2024,1,MY2024 Model S PV,116.5,66.9,67.4,54.4,54.4,0,42.60,42.60,0,184.0,184.0,0,6707,,6707
2024,"Tesla, Inc.",TSL,PV,Passenger Vehicles,4960,N,N,N,"Tesla, Inc.",TSL,Tesla Motors,1,Model S Plaid (19&quot; Wheels),60,2024,1,MY2024 Model S Plaid 19,116.5,66.9,67.4,54.4,54.4,0,42.60,42.60,0,184.0,184.0,0,1443,,1443
2024,"Tesla, Inc.",TSL,PV,Passenger Vehicles,4960,N,N,N,"Tesla, Inc.",TSL,Tesla Motors,1,Model S Plaid (21&quot; Wheels),59,2024,1,MY2024 Model S Plaid 21,116.5,66.9,67.4,54.4,54.4,0,42.60,42.60,0,184.0,184.0,0,1886,,1886
2024,"Tesla, Inc.",TSL,PV,Passenger Vehicles,4960,N,N,N,"Tesla, Inc.",TSL,Tesla Motors,1,Model X,73,2024,1,MY2024 Model X PV,116.7,67.5,68.3,55.0,55.0,0,42.17,42.17,0,186.1,186.0,0.1,12856,,12856
2024,"Tesla, Inc.",TSL,PV,Passenger Vehicles,4960,N,N,N,"Tesla, Inc.",TSL,Tesla Motors,1,Model X Plaid (20&quot; Wheels),76,2024,1,MY2024 Model X Plaid 20,116.7,67.5,68.3,55.0,55.0,0,42.17,42.17,0,186.1,186.0,0.1,2133,,2133
2024,"Tesla, Inc.",TSL,PV,Passenger Vehicles,4960,N,N,N,"Tesla, Inc.",TSL,Tesla Motors,1,Model X Plaid (22&quot; Wheels),74,2024,1,MY2024 Model X Plaid 22,116.7,67.5,68.3,55.0,55.0,0,42.17,42.17,0,186.1,186.0,0.1,1089,,1089
2024,"Tesla, Inc.",TSL,PV,Passenger Vehicles,4960,N,N,N,"Tesla, Inc.",TSL,Tesla Motors,1,Model Y Long Range AWD,45,2024,1,MY2024 MY LR AWD PV,113.8,64.6,64.8,51.1,51.1,0,45.18,45.18,0,172.8,172.8,0,139779,,139779
2024,"Tesla, Inc.",TSL,PV,Passenger Vehicles,4960,N,N,N,"Tesla, Inc.",TSL,Tesla Motors,1,Model Y Long Range AWD-I,46,2024,1,MY2024 MY LR AWD-I PV,113.8,64.6,64.8,51.1,51.1,0,45.18,45.18,0,172.8,172.8,0,11005,,11005
2024,"Tesla, Inc.",TSL,PV,Passenger Vehicles,4960,N,N,N,"Tesla, Inc.",TSL,Tesla Motors,1,Model Y Long Range RWD,42,2024,1,MY2024 MY LR RWD,113.8,64.6,64.8,51.1,51.1,0,45.18,45.18,0,172.8,172.8,0,41719,,41719
2024,"Tesla, Inc.",TSL,PV,Passenger Vehicles,4960,N,N,N,"Tesla, Inc.",TSL,Tesla Motors,1,Model Y Performance AWD,47,2024,1,MY2024 MY Perf AWD,113.8,65.1,64.7,51.3,51.3,0,45.09,45.01,0.08,173.2,173.5,0.3,30659,,30659
2024,"Tesla, Inc.",TSL,PV,Passenger Vehicles,4960,N,N,N,"Tesla, Inc.",TSL,Tesla Motors,1,Model Y RWD,41,2024,1,MY2024 MY RWD,113.8,64.6,64.8,51.1,51.1,0,45.18,45.18,0,181.5,172.8,8.7,20940,,20940
2024,Toyota Motor Corporation,TYX,LT,Light Trucks,4773,N,N,Y,Toyota Motor Corporation,TYX,LEXUS,2,GX 550,110,2024,1,GX 550 (VJA252L-GNUZZA),112.2,65.6,65.7,51.1,51.1,0,36.97,36.97,0,210.0,210.0,0,32184,,32184
2024,Toyota Motor Corporation,TYX,LT,Light Trucks,4773,N,N,Y,Toyota Motor Corporation,TYX,LEXUS,2,LX 600,107,2024,1,LX 600 (VJA310L-GKULZA),112.2,66.0,66.1,51.4,51.4,0,36.79,36.79,0,211.2,211.2,0,8099,,8099
2024,Toyota Motor Corporation,TYX,LT,Light Trucks,4773,N,N,Y,Toyota Motor Corporation,TYX,LEXUS,2,NX 250 AWD,165,2024,1,"NX 250 AWD (AAZA25L-AWZLBA,AAZA25L-CWZLBA)",105.9,63.2,64.1,46.8,46.8,0,39.83,39.83,0,193.8,193.8,0,577,,577
2024,Toyota Motor Corporation,TYX,LT,Light Trucks,4773,N,N,Y,Toyota Motor Corporation,TYX,LEXUS,2,NX 350 AWD,167,2024,1,"NX 350 AWD (TAZA25L-AWZLTA,TAZA25L-CWZLTA)",105.9,63.2,64.1,46.8,46.8,0,39.83,39.83,0,193.8,193.8,0,24327,,24327
2024,Toyota Motor Corporation,TYX,LT,Light Trucks,4773,N,N,Y,Toyota Motor Corporation,TYX,LEXUS,2,NX 350h AWD,175,2024,1,"NX 350h AWD (AAZH25L-AWXLBA,AAZH25L-CWXLBA)",105.9,63.2,64.1,46.8,46.8,0,39.83,39.83,0,193.8,193.8,0,26553,,26553
2024,Toyota Motor Corporation,TYX,LT,Light Trucks,4773,N,N,Y,Toyota Motor Corporation,TYX,LEXUS,2,NX 450h+ AWD,170,2024,1,NX 450h+ AWD (AAZH26L-AWXLBA),105.9,63.2,64.1,46.8,46.8,0,39.83,39.83,0,193.8,193.8,0,4640,,4640
2024,Toyota Motor Corporation,TYX,LT,Light Trucks,4773,N,N,Y,Toyota Motor Corporation,TYX,LEXUS,2,RX 350 AWD,145,2024,1,RX 350 AWD (TALA15L-CWZGTA),112.2,65.0,65.6,50.9,50.9,0,37.10,37.10,0,209.3,209.3,0,44964,,44964
2024,Toyota Motor Corporation,TYX,LT,Light Trucks,4773,N,N,Y,Toyota Motor Corporation,TYX,LEXUS,2,RX 350h AWD,155,2024,1,RX 350h AWD (AALH15L-CWXGBA),112.2,65.0,65.6,50.9,50.9,0,37.10,37.10,0,209.3,209.3,0,36109,,36109
2024,Toyota Motor Corporation,TYX,LT,Light Trucks,4773,N,N,Y,Toyota Motor Corporation,TYX,LEXUS,2,RX 450h+ AWD,147,2024,1,RX 450h+ AWD (AALH16L-AWXGBA),112.2,65.0,65.6,50.9,50.9,0,37.10,37.10,0,209.3,209.3,0,4653,,4653
2024,Toyota Motor Corporation,TYX,LT,Light Trucks,4773,N,N,Y,Toyota Motor Corporation,TYX,LEXUS,2,RX 500h AWD,157,2024,1,RX 500h AWD (TALH17L-CWTGTA),112.2,65.0,65.7,51.0,51.0,0,37.03,37.03,0,209.7,209.7,0,8773,,8773
2024,Toyota Motor Corporation,TYX,LT,Light Trucks,4773,N,N,Y,Toyota Motor Corporation,TYX,LEXUS,2,RZ 450e AWD (18inch Wheels),90,2024,1,"RZ 450e AWD (18inch Wheels) (XEBM15L-AWDCSA,XEBM15L-AWDLSA)",112.2,63.4,63.9,49.6,49.6,0,37.92,37.92,0,204.4,204.4,0,2113,,2113
2024,Toyota Motor Corporation,TYX,LT,Light Trucks,4773,N,N,Y,Toyota Motor Corporation,TYX,LEXUS,2,RZ 450e AWD (20inch Wheels),92,2024,1,"RZ 450e AWD (20inch Wheels) (XEBM15L-AWDCSA,XEBM15L-AWDLSA)",112.2,63.4,63.9,49.6,49.6,0,37.92,37.92,0,204.4,204.4,0,953,,953
2024,Toyota Motor Corporation,TYX,LT,Light Trucks,4773,N,N,Y,Toyota Motor Corporation,TYX,LEXUS,2,TX 350,93,2024,1,"TX 350 (TAUA10L-BWZMTA,TAUA10L-BWZNTA)",116.1,67.0,67.4,54.2,54.2,0,35.15,35.15,0,221.7,221.7,0,7848,,7848
2024,Toyota Motor Corporation,TYX,LT,Light Trucks,4773,N,N,Y,Toyota Motor Corporation,TYX,LEXUS,2,TX 350,93,2024,2,TX 350 (TAUA10L-BWZGTA),116.1,67.4,67.8,54.5,54.5,0,34.98,34.98,0,222.9,222.9,0,4835,,4835
2024,Toyota Motor Corporation,TYX,LT,Light Trucks,4773,N,N,Y,Toyota Motor Corporation,TYX,LEXUS,2,TX 350 AWD,94,2024,1,"TX 350 AWD (TAUA15L-BWZMTA,TAUA15L-BWZNTA)",116.1,67.0,67.4,54.2,54.2,0,35.15,35.15,0,221.7,221.7,0,4533,,4533
2024,Toyota Motor Corporation,TYX,LT,Light Trucks,4773,N,N,Y,Toyota Motor Corporation,TYX,LEXUS,2,TX 350 AWD,94,2024,2,TX 350 AWD (TAUA15L-BWZGTA),116.1,67.4,67.8,54.5,54.5,0,34.98,34.98,0,222.9,222.9,0,13857,,13857
2024,Toyota Motor Corporation,TYX,LT,Light Trucks,4773,N,N,Y,Toyota Motor Corporation,TYX,LEXUS,2,TX 500h AWD,95,2024,1,TX 500h AWD (TAUH15L-BWTSTA),116.1,67.4,67.8,54.5,54.5,0,34.98,34.98,0,222.9,222.9,0,6189,,6189
2024,Toyota Motor Corporation,TYX,LT,Light Trucks,4773,N,N,Y,Toyota Motor Corporation,TYX,LEXUS,2,TX 550h+ AWD,99,2024,1,TX 550h+ AWD (GYU15L-BWXGBA),116.1,67.4,67.8,54.5,54.5,0,34.98,34.98,0,222.9,222.9,0,533,,533
2024,Toyota Motor Corporation,TYX,LT,Light Trucks,4773,N,N,Y,Toyota Motor Corporation,TYX,TOYOTA,1,4RUNNER 2WD,101,2024,1,4RUNNER 2WD (GRN280L-GKAGKA),109.8,63.2,63.2,48.2,48.2,0,38.86,38.86,0,199.1,199.1,0,11636,,11636
2024,Toyota Motor Corporation,TYX,LT,Light Trucks,4773,N,N,Y,Toyota Motor Corporation,TYX,TOYOTA,1,4RUNNER 4WD,102,2024,1,4RUNNER 4WD (GRN285L-GKAGKA),109.8,63.2,63.2,48.2,48.2,0,38.86,38.86,0,199.1,199.1,0,89442,,89442
2024,Toyota Motor Corporation,TYX,LT,Light Trucks,4773,N,N,Y,Toyota Motor Corporation,TYX,TOYOTA,1,COROLLA CROSS AWD,95,2024,1,COROLLA CROSS AWD (MXGA15L-AHXEHA),103.9,61.3,61.1,44.2,44.2,0,41.79,41.79,0,184.0,184.0,0,12996,,12996
2024,Toyota Motor Corporation,TYX,LT,Light Trucks,4773,N,N,Y,Toyota Motor Corporation,TYX,TOYOTA,1,COROLLA CROSS AWD,95,2024,2,"COROLLA CROSS AWD (MXGA15L-AHXGHA,MXGA15L-AHXNHA)",103.9,61.7,61.7,44.5,44.5,0,41.56,41.56,0,185.2,185.2,0,16675,,16675
2024,Toyota Motor Corporation,TYX,LT,Light Trucks,4773,N,N,Y,Toyota Motor Corporation,TYX,TOYOTA,1,COROLLA CROSS HYBRID AWD,97,2024,1,"COROLLA CROSS HYBRID AWD (MXGH15L-AHXEBA,MXGH15L-AHXWBA)",103.9,61.3,61.3,44.2,44.2,0,41.79,41.79,0,184.0,184.0,0,15594,,15594
2024,Toyota Motor Corporation,TYX,LT,Light Trucks,4773,N,N,Y,Toyota Motor Corporation,TYX,TOYOTA,1,COROLLA CROSS HYBRID AWD,97,2024,2,"COROLLA CROSS HYBRID AWD (MXGH15L-AHXGBA,MXGH15L-AHXQBA,MXGH15L-AHXSBA)",103.9,61.7,61.7,44.5,44.5,0,41.56,41.56,0,185.2,185.2,0,22031,,22031
2024,Toyota Motor Corporation,TYX,LT,Light Trucks,4773,N,N,Y,Toyota Motor Corporation,TYX,TOYOTA,1,GRAND HIGHLANDER AWD LE/XLE,224,2024,1,"GRAND HIGHLANDER AWD LE/XLE (TASA15L-AWZMTA,TASA15L-AWZNTA)",116.1,67.5,67.9,54.6,54.6,0,34.93,34.93,0,223.2,223.2,0,24212,,24212
2024,Toyota Motor Corporation,TYX,LT,Light Trucks,4773,N,N,Y,Toyota Motor Corporation,TYX,TOYOTA,1,GRAND HIGHLANDER AWD LIMITED/PLATINUM,226,2024,1,"GRAND HIGHLANDER AWD LIMITED/PLATINUM (TASA15L-AWZGTA,TASA15L-AWZZTA)",116.1,67.1,67.5,54.3,54.3,0,35.10,35.10,0,222.1,222.1,0,40633,,40633
2024,Toyota Motor Corporation,TYX,LT,Light Trucks,4773,N,N,Y,Toyota Motor Corporation,TYX,TOYOTA,1,GRAND HIGHLANDER HYBRID,228,2024,1,"GRAND HIGHLANDER HYBRID (AASH10L-AWXMBA,AASH10L-AWXNBA)",116.1,67.5,67.9,54.6,54.6,0,34.93,34.93,0,223.2,223.2,0,1847,,1847
2024,Toyota Motor Corporation,TYX,LT,Light Trucks,4773,N,N,Y,Toyota Motor Corporation,TYX,TOYOTA,1,GRAND HIGHLANDER HYBRID AWD,232,2024,1,"GRAND HIGHLANDER HYBRID AWD (AASH15L-AWXGBA,TASH15L-AWTVTA,TASH15L-AWTZTA)",116.1,67.1,67.5,54.3,54.3,0,35.10,35.10,0,222.1,222.1,0,26733,,26733
2024,Toyota Motor Corporation,TYX,LT,Light Trucks,4773,N,N,Y,Toyota Motor Corporation,TYX,TOYOTA,1,GRAND HIGHLANDER HYBRID AWD,232,2024,2,"GRAND HIGHLANDER HYBRID AWD (AASH15L-AWXMBA,AASH15L-AWXNBA)",116.1,67.5,67.9,54.6,54.6,0,34.93,34.93,0,223.2,223.2,0,10558,,10558
2024,Toyota Motor Corporation,TYX,LT,Light Trucks,4773,N,N,Y,Toyota Motor Corporation,TYX,TOYOTA,1,GRAND HIGHLANDER LE/XLE,220,2024,1,"GRAND HIGHLANDER LE/XLE (TASA10L-AWZMTA,TASA10L-AWZNTA)",116.1,67.5,67.9,54.6,54.6,0,34.93,34.93,0,223.2,223.2,0,10536,,10536
2024,Toyota Motor Corporation,TYX,LT,Light Trucks,4773,N,N,Y,Toyota Motor Corporation,TYX,TOYOTA,1,GRAND HIGHLANDER LIMITED,222,2024,1,GRAND HIGHLANDER LIMITED (TASA10L-AWZGTA),116.1,67.1,67.5,54.3,54.3,0,35.10,35.10,0,222.1,222.1,0,9051,,9051
2024,Toyota Motor Corporation,TYX,LT,Light Trucks,4773,N,N,Y,Toyota Motor Corporation,TYX,TOYOTA,1,HIGHLANDER,130,2024,1,"HIGHLANDER (TXUA70L-ARZGTA,TXUA70L-ARZSTA)",112.2,65.3,65.4,51.0,51.0,0,37.03,37.03,0,209.7,209.7,0,10679,,10679
2024,Toyota Motor Corporation,TYX,LT,Light Trucks,4773,N,N,Y,Toyota Motor Corporation,TYX,TOYOTA,1,HIGHLANDER,130,2024,2,"HIGHLANDER (TXUA70L-ARZMTA,TXUA70L-ARZNTA)",112.2,65.3,65.4,51.0,51.0,0,37.03,37.03,0,209.7,209.7,0,16981,,16981
2024,Toyota Motor Corporation,TYX,LT,Light Trucks,4773,N,N,Y,Toyota Motor Corporation,TYX,TOYOTA,1,HIGHLANDER AWD,135,2024,1,"HIGHLANDER AWD (TXUA75L-ARZGTA,TXUA75L-ARZSTA)",112.2,65.3,65.4,51.0,51.0,0,37.03,37.03,0,209.7,209.7,0,17282,,17282
2024,Toyota Motor Corporation,TYX,LT,Light Trucks,4773,N,N,Y,Toyota Motor Corporation,TYX,TOYOTA,1,HIGHLANDER AWD,135,2024,2,"HIGHLANDER AWD (TXUA75L-ARZMTA,TXUA75L-ARZNTA)",112.2,65.3,65.4,51.0,51.0,0,37.03,37.03,0,209.7,209.7,0,25183,,25183
2024,Toyota Motor Corporation,TYX,LT,Light Trucks,4773,N,N,Y,Toyota Motor Corporation,TYX,TOYOTA,1,HIGHLANDER HYBRID,149,2024,1,HIGHLANDER HYBRID (AXUH70L-ARXGHA),112.2,65.3,65.4,51.0,51.0,0,37.03,37.03,0,209.7,209.7,0,1061,,1061
2024,Toyota Motor Corporation,TYX,LT,Light Trucks,4773,N,N,Y,Toyota Motor Corporation,TYX,TOYOTA,1,HIGHLANDER HYBRID,149,2024,2,"HIGHLANDER HYBRID (AXUH70L-ARXMHA,AXUH70L-ARXNHA)",112.2,65.3,65.4,51.0,51.0,0,37.03,37.03,0,209.7,209.7,0,3670,,3670
2024,Toyota Motor Corporation,TYX,LT,Light Trucks,4773,N,N,Y,Toyota Motor Corporation,TYX,TOYOTA,1,HIGHLANDER HYBRID AWD,145,2024,1,"HIGHLANDER HYBRID AWD (AXUH78L-ARXMHA,AXUH78L-ARXNHA)",112.2,65.3,65.4,51.0,51.0,0,37.03,37.03,0,209.7,209.7,0,10254,,10254
2024,Toyota Motor Corporation,TYX,LT,Light Trucks,4773,N,N,Y,Toyota Motor Corporation,TYX,TOYOTA,1,HIGHLANDER HYBRID AWD LTD/PLAT,147,2024,1,HIGHLANDER HYBRID AWD LTD/PLAT (AXUH78L-ARXGHA),112.2,65.3,65.4,51.0,51.0,0,37.03,37.03,0,209.7,209.7,0,10238,,10238
2024,Toyota Motor Corporation,TYX,LT,Light Trucks,4773,N,N,Y,Toyota Motor Corporation,TYX,TOYOTA,1,LAND CRUISER,120,2024,1,LAND CRUISER (TJH250L-GNZUZA),112.2,64.8,64.9,50.5,50.5,0,37.35,37.35,0,207.8,207.8,0,6931,,6931
2024,Toyota Motor Corporation,TYX,LT,Light Trucks,4773,N,N,Y,Toyota Motor Corporation,TYX,TOYOTA,1,LAND CRUISER,120,2024,2,LAND CRUISER (TJH250L-GNZAZA),112.2,65.6,65.7,51.1,51.1,0,36.97,36.97,0,210.0,210.0,0,18100,,18100
2024,Toyota Motor Corporation,TYX,LT,Light Trucks,4773,N,N,Y,Toyota Motor Corporation,TYX,TOYOTA,1,RAV4 AWD,165,2024,1,"RAV4 AWD (AXAA54L-ANZGBA,AXAA54L-ANZVBA,AXAA54L-CNZGBA,AXAA54L-CNZVBA)",105.9,62.6,63.3,46.3,46.3,0,40.20,40.20,0,192.0,192.0,0,15577,,15577
2024,Toyota Motor Corporation,TYX,LT,Light Trucks,4773,N,N,Y,Toyota Motor Corporation,TYX,TOYOTA,1,RAV4 AWD,165,2024,2,"RAV4 AWD (AXAA54L-ANZMBA,AXAA54L-CNZMBA)",105.9,63.0,63.7,46.6,46.6,0,39.98,39.98,0,193.1,193.1,0,84294,,84294
2024,Toyota Motor Corporation,TYX,LT,Light Trucks,4773,N,N,Y,Toyota Motor Corporation,TYX,TOYOTA,1,RAV4 AWD LE,168,2024,1,"RAV4 AWD LE (AXAA54L-ANZXBA,AXAA54L-CNZXBA)",105.9,63.0,63.7,46.6,46.6,0,39.98,39.98,0,193.1,193.1,0,37977,,37977
2024,Toyota Motor Corporation,TYX,LT,Light Trucks,4773,N,N,Y,Toyota Motor Corporation,TYX,TOYOTA,1,RAV4 AWD TRD OFFROAD,167,2024,1,RAV4 AWD TRD OFFROAD (AXAA54L-CNZVBA),105.9,63.0,63.7,46.6,46.6,0,39.98,39.98,0,193.1,193.1,0,3394,,3394
2024,Toyota Motor Corporation,TYX,LT,Light Trucks,4773,N,N,Y,Toyota Motor Corporation,TYX,TOYOTA,1,RAV4 HYBRID AWD,169,2024,1,"RAV4 HYBRID AWD (AXAH54L-ANXGBA,AXAH54L-ANXPBA,AXAH54L-ANXSBA,AXAH54L-CNXGBA,AXAH54L-CNXPBA,AXAH54L-CNXSBA,AXAL54L-ANXGBA,AXAL54L-ANXPBA,AXAL54L-ANXSBA,AXAL54L-CNXGBA,AXAL54L-CNXPBA,AXAL54L-CNXSBA)",105.9,63.0,63.7,46.6,46.6,0,39.98,39.98,0,193.1,193.1,0,79465,,79465
2024,Toyota Motor Corporation,TYX,LT,Light Trucks,4773,N,N,Y,Toyota Motor Corporation,TYX,TOYOTA,1,RAV4 HYBRID AWD,169,2024,2,"RAV4 HYBRID AWD (AXAH54L-ANXMBA,AXAH54L-ANXXBA,AXAH54L-CNXMBA,AXAH54L-CNXXBA,AXAL54L-ANXMBA,AXAL54L-ANXXBA,AXAL54L-CNXMBA,AXAL54L-CNXXBA)",105.9,63.0,63.7,46.6,46.6,0,39.98,39.98,0,193.1,193.1,0,140502,,140502
2024,Toyota Motor Corporation,TYX,LT,Light Trucks,4773,N,N,Y,Toyota Motor Corporation,TYX,TOYOTA,1,RAV4 HYBRID AWD WOODLAND EDITION,162,2024,1,"RAV4 HYBRID AWD WOODLAND EDITION (AXAH54L-CNXMBA,AXAL54L-CNXMBA)",105.9,63.0,63.7,46.6,46.6,0,39.98,39.98,0,193.1,193.1,0,6622,,6622
2024,Toyota Motor Corporation,TYX,LT,Light Trucks,4773,N,N,Y,Toyota Motor Corporation,TYX,TOYOTA,1,RAV4 PRIME AWD,159,2024,1,RAV4 PRIME AWD (AXAP54L-ANXGBA),105.9,62.6,63.3,46.3,46.3,0,40.20,40.20,0,192.0,192.0,0,21194,,21194
2024,Toyota Motor Corporation,TYX,LT,Light Trucks,4773,N,N,Y,Toyota Motor Corporation,TYX,TOYOTA,1,RAV4 PRIME AWD,159,2024,2,RAV4 PRIME AWD (AXAP54L-ANXMBA),105.9,63.0,63.7,46.6,46.6,0,39.98,39.98,0,193.1,193.1,0,11321,,11321
2024,Toyota Motor Corporation,TYX,LT,Light Trucks,4773,N,N,Y,Toyota Motor Corporation,TYX,TOYOTA,1,SEQUOIA 2WD,180,2024,1,"SEQUOIA 2WD (VXKH80L-GKVLZA,VXKH80L-GKVZZA)",122.0,68.7,68.7,58.2,58.2,0,33.05,33.05,0,236.8,236.8,0,1074,,1074
2024,Toyota Motor Corporation,TYX,LT,Light Trucks,4773,N,N,Y,Toyota Motor Corporation,TYX,TOYOTA,1,SEQUOIA 2WD,180,2024,2,SEQUOIA 2WD (VXKH80L-GKVSZA),122.0,68.7,68.7,58.2,58.2,0,33.05,33.05,0,236.8,236.8,0,191,,191
2024,Toyota Motor Corporation,TYX,LT,Light Trucks,4773,N,N,Y,Toyota Motor Corporation,TYX,TOYOTA,1,SEQUOIA 4WD,185,2024,1,"SEQUOIA 4WD (VXKH85L-GKVLZA,VXKH85L-GKVZZA)",122.0,68.7,68.7,58.2,58.2,0,33.05,33.05,0,236.8,236.8,0,23608,,23608
2024,Toyota Motor Corporation,TYX,LT,Light Trucks,4773,N,N,Y,Toyota Motor Corporation,TYX,TOYOTA,1,SEQUOIA 4WD,185,2024,2,SEQUOIA 4WD (VXKH85L-GKVSZA),122.0,68.7,68.7,58.2,58.2,0,33.05,33.05,0,236.8,236.8,0,2672,,2672
2024,Toyota Motor Corporation,TYX,LT,Light Trucks,4773,N,N,Y,Toyota Motor Corporation,TYX,TOYOTA,1,SIENNA,170,2024,1,"SIENNA (AXLH40L-PNXXHA,AXLH40L-PPXEHA,AXLH40L-PPXXHA)",120.5,68.1,68.0,56.9,56.9,0,33.71,33.71,0,231.9,231.9,0,25014,,25014
2024,Toyota Motor Corporation,TYX,LT,Light Trucks,4773,N,N,Y,Toyota Motor Corporation,TYX,TOYOTA,1,SIENNA,170,2024,2,SIENNA (AXLH40L-PNXLHA),120.5,68.2,68.1,57.1,57.1,0,33.60,33.60,0,232.7,232.7,0,4767,,4767
2024,Toyota Motor Corporation,TYX,LT,Light Trucks,4773,N,N,Y,Toyota Motor Corporation,TYX,TOYOTA,1,SIENNA,170,2024,3,SIENNA (AXLH40L-PNXSHA),120.5,68.2,68.2,57.1,57.1,0,33.60,33.60,0,232.7,232.7,0,3321,,3321
2024,Toyota Motor Corporation,TYX,LT,Light Trucks,4773,N,N,Y,Toyota Motor Corporation,TYX,TOYOTA,1,SIENNA AWD,175,2024,1,"SIENNA AWD (AXLH45L-PNXLHA,AXLH45L-PNXSHA)",120.5,68.2,68.1,57.1,57.1,0,33.60,33.60,0,232.7,232.7,0,19730,,19730
2024,Toyota Motor Corporation,TYX,LT,Light Trucks,4773,N,N,Y,Toyota Motor Corporation,TYX,TOYOTA,1,SIENNA AWD,175,2024,2,"SIENNA AWD (AXLH45L-PNXXHA,AXLH45L-PPXEHA)",120.5,68.2,68.1,57.1,57.1,0,33.60,33.60,0,232.7,232.7,0,18748,,18748
2024,Toyota Motor Corporation,TYX,LT,Light Trucks,4773,N,N,Y,Toyota Motor Corporation,TYX,TOYOTA,1,TACOMA 2WD,110,2024,1,"TACOMA 2WD (TZNA41L-CRZSTA,TZNA41L-PRZSTA)",133.3,65.6,65.7,60.7,60.7,0,31.86,31.86,0,246.2,246.2,0,16377,,16377
2024,Toyota Motor Corporation,TYX,LT,Light Trucks,4773,N,N,Y,Toyota Motor Corporation,TYX,TOYOTA,1,TACOMA 4WD,115,2024,1,"TACOMA 4WD (TZNA46L-CRZSTA,TZNA46L-PRZSTA)",133.3,65.6,65.7,60.7,60.7,0,31.86,31.86,0,246.2,246.2,0,9987,,9987
2024,Toyota Motor Corporation,TYX,LT,Light Trucks,4773,N,N,Y,Toyota Motor Corporation,TYX,TOYOTA,1,TACOMA 4WD MT,117,2024,1,TACOMA 4WD MT (TZNA45L-PRFSZA),133.3,65.6,65.7,60.7,60.7,0,31.86,31.86,0,246.2,246.2,0,3784,,3784
2024,Toyota Motor Corporation,TYX,LT,Light Trucks,4773,N,N,Y,Toyota Motor Corporation,TYX,TOYOTA,1,TACOMA HYBRID 4WD,118,2024,1,TACOMA HYBRID 4WD (TZNH47L-PRVSZA),133.3,66.0,66.1,61.1,61.1,0,31.68,31.68,0,247.7,247.7,0,12630,,12630
2024,Toyota Motor Corporation,TYX,LT,Light Trucks,4773,N,N,Y,Toyota Motor Corporation,TYX,TOYOTA,1,TACOMA SR5/SPORT/OFFROAD/LIMITED 4WD,119,2024,1,"TACOMA SR5/SPORT/OFFROAD/LIMITED 4WD (TZNA45L-CRZSZA,TZNA45L-PRZSZA)",133.3,65.6,65.7,60.7,60.7,0,31.86,31.86,0,246.2,246.2,0,129070,,129070
2024,Toyota Motor Corporation,TYX,LT,Light Trucks,4773,N,N,Y,Toyota Motor Corporation,TYX,TOYOTA,1,TACOMA SR5/SPORT/PRERUNNER 2WD,112,2024,1,"TACOMA SR5/SPORT/PRERUNNER 2WD (TZNA40L-CRZSZA,TZNA40L-PRZSZA)",133.3,65.6,65.7,60.7,60.7,0,31.86,31.86,0,246.2,246.2,0,37600,,37600
2024,Toyota Motor Corporation,TYX,LT,Light Trucks,4773,N,N,Y,Toyota Motor Corporation,TYX,TOYOTA,1,TUNDRA 2WD,150,2024,1,"TUNDRA 2WD (VXKA70L-CRULZA,VXKA70L-PSULZA,VXKA70L-PSUZZA,VXKH70L-PSVLZA,VXKH70L-PSVZZA)",145.7,68.7,68.7,69.5,69.5,0,28.28,28.28,0,279.4,279.4,0,3150,,3150
2024,Toyota Motor Corporation,TYX,LT,Light Trucks,4773,N,N,Y,Toyota Motor Corporation,TYX,TOYOTA,1,TUNDRA 2WD,150,2024,2,"TUNDRA 2WD (VXKA70L-CRUSZA,VXKA70L-PSUSZA)",145.7,68.7,68.7,69.5,69.5,0,28.28,28.28,0,279.4,279.4,0,9401,,9401
2024,Toyota Motor Corporation,TYX,LT,Light Trucks,4773,N,N,Y,Toyota Motor Corporation,TYX,TOYOTA,1,TUNDRA 2WD,150,2024,3,"TUNDRA 2WD (VXKA71L-PRULZA,VXKA71L-PRUZZA,VXKH71L-PRVLZA,VXKH71L-PRVZZA)",157.7,68.7,68.7,75.2,75.2,0,26.74,26.74,0,296.5,296.5,0,347,,347
2024,Toyota Motor Corporation,TYX,LT,Light Trucks,4773,N,N,Y,Toyota Motor Corporation,TYX,TOYOTA,1,TUNDRA 2WD,150,2024,4,TUNDRA 2WD (VXKA71L-PRUSZA),157.7,68.7,68.7,75.2,75.2,0,26.74,26.74,0,296.5,296.5,0,169,,169
2024,Toyota Motor Corporation,TYX,LT,Light Trucks,4773,N,N,Y,Toyota Motor Corporation,TYX,TOYOTA,1,TUNDRA 2WD,150,2024,5,TUNDRA 2WD (VXKA72L-CHUSZA),164.6,68.7,68.7,78.5,78.5,0,26.74,26.74,0,296.5,296.5,0,109,,109
2024,Toyota Motor Corporation,TYX,LT,Light Trucks,4773,N,N,Y,Toyota Motor Corporation,TYX,TOYOTA,1,TUNDRA 4WD,155,2024,1,TUNDRA 4WD (VXKH75L-PSVUZA),145.7,68.7,68.7,69.5,69.5,0,28.28,28.28,0,279.4,279.4,0,3204,,3204
2024,Toyota Motor Corporation,TYX,LT,Light Trucks,4773,N,N,Y,Toyota Motor Corporation,TYX,TOYOTA,1,TUNDRA 4WD,155,2024,2,"TUNDRA 4WD (VXKA75L-CRULZA,VXKA75L-PSULZA,VXKA75L-PSUZZA,VXKH75L-PSVLZA,VXKH75L-PSVZZA)",145.7,68.7,68.7,69.5,69.5,0,28.28,28.28,0,279.4,279.4,0,76726,,76726
2024,Toyota Motor Corporation,TYX,LT,Light Trucks,4773,N,N,Y,Toyota Motor Corporation,TYX,TOYOTA,1,TUNDRA 4WD,155,2024,3,"TUNDRA 4WD (VXKA75L-CRUSZA,VXKA75L-PSUSZA)",145.7,68.7,68.7,69.5,69.5,0,28.28,28.28,0,279.4,279.4,0,52629,,52629
2024,Toyota Motor Corporation,TYX,LT,Light Trucks,4773,N,N,Y,Toyota Motor Corporation,TYX,TOYOTA,1,TUNDRA 4WD,155,2024,4,"TUNDRA 4WD (VXKA76L-PRULZA,VXKA76L-PRUZZA,VXKH76L-PRVLZA,VXKH76L-PRVZZA)",157.7,68.7,68.7,75.2,75.2,0,26.74,26.74,0,296.5,296.5,0,10485,,10485
2024,Toyota Motor Corporation,TYX,LT,Light Trucks,4773,N,N,Y,Toyota Motor Corporation,TYX,TOYOTA,1,TUNDRA 4WD,155,2024,5,TUNDRA 4WD (VXKA76L-PRUSZA),157.7,68.7,68.7,75.2,75.2,0,26.74,26.74,0,296.5,296.5,0,4450,,4450
2024,Toyota Motor Corporation,TYX,LT,Light Trucks,4773,N,N,Y,Toyota Motor Corporation,TYX,TOYOTA,1,TUNDRA 4WD,155,2024,6,TUNDRA 4WD (VXKA77L-CHUSZA),164.6,68.7,68.7,78.5,78.5,0,26.74,26.74,0,296.5,296.5,0,811,,811
2024,Toyota Motor Corporation,TYX,LT,Light Trucks,4773,N,N,Y,Toyota Motor Corporation,TYX,TOYOTA,1,TUNDRA 4WD PRO,157,2024,1,TUNDRA 4WD PRO (VXKH75L-PSVLZA),145.7,68.5,69.4,69.8,69.8,0,28.17,28.17,0,280.5,280.5,0,6917,,6917
2024,Toyota Motor Corporation,TYX,LT,Light Trucks,4773,N,N,Y,Toyota Motor Corporation,TYX,TOYOTA,1,VENZA AWD,205,2024,1,"VENZA AWD (AXUH85L-ANXGBA,AXUH85L-ANXSBA)",105.9,63.0,63.7,46.6,46.6,0,39.98,39.98,0,193.1,193.1,0,30545,,30545
2024,Toyota Motor Corporation,TYX,LT,Light Trucks,4773,N,N,Y,Toyota Motor Corporation,TYX,TOYOTA,1,VENZA AWD,205,2024,2,VENZA AWD (AXUH85L-ANXMBA),105.9,63.0,63.7,46.6,46.6,0,39.98,39.98,0,193.1,193.1,0,4845,,4845
2024,Toyota Motor Corporation,TYX,LT,Light Trucks,4773,N,N,Y,Toyota Motor Corporation,TYX,TOYOTA,1,bZ4X AWD,215,2024,1,"bZ4X AWD (YEAM15L-MWDLSA,YEAM15L-MWDMSA)",112.2,63.0,63.4,49.2,49.2,0,38.18,38.18,0,202.9,202.9,0,9396,,9396
2024,Toyota Motor Corporation,TYX,LT,Light Trucks,4773,N,N,Y,Toyota Motor Corporation,TYX,TOYOTA,1,bZ4X LIMITED AWD,217,2024,1,bZ4X LIMITED AWD (YEAM15L-MWDHSA),112.2,63.0,63.4,49.2,49.2,0,38.18,38.18,0,202.9,202.9,0,3913,,3913
2024,Toyota Motor Corporation,TYX,PV,Passenger Vehicles,4772,N,N,Y,BMW,BMX,TOYOTA,5,Supra 2.0,276,2024,1,Supra 2.0 (18 inch wheels),97.2,62.8,62.6,42.3,42.3,0,53.85,53.85,0,143.0,143.0,0,42,,42
2024,Toyota Motor Corporation,TYX,PV,Passenger Vehicles,4772,N,N,Y,BMW,BMX,TOYOTA,5,Supra 2.0,276,2024,2,Supra 2.0 (19 inch wheels),97.2,62.8,62.6,42.3,42.3,0,53.85,53.85,0,143.0,143.0,0,0,,0
2024,Toyota Motor Corporation,TYX,PV,Passenger Vehicles,4772,N,N,Y,BMW,BMX,TOYOTA,5,Supra 3.0,303,2024,1,Supra 3.0 (18 inch wheels),97.2,62.8,62.6,42.3,42.3,0,53.85,53.85,0,143.0,143.0,0,0,,0
2024,Toyota Motor Corporation,TYX,PV,Passenger Vehicles,4772,N,N,Y,BMW,BMX,TOYOTA,5,Supra 3.0,303,2024,2,Supra 3.0 (19 inch wheels),97.2,62.8,62.6,42.3,42.3,0,53.85,53.85,0,143.0,143.0,0,2798,,2798
2024,Toyota Motor Corporation,TYX,PV,Passenger Vehicles,4772,N,N,Y,Toyota Motor Corporation,TYX,LEXUS,2,ES 250 AWD,38,2024,1,ES 250 AWD (AXZA15L-BEZGBA),113.0,62.9,63.6,49.6,49.6,0,46.45,46.45,0,167.7,167.7,0,1495,,1495
2024,Toyota Motor Corporation,TYX,PV,Passenger Vehicles,4772,N,N,Y,Toyota Motor Corporation,TYX,LEXUS,2,ES 300h,37,2024,1,ES 300h (AXZH11L-BEXGBA),113.0,63.0,63.4,49.6,49.6,0,46.45,46.45,0,167.7,167.7,0,17174,,17174
2024,Toyota Motor Corporation,TYX,PV,Passenger Vehicles,4772,N,N,Y,Toyota Motor Corporation,TYX,LEXUS,2,ES 350,35,2024,1,ES 350 (GSZ10L-BEZGBA),113.0,63.0,63.4,49.6,49.6,0,46.45,46.45,0,167.7,167.7,0,21245,,21245
2024,Toyota Motor Corporation,TYX,PV,Passenger Vehicles,4772,N,N,Y,Toyota Motor Corporation,TYX,LEXUS,2,ES 350 F SPORT,39,2024,1,ES 350 F SPORT (GSZ10L-BEZGBA),113.0,62.6,63.0,49.3,49.3,0,46.71,46.71,0,166.7,166.7,0,2778,,2778
2024,Toyota Motor Corporation,TYX,PV,Passenger Vehicles,4772,N,N,Y,Toyota Motor Corporation,TYX,LEXUS,2,IS 300,73,2024,1,IS 300 (ASE30L-BEZLZA),110.2,62.0,62.9,47.8,47.8,0,48.08,48.08,0,161.6,161.6,0,3740,,3740
2024,Toyota Motor Corporation,TYX,PV,Passenger Vehicles,4772,N,N,Y,Toyota Motor Corporation,TYX,LEXUS,2,IS 300 AWD,79,2024,1,IS 300 AWD (GSE37L-BETLHA),110.2,62.1,62.8,47.8,47.8,0,48.08,48.08,0,161.6,161.6,0,565,,565
2024,Toyota Motor Corporation,TYX,PV,Passenger Vehicles,4772,N,N,Y,Toyota Motor Corporation,TYX,LEXUS,2,IS 350,75,2024,1,IS 350 (GSE31L-BEZLHA),110.2,62.0,61.7,47.3,47.3,0,48.55,48.55,0,159.9,159.9,0,9601,,9601
2024,Toyota Motor Corporation,TYX,PV,Passenger Vehicles,4772,N,N,Y,Toyota Motor Corporation,TYX,LEXUS,2,IS 350 AWD,77,2024,1,IS 350 AWD (GSE36L-BETLHA),110.2,62.1,61.7,47.4,47.4,0,48.46,48.46,0,160.3,160.3,0,4695,,4695
2024,Toyota Motor Corporation,TYX,PV,Passenger Vehicles,4772,N,N,Y,Toyota Motor Corporation,TYX,LEXUS,2,IS 500,87,2024,1,IS 500 (USE30L-BEZLHA),110.2,62.0,61.8,47.4,47.4,0,48.46,48.46,0,160.3,160.3,0,1813,,1813
2024,Toyota Motor Corporation,TYX,PV,Passenger Vehicles,4772,N,N,Y,Toyota Motor Corporation,TYX,LEXUS,2,LC 500,40,2024,1,LC 500 (URZ100L-ACUBHA),113.0,64.3,64.4,50.5,50.5,0,45.68,45.68,0,170.8,170.8,0,770,,770
2024,Toyota Motor Corporation,TYX,PV,Passenger Vehicles,4772,N,N,Y,Toyota Motor Corporation,TYX,LEXUS,2,LC 500 CONVERTIBLE,42,2024,1,LC 500 CONVERTIBLE (URZ100L-AKUBHA),113.0,64.3,64.4,50.5,50.5,0,45.68,45.68,0,170.8,170.8,0,1448,,1448
2024,Toyota Motor Corporation,TYX,PV,Passenger Vehicles,4772,N,N,Y,Toyota Motor Corporation,TYX,LEXUS,2,LC 500h,45,2024,1,LC 500h (GWZ100L-ACVBBA),113.0,64.3,64.4,50.5,50.5,0,45.68,45.68,0,170.8,170.8,0,36,,36
2024,Toyota Motor Corporation,TYX,PV,Passenger Vehicles,4772,N,N,Y,Toyota Motor Corporation,TYX,LEXUS,2,LS 500,11,2024,1,LS 500 (VXFA50L-AEUGTA),123.0,64.2,64.2,54.8,54.8,0,42.31,42.31,0,185.4,185.4,0,1307,,1307
2024,Toyota Motor Corporation,TYX,PV,Passenger Vehicles,4772,N,N,Y,Toyota Motor Corporation,TYX,LEXUS,2,LS 500 AWD,12,2024,1,LS 500 AWD (VXFA55L-AEUGTA),123.0,64.2,64.2,54.8,54.8,0,42.31,42.31,0,185.4,185.4,0,624,,624
2024,Toyota Motor Corporation,TYX,PV,Passenger Vehicles,4772,N,N,Y,Toyota Motor Corporation,TYX,LEXUS,2,LS 500h AWD,14,2024,1,LS 500h AWD (GVF55L-AEVGHA),123.0,64.2,64.2,54.8,54.8,0,42.31,42.31,0,185.4,185.4,0,65,,65
2024,Toyota Motor Corporation,TYX,PV,Passenger Vehicles,4772,N,N,Y,Toyota Motor Corporation,TYX,LEXUS,2,NX 250,160,2024,1,"NX 250 (AAZA20L-AWZLBA,AAZA20L-CWZLBA)",105.9,63.2,64.1,46.8,46.8,0,49.03,49.03,0,158.3,158.3,0,14040,,14040
2024,Toyota Motor Corporation,TYX,PV,Passenger Vehicles,4772,N,N,Y,Toyota Motor Corporation,TYX,LEXUS,2,NX 350 AWD F SPORT,169,2024,1,"NX 350 AWD F SPORT (TAZA25L-AWZLTA,TAZA25L-CWZLTA)",105.9,63.2,64.1,46.8,46.8,0,49.03,49.03,0,158.3,158.3,0,7215,,7215
2024,Toyota Motor Corporation,TYX,PV,Passenger Vehicles,4772,N,N,Y,Toyota Motor Corporation,TYX,LEXUS,2,NX 450h+ AWD,170,2024,2,NX 450h+ AWD (F SPORT) (AAZH26L-AWXLBA),105.9,63.2,64.1,46.8,46.8,0,49.03,49.03,0,158.3,158.3,0,1965,,1965
2024,Toyota Motor Corporation,TYX,PV,Passenger Vehicles,4772,N,N,Y,Toyota Motor Corporation,TYX,LEXUS,2,RC 300,53,2024,1,RC 300 (ASC10L-RCZLZA),107.6,62.1,62.9,46.7,46.7,0,49.13,49.13,0,157.9,157.9,0,373,,373
2024,Toyota Motor Corporation,TYX,PV,Passenger Vehicles,4772,N,N,Y,Toyota Motor Corporation,TYX,LEXUS,2,RC 300 AWD,59,2024,1,RC 300 AWD (GSC16L-RCTLHA),107.6,62.2,62.9,46.8,46.8,0,49.03,49.03,0,158.3,158.3,0,95,,95
2024,Toyota Motor Corporation,TYX,PV,Passenger Vehicles,4772,N,N,Y,Toyota Motor Corporation,TYX,LEXUS,2,RC 350,50,2024,1,RC 350 (GSC10L-RCZLHA),107.6,62.1,62.9,46.7,46.7,0,49.13,49.13,0,157.9,157.9,0,909,,909
2024,Toyota Motor Corporation,TYX,PV,Passenger Vehicles,4772,N,N,Y,Toyota Motor Corporation,TYX,LEXUS,2,RC 350 AWD,55,2024,1,RC 350 AWD (GSC15L-RCTLHA),107.6,62.2,62.9,46.8,46.8,0,49.03,49.03,0,158.3,158.3,0,534,,534
2024,Toyota Motor Corporation,TYX,PV,Passenger Vehicles,4772,N,N,Y,Toyota Motor Corporation,TYX,LEXUS,2,RC F,89,2024,1,RC F (USC10L-FCZRHA),107.6,61.2,61.4,45.8,45.8,0,50.03,50.03,0,154.9,154.9,0,199,,199
2024,Toyota Motor Corporation,TYX,PV,Passenger Vehicles,4772,N,N,Y,Toyota Motor Corporation,TYX,LEXUS,2,RX 350,140,2024,1,"RX 350 (TALA10L-AWZGTA,TALA10L-CWZGTA)",112.2,65.0,65.6,50.9,50.9,0,45.34,45.34,0,172.2,172.2,0,37311,,37311
2024,Toyota Motor Corporation,TYX,PV,Passenger Vehicles,4772,N,N,Y,Toyota Motor Corporation,TYX,LEXUS,2,RZ 300e (18inch Wheels),91,2024,1,"RZ 300e (18inch Wheels) (XEBM10L-AWDCSA,XEBM10L-AWDLSA)",112.2,63.4,63.9,49.6,49.6,0,37.92,46.45,8.53,204.4,167.7,36.7,4301,,4301
2024,Toyota Motor Corporation,TYX,PV,Passenger Vehicles,4772,N,N,Y,Toyota Motor Corporation,TYX,LEXUS,2,RZ 300e (20inch Wheels),96,2024,1,"RZ 300e (20inch Wheels) (XEBM10L-AWDCSA,XEBM10L-AWDLSA)",112.2,63.4,63.9,49.6,49.6,0,37.92,46.45,8.53,204.4,167.7,36.7,739,,739
2024,Toyota Motor Corporation,TYX,PV,Passenger Vehicles,4772,N,N,Y,Toyota Motor Corporation,TYX,LEXUS,2,UX 250h,30,2024,1,UX 250h (MZAH10L-AWXBBA),103.9,60.9,61.0,44.0,44.0,0,51.92,51.92,0,148.8,148.8,0,5262,,5262
2024,Toyota Motor Corporation,TYX,PV,Passenger Vehicles,4772,N,N,Y,Toyota Motor Corporation,TYX,LEXUS,2,UX 250h AWD,32,2024,1,UX 250h AWD (MZAH15L-AWXBBA),103.9,60.9,61.0,44.0,44.0,0,51.92,51.92,0,148.8,148.8,0,4848,,4848
2024,Toyota Motor Corporation,TYX,PV,Passenger Vehicles,4772,N,N,Y,Toyota Motor Corporation,TYX,TOYOTA,1,CAMRY,15,2024,1,CAMRY (GSV70L-CEZGBA),111.2,62.2,62.4,48.1,48.1,0,47.80,47.80,0,162.7,162.7,0,832,,832
2024,Toyota Motor Corporation,TYX,PV,Passenger Vehicles,4772,N,N,Y,Toyota Motor Corporation,TYX,TOYOTA,1,CAMRY AWD LE/SE,11,2024,1,CAMRY AWD LE/SE (AXVA75L-CEZSBA),111.2,62.2,62.8,48.3,48.3,0,47.62,47.62,0,163.3,163.3,0,10035,,10035
2024,Toyota Motor Corporation,TYX,PV,Passenger Vehicles,4772,N,N,Y,Toyota Motor Corporation,TYX,TOYOTA,1,CAMRY AWD LE/SE,11,2024,2,CAMRY AWD LE/SE (AXVA75L-CEZNBA),111.2,62.6,63.1,48.5,48.5,0,47.43,47.43,0,164.0,164.0,0,4412,,4412
2024,Toyota Motor Corporation,TYX,PV,Passenger Vehicles,4772,N,N,Y,Toyota Motor Corporation,TYX,TOYOTA,1,CAMRY AWD XLE/XSE,13,2024,1,CAMRY AWD XLE/XSE (AXVA75L-CEZGBA),111.2,62.2,62.7,48.2,48.2,0,47.71,47.71,0,163.0,163.0,0,3374,,3374
2024,Toyota Motor Corporation,TYX,PV,Passenger Vehicles,4772,N,N,Y,Toyota Motor Corporation,TYX,TOYOTA,1,CAMRY AWD XLE/XSE,13,2024,2,CAMRY AWD XLE/XSE (AXVA75L-CEZPBA),111.2,62.2,62.8,48.3,48.3,0,47.62,47.62,0,163.3,163.3,0,3689,,3689
2024,Toyota Motor Corporation,TYX,PV,Passenger Vehicles,4772,N,N,Y,Toyota Motor Corporation,TYX,TOYOTA,1,CAMRY HYBRID LE,10,2024,1,CAMRY HYBRID LE (AXVH70L-CEXNBA),111.2,62.9,63.3,48.7,48.7,0,47.25,47.25,0,164.7,164.7,0,6938,,6938
2024,Toyota Motor Corporation,TYX,PV,Passenger Vehicles,4772,N,N,Y,Toyota Motor Corporation,TYX,TOYOTA,1,CAMRY HYBRID SE/XLE/XSE,12,2024,1,CAMRY HYBRID SE/XLE/XSE (AXVH70L-CEXGBA),111.2,62.1,62.6,48.2,48.2,0,47.71,47.71,0,163.0,163.0,0,5196,,5196
2024,Toyota Motor Corporation,TYX,PV,Passenger Vehicles,4772,N,N,Y,Toyota Motor Corporation,TYX,TOYOTA,1,CAMRY HYBRID SE/XLE/XSE,12,2024,2,"CAMRY HYBRID SE/XLE/XSE (AXVH70L-CEXPBA,AXVH70L-CEXSBA)",111.2,62.2,62.6,48.2,48.2,0,47.71,47.71,0,163.0,163.0,0,17108,,17108
2024,Toyota Motor Corporation,TYX,PV,Passenger Vehicles,4772,N,N,Y,Toyota Motor Corporation,TYX,TOYOTA,1,CAMRY LE/SE,17,2024,1,CAMRY LE/SE (AXVA70L-CEZSBA),111.2,62.1,62.5,48.1,48.1,0,47.80,47.80,0,162.7,162.7,0,85360,,85360
2024,Toyota Motor Corporation,TYX,PV,Passenger Vehicles,4772,N,N,Y,Toyota Motor Corporation,TYX,TOYOTA,1,CAMRY LE/SE,17,2024,2,CAMRY LE/SE (AXVA70L-CEZNBA),111.2,62.6,62.9,48.5,48.5,0,47.43,47.43,0,164.0,164.0,0,45006,,45006
2024,Toyota Motor Corporation,TYX,PV,Passenger Vehicles,4772,N,N,Y,Toyota Motor Corporation,TYX,TOYOTA,1,CAMRY TRD,16,2024,1,CAMRY TRD (GSV70L-CEZPBA),111.2,62.6,63.3,48.6,48.6,0,47.34,47.34,0,164.4,164.4,0,4456,,4456
2024,Toyota Motor Corporation,TYX,PV,Passenger Vehicles,4772,N,N,Y,Toyota Motor Corporation,TYX,TOYOTA,1,CAMRY XLE/XSE,19,2024,1,CAMRY XLE/XSE (AXVA70L-CEZGBA),111.2,62.2,62.5,48.2,48.2,0,47.71,47.71,0,163.0,163.0,0,4553,,4553
2024,Toyota Motor Corporation,TYX,PV,Passenger Vehicles,4772,N,N,Y,Toyota Motor Corporation,TYX,TOYOTA,1,CAMRY XLE/XSE,19,2024,2,CAMRY XLE/XSE (AXVA70L-CEZPBA),111.2,62.2,62.6,48.2,48.2,0,47.71,47.71,0,163.0,163.0,0,18150,,18150
2024,Toyota Motor Corporation,TYX,PV,Passenger Vehicles,4772,N,N,Y,Toyota Motor Corporation,TYX,TOYOTA,1,CAMRY XSE,18,2024,1,CAMRY XSE (GSV70L-CEZPBA),111.2,62.2,62.6,48.2,48.2,0,47.71,47.71,0,163.0,163.0,0,10597,,10597
2024,Toyota Motor Corporation,TYX,PV,Passenger Vehicles,4772,N,N,Y,Toyota Motor Corporation,TYX,TOYOTA,1,COROLLA,5,2024,1,"COROLLA (MZEA18L-AEXDBA,MZEA18L-DEXDBA)",106.3,60.2,59.8,44.3,44.3,0,51.60,51.60,0,149.8,149.8,0,0,,0
2024,Toyota Motor Corporation,TYX,PV,Passenger Vehicles,4772,N,N,Y,Toyota Motor Corporation,TYX,TOYOTA,1,COROLLA,5,2024,2,"COROLLA (MZEA18L-AEXLBA,MZEA18L-DEXLBA)",106.3,60.2,59.8,44.3,44.3,0,51.60,51.60,0,149.8,149.8,0,147155,,147155
2024,Toyota Motor Corporation,TYX,PV,Passenger Vehicles,4772,N,N,Y,Toyota Motor Corporation,TYX,TOYOTA,1,COROLLA,5,2024,3,"COROLLA (MZEA12L-AEXSBA,MZEA12L-AEXYBA,MZEA12L-DEXSBA,MZEA12L-DEXYBA)",106.3,60.3,60.4,44.6,44.6,0,51.27,51.27,0,150.8,150.8,0,50746,,50746
2024,Toyota Motor Corporation,TYX,PV,Passenger Vehicles,4772,N,N,Y,Toyota Motor Corporation,TYX,TOYOTA,1,COROLLA CROSS,90,2024,1,COROLLA CROSS (MXGA10L-AHXEHA),103.9,61.3,61.8,44.4,44.4,0,51.49,51.49,0,150.1,150.1,0,9403,,9403
2024,Toyota Motor Corporation,TYX,PV,Passenger Vehicles,4772,N,N,Y,Toyota Motor Corporation,TYX,TOYOTA,1,COROLLA CROSS,90,2024,2,"COROLLA CROSS (MXGA10L-AHXGHA,MXGA10L-AHXNHA)",103.9,61.7,62.2,44.7,44.7,0,51.17,51.17,0,151.1,151.1,0,27748,,27748
2024,Toyota Motor Corporation,TYX,PV,Passenger Vehicles,4772,N,N,Y,Toyota Motor Corporation,TYX,TOYOTA,1,COROLLA HATCHBACK,310,2024,1,COROLLA HATCHBACK (MZEA12L-AHXNBA),103.9,60.3,60.8,43.7,43.7,0,52.25,52.25,0,147.7,147.7,0,8395,,8395
2024,Toyota Motor Corporation,TYX,PV,Passenger Vehicles,4772,N,N,Y,Toyota Motor Corporation,TYX,TOYOTA,1,COROLLA HATCHBACK XSE,314,2024,1,COROLLA HATCHBACK XSE (MZEA12L-AHXNBA),103.9,60.3,60.8,43.7,43.7,0,52.25,52.25,0,147.7,147.7,0,3621,,3621
2024,Toyota Motor Corporation,TYX,PV,Passenger Vehicles,4772,N,N,Y,Toyota Motor Corporation,TYX,TOYOTA,1,COROLLA HYBRID,80,2024,1,"COROLLA HYBRID (ZWE219L-AEXLBA,ZWE219L-AEXXBA)",106.3,60.3,60.4,44.6,44.6,0,51.27,51.27,0,150.8,150.8,0,34263,,34263
2024,Toyota Motor Corporation,TYX,PV,Passenger Vehicles,4772,N,N,Y,Toyota Motor Corporation,TYX,TOYOTA,1,COROLLA HYBRID,80,2024,2,COROLLA HYBRID (ZWE219L-AEXSBA),106.3,60.3,60.4,44.6,44.6,0,51.27,51.27,0,150.8,150.8,0,12332,,12332
2024,Toyota Motor Corporation,TYX,PV,Passenger Vehicles,4772,N,N,Y,Toyota Motor Corporation,TYX,TOYOTA,1,COROLLA HYBRID AWD,85,2024,1,COROLLA HYBRID AWD (ZWE215L-AEXLBA),106.3,60.3,60.4,44.6,44.6,0,51.27,51.27,0,150.8,150.8,0,5506,,5506
2024,Toyota Motor Corporation,TYX,PV,Passenger Vehicles,4772,N,N,Y,Toyota Motor Corporation,TYX,TOYOTA,1,COROLLA HYBRID AWD,85,2024,2,COROLLA HYBRID AWD (ZWE215L-AEXSBA),106.3,60.3,60.4,44.6,44.6,0,51.27,51.27,0,150.8,150.8,0,3493,,3493
2024,Toyota Motor Corporation,TYX,PV,Passenger Vehicles,4772,N,N,Y,Toyota Motor Corporation,TYX,TOYOTA,1,GR COROLLA,315,2024,1,GR COROLLA (GZEA14L-BHFRZA),104.0,62.6,63.7,45.6,45.6,0,50.23,50.23,0,154.2,154.2,0,6443,,6443
2024,Toyota Motor Corporation,TYX,PV,Passenger Vehicles,4772,N,N,Y,Toyota Motor Corporation,TYX,TOYOTA,1,GR86,320,2024,1,"GR86 (ZN8-CYB7,ZN8-CYB8,ZN8-CYE7,ZN8-CYE8,ZN8-CYM7,ZN8-CYM8)",101.4,59.8,61.0,42.5,42.5,0,53.61,53.61,0,143.7,143.7,0,8131,,8131
2024,Toyota Motor Corporation,TYX,PV,Passenger Vehicles,4772,N,N,Y,Toyota Motor Corporation,TYX,TOYOTA,1,GR86,320,2024,2,"GR86 (ZN8-CYB7,ZN8-CYB8)",101.4,59.8,61.0,42.5,42.5,0,53.61,53.61,0,143.7,143.7,0,2187,,2187
2024,Toyota Motor Corporation,TYX,PV,Passenger Vehicles,4772,N,N,Y,Toyota Motor Corporation,TYX,TOYOTA,1,MIRAI LIMITED,305,2024,1,MIRAI LIMITED (JPD20L-CEDHSA),115.0,63.4,63.2,50.6,50.6,0,45.59,45.59,0,171.1,171.1,0,8,,8
2024,Toyota Motor Corporation,TYX,PV,Passenger Vehicles,4772,N,N,Y,Toyota Motor Corporation,TYX,TOYOTA,1,MIRAI XLE,302,2024,1,MIRAI XLE (JPD20L-CEDSSA),115.0,63.4,63.2,50.6,50.6,0,45.59,45.59,0,171.1,171.1,0,347,,347
2024,Toyota Motor Corporation,TYX,PV,Passenger Vehicles,4772,N,N,Y,Toyota Motor Corporation,TYX,TOYOTA,1,PRIUS,60,2024,1,PRIUS (MXWH60L-AHXEBA),108.3,61.5,61.9,46.4,46.4,0,49.43,49.43,0,156.9,156.9,0,14689,,14689
2024,Toyota Motor Corporation,TYX,PV,Passenger Vehicles,4772,N,N,Y,Toyota Motor Corporation,TYX,TOYOTA,1,PRIUS AWD,63,2024,1,PRIUS AWD (MXWH65L-AHXEBA),108.3,61.5,61.9,46.4,46.4,0,49.43,49.43,0,156.9,156.9,0,3165,,3165
2024,Toyota Motor Corporation,TYX,PV,Passenger Vehicles,4772,N,N,Y,Toyota Motor Corporation,TYX,TOYOTA,1,PRIUS AWD XLE/LTD,66,2024,1,"PRIUS AWD XLE/LTD (MXWH65L-AHXGBA,MXWH65L-AHXHBA)",108.3,61.5,61.9,46.4,46.4,0,49.43,49.43,0,156.9,156.9,0,13063,,13063
2024,Toyota Motor Corporation,TYX,PV,Passenger Vehicles,4772,N,N,Y,Toyota Motor Corporation,TYX,TOYOTA,1,PRIUS PRIME,69,2024,1,"PRIUS PRIME (MXWH61L-AHXGBA,MXWH61L-AHXHBA)",108.3,61.5,61.9,46.4,46.4,0,49.43,49.43,0,156.9,156.9,0,13593,,13593
2024,Toyota Motor Corporation,TYX,PV,Passenger Vehicles,4772,N,N,Y,Toyota Motor Corporation,TYX,TOYOTA,1,PRIUS PRIME SE,68,2024,1,PRIUS PRIME SE (MXWH61L-AHXEBA),108.3,61.5,61.9,46.4,46.4,0,49.43,49.43,0,156.9,156.9,0,4078,,4078
2024,Toyota Motor Corporation,TYX,PV,Passenger Vehicles,4772,N,N,Y,Toyota Motor Corporation,TYX,TOYOTA,1,PRIUS XLE/LTD,64,2024,1,"PRIUS XLE/LTD (MXWH60L-AHXGBA,MXWH60L-AHXHBA)",108.3,61.5,61.9,46.4,46.4,0,49.43,49.43,0,156.9,156.9,0,18146,,18146
2024,Toyota Motor Corporation,TYX,PV,Passenger Vehicles,4772,N,N,Y,Toyota Motor Corporation,TYX,TOYOTA,1,RAV4,160,2024,1,"RAV4 (AXAA52L-ANZGBA,AXAA52L-CNZGBA)",105.9,62.6,63.3,46.3,46.3,0,49.53,49.53,0,156.6,156.6,0,5324,,5324
2024,Toyota Motor Corporation,TYX,PV,Passenger Vehicles,4772,N,N,Y,Toyota Motor Corporation,TYX,TOYOTA,1,RAV4,160,2024,2,"RAV4 (AXAA52L-ANZMBA,AXAA52L-ANZXBA,AXAA52L-CNZMBA,AXAA52L-CNZXBA)",105.9,63.0,63.7,46.6,46.6,0,49.23,49.23,0,157.6,157.6,0,118107,,118107
2024,Toyota Motor Corporation,TYX,PV,Passenger Vehicles,4772,N,N,Y,Toyota Motor Corporation,TYX,TOYOTA,1,TOYOTA CROWN AWD,350,2024,1,TOYOTA CROWN AWD (AZSH35L-AEXMBA),112.2,62.9,63.3,49.2,49.2,0,46.80,46.80,0,166.4,166.4,0,11641,,11641
2024,Toyota Motor Corporation,TYX,PV,Passenger Vehicles,4772,N,N,Y,Toyota Motor Corporation,TYX,TOYOTA,1,TOYOTA CROWN AWD,350,2024,2,TOYOTA CROWN AWD (TZSH35L-AETATA),112.2,63.3,63.7,49.5,49.5,0,46.54,46.54,0,167.4,167.4,0,3275,,3275
2024,Toyota Motor Corporation,TYX,PV,Passenger Vehicles,4772,N,N,Y,Toyota Motor Corporation,TYX,TOYOTA,1,bZ4X,210,2024,1,"bZ4X (XEAM10L-MWDLSA,XEAM10L-MWDMSA)",112.2,63.0,63.4,49.2,49.2,0,46.80,46.80,0,166.4,166.4,0,5934,,5934
2024,Toyota Motor Corporation,TYX,PV,Passenger Vehicles,4772,N,N,Y,Toyota Motor Corporation,TYX,TOYOTA,1,bZ4X LIMITED,212,2024,1,bZ4X LIMITED (XEAM10L-MWDHSA),112.2,63.0,63.4,49.2,49.2,0,46.80,46.80,0,166.4,166.4,0,1317,,1317
2024,VinFast Trading and Production Joint Stock Company,VTP,PV,Passenger Vehicles,4842,N,N,Y,VinFast Trading and Production Joint Stock Company,VTP,Hai Phong manufacturing plant ,1,VF 8 Eco,1,2024,1,VF8 Eco,116.1,65.1,65.6,52.7,52.7,0,43.20,43.89,0.69,186.8,178.3,8.5,774,,774
2024,VinFast Trading and Production Joint Stock Company,VTP,PV,Passenger Vehicles,4842,N,N,Y,VinFast Trading and Production Joint Stock Company,VTP,Hai Phong manufacturing plant ,1,VF 8 Plus,2,2024,1,VF8 Plus,116.1,65.1,65.6,52.7,52.7,0,43.20,43.89,0.69,186.8,178.3,8.5,864,,864
2024,VinFast Trading and Production Joint Stock Company,VTP,PV,Passenger Vehicles,4842,N,N,Y,VinFast Trading and Production Joint Stock Company,VTP,Hai Phong manufacturing plant ,1,VF 9 Eco,3,2024,1,Passenger car VF9 Eco,124.0,67.8,68.3,58.6,58.6,0,43.20,41.48,1.72,199.1,189.5,9.6,0,,0
2024,VinFast Trading and Production Joint Stock Company,VTP,PV,Passenger Vehicles,4842,N,N,Y,VinFast Trading and Production Joint Stock Company,VTP,Hai Phong manufacturing plant ,1,VF 9 Plus,4,2024,1,Passenger car VF9 Plus,124.0,67.8,68.3,58.6,58.6,0,43.20,41.48,1.72,199.1,189.5,9.6,680,,680
2024,"Volkswagen Group of America, Inc.",VGA,LT,Light Trucks,4946,N,N,Y,Porsche AG,PRX,Porsche,1,Cayenne,401,2024,1,Cayenne,114.0,66.1,65.9,52.2,52.2,0,36.31,36.31,0,214.2,214.2,0,12710,,12710
2024,"Volkswagen Group of America, Inc.",VGA,LT,Light Trucks,4946,N,N,Y,Porsche AG,PRX,Porsche,1,Cayenne Coupe,402,2024,1,Cayenne Coupe,114.0,65.9,65.8,52.1,52.1,0,36.36,36.36,0,213.8,213.8,0,5626,,5626
2024,"Volkswagen Group of America, Inc.",VGA,LT,Light Trucks,4946,N,N,Y,Porsche AG,PRX,Porsche,1,Cayenne E-Hybrid,407,2024,1,Cayenne E-Hybrid,114.0,66.1,65.9,52.2,52.2,0,36.31,36.31,0,214.2,214.2,0,903,,903
2024,"Volkswagen Group of America, Inc.",VGA,LT,Light Trucks,4946,N,N,Y,Porsche AG,PRX,Porsche,1,Cayenne E-Hybrid Coupe,417,2024,1,Cayenne E-Hybrid Coupe,114.0,65.9,65.8,52.1,52.1,0,36.36,36.36,0,213.8,213.8,0,441,,441
2024,"Volkswagen Group of America, Inc.",VGA,LT,Light Trucks,4946,N,N,Y,Porsche AG,PRX,Porsche,1,Cayenne S,410,2024,1,Cayenne S,114.0,66.1,66.0,52.2,52.2,0,36.31,36.31,0,214.2,214.2,0,3426,,3426
2024,"Volkswagen Group of America, Inc.",VGA,LT,Light Trucks,4946,N,N,Y,Porsche AG,PRX,Porsche,1,Cayenne S Coupe,411,2024,1,Cayenne S Coupe,114.0,66.1,66.0,52.2,52.2,0,36.31,36.31,0,214.2,214.2,0,2310,,2310
2024,"Volkswagen Group of America, Inc.",VGA,LT,Light Trucks,4946,N,N,Y,Porsche AG,PRX,Porsche,1,Cayenne S E-Hybrid,421,2024,1,Cayenne S E-Hybrid,114.0,66.1,65.9,52.2,52.2,0,36.31,36.31,0,214.2,214.2,0,385,,385
2024,"Volkswagen Group of America, Inc.",VGA,LT,Light Trucks,4946,N,N,Y,Porsche AG,PRX,Porsche,1,Cayenne S E-Hybrid Coupe,422,2024,1,Cayenne S E-Hybrid Coupe,114.0,65.9,65.8,52.1,52.1,0,36.36,36.36,0,213.8,213.8,0,259,,259
2024,"Volkswagen Group of America, Inc.",VGA,LT,Light Trucks,4946,N,N,Y,Porsche AG,PRX,Porsche,1,Cayenne Turbo E-Hybrid,447,2024,1,Cayenne Turbo S E-Hybrid,114.0,66.3,65.5,52.2,52.2,0,36.31,36.31,0,214.2,214.2,0,270,,270
2024,"Volkswagen Group of America, Inc.",VGA,LT,Light Trucks,4946,N,N,Y,Porsche AG,PRX,Porsche,1,Cayenne Turbo E-Hybrid Coupe,457,2024,1,Cayenne Turbo S E-Hybrid Coupe,114.0,66.3,66.2,52.4,52.4,0,44.13,36.19,7.94,177.2,214.9,37.7,245,,245
2024,"Volkswagen Group of America, Inc.",VGA,LT,Light Trucks,4946,N,N,Y,Porsche AG,PRX,Porsche,1,Cayenne Turbo GT,442,2024,1,Cayenne Turbo GT,114.0,66.3,66.2,52.4,52.4,0,44.13,36.19,7.94,177.2,214.9,37.7,1311,,1311
2024,"Volkswagen Group of America, Inc.",VGA,LT,Light Trucks,4946,N,N,Y,Porsche AG,PRX,Porsche,1,Macan,301,2024,1,Macan,110.5,65.2,65.0,50.0,50.0,0,37.66,37.66,0,205.9,205.9,0,16684,,16684
2024,"Volkswagen Group of America, Inc.",VGA,LT,Light Trucks,4946,N,N,Y,Porsche AG,PRX,Porsche,1,Macan 4 Electric,330,2024,1,Macan 4 electric,113.9,66.4,66.9,52.7,52.7,0,36.01,36.01,0,216.1,216.1,0,2863,,2863
2024,"Volkswagen Group of America, Inc.",VGA,LT,Light Trucks,4946,N,N,Y,Porsche AG,PRX,Porsche,1,Macan GTS,370,2024,1,Macan GTS,110.5,64.9,65.3,50.0,50.0,0,37.66,37.66,0,205.9,205.9,0,2137,,2137
2024,"Volkswagen Group of America, Inc.",VGA,LT,Light Trucks,4946,N,N,Y,Porsche AG,PRX,Porsche,1,Macan S,310,2024,1,Macan S,110.5,64.8,65.2,49.9,49.9,0,37.73,37.73,0,205.5,205.5,0,5117,,5117
2024,"Volkswagen Group of America, Inc.",VGA,LT,Light Trucks,4946,N,N,Y,Porsche AG,PRX,Porsche,1,Macan T,314,2024,1,Macan T,110.5,65.2,65.0,50.0,50.0,0,37.66,37.66,0,205.9,205.9,0,1824,,1824
2024,"Volkswagen Group of America, Inc.",VGA,LT,Light Trucks,4946,N,N,Y,Porsche AG,PRX,Porsche,1,Macan Turbo Electric,341,2024,1,Macan electric Turbo,113.9,66.4,66.9,52.7,52.7,0,36.01,36.01,0,216.1,216.1,0,583,,583
2024,"Volkswagen Group of America, Inc.",VGA,LT,Light Trucks,4946,N,N,Y,"Volkswagen Group of America, Inc.",VGA,Audi,2,Q3 S line quattro,63,2024,1,Q3 S-Line quattro,105.5,61.9,61.7,45.3,45.3,0,40.94,40.94,0,188.2,188.2,0,35587,,35587
2024,"Volkswagen Group of America, Inc.",VGA,LT,Light Trucks,4946,N,N,Y,"Volkswagen Group of America, Inc.",VGA,Audi,2,Q3 quattro,62,2024,1,Q3 quattro,105.5,61.9,61.7,45.3,45.3,0,40.94,40.94,0,188.2,188.2,0,1662,,1662
2024,"Volkswagen Group of America, Inc.",VGA,LT,Light Trucks,4946,N,N,Y,"Volkswagen Group of America, Inc.",VGA,Audi,2,Q5 Plug-In Hybrid quattro,334,2024,1,Q5 Plug-In Hybrid quattro,111.0,63.9,63.4,49.0,49.0,0,38.32,38.32,0,202.1,202.1,0,12848,,12848
2024,"Volkswagen Group of America, Inc.",VGA,LT,Light Trucks,4946,N,N,Y,"Volkswagen Group of America, Inc.",VGA,Audi,2,Q5 S line quattro,332,2024,1,Q5 S-Line quattro,111.0,63.6,63.3,48.9,48.9,0,38.38,38.38,0,201.8,201.8,0,32687,,32687
2024,"Volkswagen Group of America, Inc.",VGA,LT,Light Trucks,4946,N,N,Y,"Volkswagen Group of America, Inc.",VGA,Audi,2,Q5 Sportback S line quattro,333,2024,1,Q5 Sportback S-Line quattro,111.0,63.6,63.3,48.9,48.9,0,38.38,38.38,0,201.8,201.8,0,5131,,5131
2024,"Volkswagen Group of America, Inc.",VGA,LT,Light Trucks,4946,N,N,Y,"Volkswagen Group of America, Inc.",VGA,Audi,2,Q5 quattro,330,2024,1,Q5 quattro,110.9,63.9,63.5,49.1,49.1,0,38.25,38.25,0,202.5,202.5,0,7311,,7311
2024,"Volkswagen Group of America, Inc.",VGA,LT,Light Trucks,4946,N,N,Y,"Volkswagen Group of America, Inc.",VGA,Audi,2,Q7 quattro,320,2024,1,Q7 3L,118.2,66.2,66.3,54.3,54.3,0,35.10,35.10,0,222.1,222.1,0,4096,,4096
2024,"Volkswagen Group of America, Inc.",VGA,LT,Light Trucks,4946,N,N,Y,"Volkswagen Group of America, Inc.",VGA,Audi,2,Q7 quattro,320,2024,2,Q7 2L,117.9,65.8,66.3,54.0,54.0,0,35.26,35.26,0,221.0,221.0,0,5341,,5341
2024,"Volkswagen Group of America, Inc.",VGA,LT,Light Trucks,4946,N,N,Y,"Volkswagen Group of America, Inc.",VGA,Audi,2,Q8 Sportback e-tron quattro,351,2024,1,Q8 Sportback e-tron quattro,115.3,65.0,65.0,52.0,52.0,0,36.42,36.42,0,213.4,213.4,0,3936,,3936
2024,"Volkswagen Group of America, Inc.",VGA,LT,Light Trucks,4946,N,N,Y,"Volkswagen Group of America, Inc.",VGA,Audi,2,Q8 Sportback e-tron ultra quattro,349,2024,1,Q8 Sportback e-tron ultra quattro,115.3,65.1,65.1,52.1,52.1,0,36.36,36.36,0,213.8,213.8,0,59,,59
2024,"Volkswagen Group of America, Inc.",VGA,LT,Light Trucks,4946,N,N,Y,"Volkswagen Group of America, Inc.",VGA,Audi,2,Q8 e-tron quattro,350,2024,1,Q8 e-tron quattro,115.3,65.0,65.0,52.0,52.0,0,36.42,36.42,0,213.4,213.4,0,12515,,12515
2024,"Volkswagen Group of America, Inc.",VGA,LT,Light Trucks,4946,N,N,Y,"Volkswagen Group of America, Inc.",VGA,Audi,2,Q8 quattro,380,2024,1,Q8 quattro,118.0,66.3,66.6,54.4,54.4,0,35.04,35.04,0,222.5,222.5,0,3562,,3562
2024,"Volkswagen Group of America, Inc.",VGA,LT,Light Trucks,4946,N,N,Y,"Volkswagen Group of America, Inc.",VGA,Audi,2,RS Q8,382,2024,1,RS Q8,118.0,66.6,66.8,54.7,54.7,0,34.87,34.87,0,223.6,223.6,0,1663,,1663
2024,"Volkswagen Group of America, Inc.",VGA,LT,Light Trucks,4946,N,N,Y,"Volkswagen Group of America, Inc.",VGA,Audi,2,SQ5,335,2024,1,SQ5,110.9,63.9,63.5,49.1,49.1,0,38.25,38.25,0,202.5,202.5,0,6311,,6311
2024,"Volkswagen Group of America, Inc.",VGA,LT,Light Trucks,4946,N,N,Y,"Volkswagen Group of America, Inc.",VGA,Audi,2,SQ5 Sportback,337,2024,1,SQ5 Sportback,111.0,63.9,63.5,49.1,49.1,0,38.25,38.25,0,202.5,202.5,0,2533,,2533
2024,"Volkswagen Group of America, Inc.",VGA,LT,Light Trucks,4946,N,N,Y,"Volkswagen Group of America, Inc.",VGA,Audi,2,SQ7,321,2024,1,SQ7,118.2,65.6,65.7,53.8,53.8,0,35.38,35.38,0,220.2,220.2,0,487,,487
2024,"Volkswagen Group of America, Inc.",VGA,LT,Light Trucks,4946,N,N,Y,"Volkswagen Group of America, Inc.",VGA,Audi,2,SQ8,381,2024,1,SQ8,118.0,66.2,66.6,54.4,54.4,0,35.04,35.04,0,222.5,222.5,0,2473,,2473
2024,"Volkswagen Group of America, Inc.",VGA,LT,Light Trucks,4946,N,N,Y,"Volkswagen Group of America, Inc.",VGA,Audi,2,SQ8 Sportback e-tron (20 in.wheels),355,2024,1,SQ8 Sportback e-tron (20in wheels),115.3,66.3,66.3,53.1,53.1,0,35.78,35.78,0,217.6,217.6,0,24,,24
2024,"Volkswagen Group of America, Inc.",VGA,LT,Light Trucks,4946,N,N,Y,"Volkswagen Group of America, Inc.",VGA,Audi,2,SQ8 Sportback e-tron (21/22 in.wheels),357,2024,1,SQ8 Sportback e-tron (21/22in wheels),115.3,66.0,66.0,52.8,52.8,0,35.95,35.95,0,216.5,216.5,0,285,,285
2024,"Volkswagen Group of America, Inc.",VGA,LT,Light Trucks,4946,N,N,Y,"Volkswagen Group of America, Inc.",VGA,Audi,2,SQ8 e-tron (20 in. wheels),354,2024,1,SQ8 e-tron (20in wheels),115.3,66.3,66.3,53.1,53.1,0,35.78,35.78,0,217.6,217.6,0,44,,44
2024,"Volkswagen Group of America, Inc.",VGA,LT,Light Trucks,4946,N,N,Y,"Volkswagen Group of America, Inc.",VGA,Audi,2,SQ8 e-tron (21/22 in.wheels),356,2024,1,SQ8 e-tron (21/22in wheels),115.3,66.0,66.0,52.8,52.8,0,35.95,35.95,0,216.5,216.5,0,497,,497
2024,"Volkswagen Group of America, Inc.",VGA,LT,Light Trucks,4946,N,N,Y,"Volkswagen Group of America, Inc.",VGA,Bentley,3,Bentayga,33,2024,1,Bentayga,117.9,66.5,67.2,54.7,54.7,0,34.87,34.87,0,223.6,223.6,0,435,,435
2024,"Volkswagen Group of America, Inc.",VGA,LT,Light Trucks,4946,N,N,Y,"Volkswagen Group of America, Inc.",VGA,Bentley,3,Bentayga EWB,71,2024,1,Bentayga EWB,125.0,66.5,67.2,58.0,58.0,0,33.15,33.15,0,236.1,236.1,0,310,,310
2024,"Volkswagen Group of America, Inc.",VGA,LT,Light Trucks,4946,N,N,Y,"Volkswagen Group of America, Inc.",VGA,Bentley,3,Bentayga Hybrid,32,2024,1,Bentayga Hybrid,117.9,66.5,67.2,54.7,54.7,0,34.87,34.87,0,223.6,223.6,0,71,,71
2024,"Volkswagen Group of America, Inc.",VGA,LT,Light Trucks,4946,N,N,Y,"Volkswagen Group of America, Inc.",VGA,Lamborghini,4,Urus S,410,2024,1,Urus S,118.2,66.7,67.3,55.0,55.0,0,34.71,34.71,0,224.8,224.8,0,1605,,1605
2024,"Volkswagen Group of America, Inc.",VGA,LT,Light Trucks,4946,N,N,Y,"Volkswagen Group of America, Inc.",VGA,Volkswagen,1,Atlas,180,2024,1,Atlas,117.3,67.0,67.6,54.8,54.8,0,34.82,34.82,0,224.0,224.0,0,28226,,28226
2024,"Volkswagen Group of America, Inc.",VGA,LT,Light Trucks,4946,N,N,Y,"Volkswagen Group of America, Inc.",VGA,Volkswagen,1,Atlas 4Motion Peak Edition,186,2024,1,Atlas 4Motion Peak Edition,117.3,67.0,67.6,54.8,54.8,0,34.82,34.82,0,224.0,224.0,0,13379,,13379
2024,"Volkswagen Group of America, Inc.",VGA,LT,Light Trucks,4946,N,N,Y,"Volkswagen Group of America, Inc.",VGA,Volkswagen,1,Atlas Cross Sport 4Motion,195,2024,1,Atlas Cross Sport 4Motion,117.3,67.0,67.6,54.8,54.8,0,34.82,34.82,0,224.0,224.0,0,39949,,39949
2024,"Volkswagen Group of America, Inc.",VGA,LT,Light Trucks,4946,N,N,Y,"Volkswagen Group of America, Inc.",VGA,Volkswagen,1,Atlas SE 4Motion,184,2024,1,Atlas SE 4Motion,117.3,67.0,67.6,54.8,54.8,0,34.82,34.82,0,224.0,224.0,0,27358,,27358
2024,"Volkswagen Group of America, Inc.",VGA,LT,Light Trucks,4946,N,N,Y,"Volkswagen Group of America, Inc.",VGA,Volkswagen,1,Atlas SEL 4Motion,185,2024,1,Atlas SEL 4Motion,117.3,67.0,67.6,54.8,54.8,0,34.82,34.82,0,224.0,224.0,0,30177,,30177
2024,"Volkswagen Group of America, Inc.",VGA,LT,Light Trucks,4946,N,N,Y,"Volkswagen Group of America, Inc.",VGA,Volkswagen,1,ID.4 AWD Pro,308,2024,1,ID.4 AWD Pro,108.7,62.3,61.6,46.8,46.8,0,39.83,39.83,0,193.8,193.8,0,1288,,1288
2024,"Volkswagen Group of America, Inc.",VGA,LT,Light Trucks,4946,N,N,Y,"Volkswagen Group of America, Inc.",VGA,Volkswagen,1,ID.4 AWD Pro S,306,2024,1,ID.4 AWD Pro S,108.7,62.7,61.6,47.0,47.0,0,39.69,39.69,0,194.6,194.6,0,2642,,2642
2024,"Volkswagen Group of America, Inc.",VGA,LT,Light Trucks,4946,N,N,Y,"Volkswagen Group of America, Inc.",VGA,Volkswagen,1,Taos 4Motion,142,2024,1,Taos 4Motion,105.5,61.8,60.8,44.9,44.9,0,41.25,41.25,0,186.7,186.7,0,37318,,37318
2024,"Volkswagen Group of America, Inc.",VGA,LT,Light Trucks,4946,N,N,Y,"Volkswagen Group of America, Inc.",VGA,Volkswagen,1,Tiguan,170,2024,1,Tiguan,109.8,62.2,61.9,47.3,47.3,0,39.48,39.48,0,195.7,195.7,0,38437,,38437
2024,"Volkswagen Group of America, Inc.",VGA,LT,Light Trucks,4946,N,N,Y,"Volkswagen Group of America, Inc.",VGA,Volkswagen,1,Tiguan 4Motion,175,2024,1,Tiguan 4Motion,109.8,62.0,61.7,47.1,47.1,0,39.62,39.62,0,195.0,195.0,0,41298,,41298
2024,"Volkswagen Group of America, Inc.",VGA,LT,Light Trucks,4946,N,N,Y,"Volkswagen Group of America, Inc.",VGA,Volkswagen,1,Tiguan R-Line 4Motion,176,2024,1,Tiguan R-Line 4Motion,109.8,62.4,62.0,47.4,47.4,0,39.41,39.41,0,196.1,196.1,0,37075,,37075
2024,"Volkswagen Group of America, Inc.",VGA,LT,Light Trucks,4946,N,N,Y,"Volkswagen Group of America, Inc.",VGA,Volkswagen,1,Tiguan S,169,2024,1,Tiguan S,109.8,62.2,61.9,47.3,47.3,0,39.48,39.48,0,195.7,195.7,0,11945,,11945
2024,"Volkswagen Group of America, Inc.",VGA,PV,Passenger Vehicles,4941,N,N,Y,Bugatti Rimac LLC,BGR,Bugatti Rimac,1,Nevera,2,2024,1,"Average Track: 67.0 inches; Wheelbase 108.1 inches, Footprint 50.3 sq. ft.",108.1,66.9,67.0,50.3,50.3,0,45.85,45.85,0,170.1,170.1,0,2,,2
2024,"Volkswagen Group of America, Inc.",VGA,PV,Passenger Vehicles,4941,N,N,Y,Porsche AG,PRX,Porsche,1,718 Boxster,801,2024,1,718 Boxster,97.4,59.7,60.6,40.7,40.7,0,55.44,55.44,0,138.6,138.6,0,1019,,1019
2024,"Volkswagen Group of America, Inc.",VGA,PV,Passenger Vehicles,4941,N,N,Y,Porsche AG,PRX,Porsche,1,718 Boxster GTS 4.0,871,2024,1,718 Boxster GTS 4.0,97.4,60.1,60.4,40.7,40.7,0,55.44,55.44,0,138.6,138.6,0,734,,734
2024,"Volkswagen Group of America, Inc.",VGA,PV,Passenger Vehicles,4941,N,N,Y,Porsche AG,PRX,Porsche,1,718 Boxster S,811,2024,1,718 Boxster S,97.4,59.7,60.6,40.7,40.7,0,55.44,55.44,0,138.6,138.6,0,541,,541
2024,"Volkswagen Group of America, Inc.",VGA,PV,Passenger Vehicles,4941,N,N,Y,Porsche AG,PRX,Porsche,1,718 Cayman,802,2024,1,718 Cayman,97.4,59.7,60.6,40.7,40.7,0,55.44,55.44,0,138.6,138.6,0,1130,,1130
2024,"Volkswagen Group of America, Inc.",VGA,PV,Passenger Vehicles,4941,N,N,Y,Porsche AG,PRX,Porsche,1,718 Cayman GTS 4.0,872,2024,1,718 Cayman GTS 4.0,97.4,60.1,60.4,40.7,40.7,0,55.44,55.44,0,138.6,138.6,0,843,,843
2024,"Volkswagen Group of America, Inc.",VGA,PV,Passenger Vehicles,4941,N,N,Y,Porsche AG,PRX,Porsche,1,718 Cayman S,812,2024,1,718 Cayman S,97.4,59.7,60.6,40.7,40.7,0,55.44,55.44,0,138.6,138.6,0,546,,546
2024,"Volkswagen Group of America, Inc.",VGA,PV,Passenger Vehicles,4941,N,N,Y,Porsche AG,PRX,Porsche,1,718 GT4 RS,881,2024,1,718 GT4 RS,97.7,60.8,60.7,41.3,41.3,0,55.05,55.05,0,139.6,139.6,0,916,,916
2024,"Volkswagen Group of America, Inc.",VGA,PV,Passenger Vehicles,4941,N,N,Y,Porsche AG,PRX,Porsche,1,718 Spyder RS,890,2024,1,718 Spyder RS,97.7,60.8,60.4,41.1,41.1,0,35.80,55.29,19.49,161.3,138.9,22.4,611,,611
2024,"Volkswagen Group of America, Inc.",VGA,PV,Passenger Vehicles,4941,N,N,Y,Porsche AG,PRX,Porsche,1,911 Carrera,501,2024,1,911 Carrera,96.5,62.6,61.3,41.5,41.5,0,54.80,54.80,0,140.3,140.3,0,1061,,1061
2024,"Volkswagen Group of America, Inc.",VGA,PV,Passenger Vehicles,4941,N,N,Y,Porsche AG,PRX,Porsche,1,911 Carrera 4,530,2024,1,911 Carrera 4,96.5,62.6,61.3,41.5,41.5,0,54.80,54.80,0,140.3,140.3,0,143,,143
2024,"Volkswagen Group of America, Inc.",VGA,PV,Passenger Vehicles,4941,N,N,Y,Porsche AG,PRX,Porsche,1,911 Carrera 4 Cabriolet,531,2024,1,911 Carrera 4 Cabriolet,96.5,62.6,61.3,41.5,41.5,0,54.80,54.80,0,140.3,140.3,0,67,,67
2024,"Volkswagen Group of America, Inc.",VGA,PV,Passenger Vehicles,4941,N,N,Y,Porsche AG,PRX,Porsche,1,911 Carrera 4 GTS,572,2024,1,911 Carrera 4 GTS,96.5,62.8,61.3,41.5,41.5,0,54.80,54.80,0,140.3,140.3,0,357,,357
2024,"Volkswagen Group of America, Inc.",VGA,PV,Passenger Vehicles,4941,N,N,Y,Porsche AG,PRX,Porsche,1,911 Carrera 4 GTS Cabriolet,573,2024,1,911 Carrera 4 GTS Cabriolet,96.5,62.8,61.3,41.5,41.5,0,54.80,54.80,0,140.3,140.3,0,157,,157
2024,"Volkswagen Group of America, Inc.",VGA,PV,Passenger Vehicles,4941,N,N,Y,Porsche AG,PRX,Porsche,1,911 Carrera 4S,520,2024,1,911 Carrera 4S,96.5,62.6,61.3,41.5,41.5,0,54.80,54.80,0,140.3,140.3,0,930,,930
2024,"Volkswagen Group of America, Inc.",VGA,PV,Passenger Vehicles,4941,N,N,Y,Porsche AG,PRX,Porsche,1,911 Carrera 4S Cabriolet,521,2024,1,911 Carrera 4S Cabriolet,96.5,62.6,61.3,41.5,41.5,0,54.80,54.80,0,140.3,140.3,0,302,,302
2024,"Volkswagen Group of America, Inc.",VGA,PV,Passenger Vehicles,4941,N,N,Y,Porsche AG,PRX,Porsche,1,911 Carrera Cabriolet,502,2024,1,911 Carrera Cabriolet,96.5,62.6,61.3,41.5,41.5,0,54.80,54.80,0,140.3,140.3,0,631,,631
2024,"Volkswagen Group of America, Inc.",VGA,PV,Passenger Vehicles,4941,N,N,Y,Porsche AG,PRX,Porsche,1,911 Carrera GTS,570,2024,1,911 Carrera GTS,96.5,62.8,61.3,41.5,41.5,0,54.80,54.80,0,140.3,140.3,0,1000,,1000
2024,"Volkswagen Group of America, Inc.",VGA,PV,Passenger Vehicles,4941,N,N,Y,Porsche AG,PRX,Porsche,1,911 Carrera GTS Cabriolet,571,2024,1,911 Carrera GTS Cabriolet,96.5,62.8,61.3,41.5,41.5,0,54.80,54.80,0,140.3,140.3,0,335,,335
2024,"Volkswagen Group of America, Inc.",VGA,PV,Passenger Vehicles,4941,N,N,Y,Porsche AG,PRX,Porsche,1,911 Carrera S,510,2024,1,911 Carrera S,96.5,62.6,61.3,41.5,41.5,0,54.80,54.80,0,140.3,140.3,0,1782,,1782
2024,"Volkswagen Group of America, Inc.",VGA,PV,Passenger Vehicles,4941,N,N,Y,Porsche AG,PRX,Porsche,1,911 Carrera S Cabriolet,511,2024,1,911 Carrera S Cabriolet,96.5,62.6,61.3,41.5,41.5,0,54.80,54.80,0,140.3,140.3,0,540,,540
2024,"Volkswagen Group of America, Inc.",VGA,PV,Passenger Vehicles,4941,N,N,Y,Porsche AG,PRX,Porsche,1,911 Carrera T,514,2024,1,911 Carrera T,96.5,62.6,61.3,41.5,41.5,0,54.80,54.80,0,140.3,140.3,0,1605,,1605
2024,"Volkswagen Group of America, Inc.",VGA,PV,Passenger Vehicles,4941,N,N,Y,Porsche AG,PRX,Porsche,1,911 Dakar,590,2024,1,911 Dakar,96.5,62.8,61.3,41.5,41.5,0,54.80,54.80,0,140.3,140.3,0,457,,457
2024,"Volkswagen Group of America, Inc.",VGA,PV,Passenger Vehicles,4941,N,N,Y,Porsche AG,PRX,Porsche,1,911 GT3,580,2024,1,911 GT3,96.7,63.0,61.1,41.6,41.6,0,54.68,54.68,0,140.6,140.6,0,400,,400
2024,"Volkswagen Group of America, Inc.",VGA,PV,Passenger Vehicles,4941,N,N,Y,Porsche AG,PRX,Porsche,1,911 GT3 RS,581,2024,1,911 GT3 RS,96.7,63.0,61.1,41.6,41.6,0,54.68,54.68,0,140.6,140.6,0,1010,,1010
2024,"Volkswagen Group of America, Inc.",VGA,PV,Passenger Vehicles,4941,N,N,Y,Porsche AG,PRX,Porsche,1,911 GT3 Touring,583,2024,1,911 GT3 Touring,96.7,63.0,61.1,41.6,41.6,0,54.68,54.68,0,140.6,140.6,0,201,,201
2024,"Volkswagen Group of America, Inc.",VGA,PV,Passenger Vehicles,4941,N,N,Y,Porsche AG,PRX,Porsche,1,911 S/T,584,2024,1,911 S/T,96.7,63.0,61.1,41.6,41.6,0,54.68,54.68,0,140.6,140.6,0,531,,531
2024,"Volkswagen Group of America, Inc.",VGA,PV,Passenger Vehicles,4941,N,N,Y,Porsche AG,PRX,Porsche,1,911 Targa 4,534,2024,1,911 Targa 4,96.5,62.6,61.3,41.5,41.5,0,54.80,54.80,0,140.3,140.3,0,224,,224
2024,"Volkswagen Group of America, Inc.",VGA,PV,Passenger Vehicles,4941,N,N,Y,Porsche AG,PRX,Porsche,1,911 Targa 4 GTS,574,2024,1,911 Targa 4 GTS,96.5,62.8,61.3,41.5,41.5,0,54.80,54.80,0,140.3,140.3,0,971,,971
2024,"Volkswagen Group of America, Inc.",VGA,PV,Passenger Vehicles,4941,N,N,Y,Porsche AG,PRX,Porsche,1,911 Targa 4S,522,2024,1,911 Targa 4S,96.5,62.6,61.3,41.5,41.5,0,54.80,54.80,0,140.3,140.3,0,836,,836
2024,"Volkswagen Group of America, Inc.",VGA,PV,Passenger Vehicles,4941,N,N,Y,Porsche AG,PRX,Porsche,1,911 Turbo,540,2024,1,911 Turbo,96.5,62.3,63.0,42.0,42.0,0,54.20,54.20,0,142.0,142.0,0,109,,109
2024,"Volkswagen Group of America, Inc.",VGA,PV,Passenger Vehicles,4941,N,N,Y,Porsche AG,PRX,Porsche,1,911 Turbo Cabriolet,541,2024,1,911 Turbo Cabriolet,96.5,62.3,63.0,42.0,42.0,0,54.20,54.20,0,142.0,142.0,0,67,,67
2024,"Volkswagen Group of America, Inc.",VGA,PV,Passenger Vehicles,4941,N,N,Y,Porsche AG,PRX,Porsche,1,911 Turbo S,550,2024,1,911 Turbo S,96.5,62.3,63.0,42.0,42.0,0,54.20,54.20,0,142.0,142.0,0,1280,,1280
2024,"Volkswagen Group of America, Inc.",VGA,PV,Passenger Vehicles,4941,N,N,Y,Porsche AG,PRX,Porsche,1,911 Turbo S Cabriolet,551,2024,1,911 Turbo S Cabriolet,96.5,62.3,63.0,42.0,42.0,0,54.20,54.20,0,142.0,142.0,0,907,,907
2024,"Volkswagen Group of America, Inc.",VGA,PV,Passenger Vehicles,4941,N,N,Y,Porsche AG,PRX,Porsche,1,Panamera,601,2024,1,Panamera,116.1,65.6,64.4,52.4,52.4,0,44.13,44.13,0,177.2,177.2,0,975,,975
2024,"Volkswagen Group of America, Inc.",VGA,PV,Passenger Vehicles,4941,N,N,Y,Porsche AG,PRX,Porsche,1,Panamera 4,630,2024,1,Panamera 4,116.1,65.6,64.4,52.4,52.4,0,44.13,44.13,0,177.2,177.2,0,1123,,1123
2024,"Volkswagen Group of America, Inc.",VGA,PV,Passenger Vehicles,4941,N,N,Y,Porsche AG,PRX,Porsche,1,Taycan 4 Cross Turismo,705,2024,1,Taycan 4 Cross Turismo,114.3,67.6,66.9,53.3,53.3,0,43.43,43.43,0,180.3,180.3,0,232,,232
2024,"Volkswagen Group of America, Inc.",VGA,PV,Passenger Vehicles,4941,N,N,Y,Porsche AG,PRX,Porsche,1,Taycan 4S Cross Turismo,725,2024,1,Taycan 4S Cross Turismo,114.3,67.6,66.9,53.3,53.3,0,43.43,43.43,0,180.3,180.3,0,175,,175
2024,"Volkswagen Group of America, Inc.",VGA,PV,Passenger Vehicles,4941,N,N,Y,Porsche AG,PRX,Porsche,1,Taycan 4S Perf Battery Plus,721,2024,1,Taycan 4S Perf Battery Plus,114.3,67.6,66.9,53.3,53.3,0,43.43,43.43,0,180.3,180.3,0,616,,616
2024,"Volkswagen Group of America, Inc.",VGA,PV,Passenger Vehicles,4941,N,N,Y,Porsche AG,PRX,Porsche,1,Taycan 4S Performance Battery,720,2024,1,Taycan 4S Perf Battery,114.3,67.6,66.9,53.3,53.3,0,43.43,43.43,0,180.3,180.3,0,222,,222
2024,"Volkswagen Group of America, Inc.",VGA,PV,Passenger Vehicles,4941,N,N,Y,Porsche AG,PRX,Porsche,1,Taycan GTS,770,2024,1,Taycan GTS,114.2,66.5,65.2,52.2,52.2,0,36.31,44.29,7.98,214.2,176.6,37.6,668,,668
2024,"Volkswagen Group of America, Inc.",VGA,PV,Passenger Vehicles,4941,N,N,Y,Porsche AG,PRX,Porsche,1,Taycan GTS Sport Turismo,772,2024,1,Taycan GTS ST,114.2,66.5,65.2,52.2,52.2,0,36.31,44.29,7.98,214.2,176.6,37.6,237,,237
2024,"Volkswagen Group of America, Inc.",VGA,PV,Passenger Vehicles,4941,N,N,Y,Porsche AG,PRX,Porsche,1,Taycan Perf Battery Plus,702,2024,1,Taycan Perf Battery Plus,114.3,67.6,66.9,53.3,53.3,0,43.43,43.43,0,180.3,180.3,0,991,,991
2024,"Volkswagen Group of America, Inc.",VGA,PV,Passenger Vehicles,4941,N,N,Y,Porsche AG,PRX,Porsche,1,Taycan Performance Battery,701,2024,1,Taycan Perf Battery,114.3,67.6,66.9,53.3,53.3,0,43.43,43.43,0,180.3,180.3,0,931,,931
2024,"Volkswagen Group of America, Inc.",VGA,PV,Passenger Vehicles,4941,N,N,Y,Porsche AG,PRX,Porsche,1,Taycan Turbo,740,2024,1,Taycan Turbo,114.2,67.0,65.6,52.6,52.6,0,43.97,43.97,0,177.9,177.9,0,67,,67
2024,"Volkswagen Group of America, Inc.",VGA,PV,Passenger Vehicles,4941,N,N,Y,Porsche AG,PRX,Porsche,1,Taycan Turbo Cross Turismo,745,2024,1,Taycan Turbo Cross Turismo,114.3,67.3,65.8,52.9,52.9,0,43.74,43.74,0,178.9,178.9,0,21,,21
2024,"Volkswagen Group of America, Inc.",VGA,PV,Passenger Vehicles,4941,N,N,Y,Porsche AG,PRX,Porsche,1,Taycan Turbo S,750,2024,1,Taycan Turbo S,114.2,66.5,65.2,52.2,52.2,0,36.31,44.29,7.98,214.2,176.6,37.6,202,,202
2024,"Volkswagen Group of America, Inc.",VGA,PV,Passenger Vehicles,4941,N,N,Y,Porsche AG,PRX,Porsche,1,Taycan Turbo S Cross Turismo,755,2024,1,Taycan Turbo S Cross Turismo,114.3,66.9,65.4,52.5,52.5,0,36.13,44.05,7.92,215.3,177.6,37.7,49,,49
2024,"Volkswagen Group of America, Inc.",VGA,PV,Passenger Vehicles,4941,N,N,Y,"Volkswagen Group of America, Inc.",VGA,Audi,2,A3,67,2024,1,A3,103.5,60.8,59.8,43.3,43.3,0,52.70,52.70,0,146.4,146.4,0,4384,,4384
2024,"Volkswagen Group of America, Inc.",VGA,PV,Passenger Vehicles,4941,N,N,Y,"Volkswagen Group of America, Inc.",VGA,Audi,2,A3 quattro,68,2024,1,A3 quattro,103.5,60.8,59.8,43.3,43.3,0,52.70,52.70,0,146.4,146.4,0,4258,,4258
2024,"Volkswagen Group of America, Inc.",VGA,PV,Passenger Vehicles,4941,N,N,Y,"Volkswagen Group of America, Inc.",VGA,Audi,2,A4 S line quattro,27,2024,1,A4 S Line quattro,111.2,61.6,60.9,47.3,47.3,0,48.55,48.55,0,159.9,159.9,0,5791,,5791
2024,"Volkswagen Group of America, Inc.",VGA,PV,Passenger Vehicles,4941,N,N,Y,"Volkswagen Group of America, Inc.",VGA,Audi,2,A4 allroad quattro,26,2024,1,A4 allroad quattro,110.9,62.1,61.7,47.7,47.7,0,48.17,48.17,0,161.3,161.3,0,1401,,1401
2024,"Volkswagen Group of America, Inc.",VGA,PV,Passenger Vehicles,4941,N,N,Y,"Volkswagen Group of America, Inc.",VGA,Audi,2,A4 quattro,20,2024,1,A4 quattro,111.2,61.8,61.0,47.4,47.4,0,48.46,48.46,0,160.3,160.3,0,456,,456
2024,"Volkswagen Group of America, Inc.",VGA,PV,Passenger Vehicles,4941,N,N,Y,"Volkswagen Group of America, Inc.",VGA,Audi,2,A5 Cabriolet quattro,53,2024,1,A5 Cabriolet quattro,108.8,62.5,61.7,46.9,46.9,0,48.94,48.94,0,158.6,158.6,0,3910,,3910
2024,"Volkswagen Group of America, Inc.",VGA,PV,Passenger Vehicles,4941,N,N,Y,"Volkswagen Group of America, Inc.",VGA,Audi,2,A5 Coupe quattro,54,2024,1,A5 Coupe quattro,108.8,62.5,61.7,46.9,46.9,0,48.94,48.94,0,158.6,158.6,0,576,,576
2024,"Volkswagen Group of America, Inc.",VGA,PV,Passenger Vehicles,4941,N,N,Y,"Volkswagen Group of America, Inc.",VGA,Audi,2,A5 Sportback S line quattro,45,2024,1,A5 Sportback S Line quattro,111.2,62.5,61.7,48.0,48.0,0,47.89,47.89,0,162.3,162.3,0,12347,,12347
2024,"Volkswagen Group of America, Inc.",VGA,PV,Passenger Vehicles,4941,N,N,Y,"Volkswagen Group of America, Inc.",VGA,Audi,2,A5 Sportback quattro,41,2024,1,A5 Sportback quattro,111.2,62.5,61.7,48.0,48.0,0,47.89,47.89,0,162.3,162.3,0,653,,653
2024,"Volkswagen Group of America, Inc.",VGA,PV,Passenger Vehicles,4941,N,N,Y,"Volkswagen Group of America, Inc.",VGA,Audi,2,A6 allroad quattro,81,2024,1,A6 allroad quattro,115.2,64.5,63.1,51.0,51.0,0,45.26,45.26,0,172.5,172.5,0,767,,767
2024,"Volkswagen Group of America, Inc.",VGA,PV,Passenger Vehicles,4941,N,N,Y,"Volkswagen Group of America, Inc.",VGA,Audi,2,A6 quattro,75,2024,1,A6 quattro,115.2,64.0,63.3,50.9,50.9,0,45.34,45.34,0,172.2,172.2,0,6823,,6823
2024,"Volkswagen Group of America, Inc.",VGA,PV,Passenger Vehicles,4941,N,N,Y,"Volkswagen Group of America, Inc.",VGA,Audi,2,A7 quattro,70,2024,1,A7 quattro,115.1,64.7,64.1,51.5,51.5,0,44.85,44.85,0,174.2,174.2,0,569,,569
2024,"Volkswagen Group of America, Inc.",VGA,PV,Passenger Vehicles,4941,N,N,Y,"Volkswagen Group of America, Inc.",VGA,Audi,2,A8 quattro,94,2024,1,A8 quattro,123.1,64.1,63.6,54.5,54.5,0,42.53,42.53,0,184.4,184.4,0,1289,,1289
2024,"Volkswagen Group of America, Inc.",VGA,PV,Passenger Vehicles,4941,N,N,Y,"Volkswagen Group of America, Inc.",VGA,Audi,2,Q4 40 e-tron,360,2024,1,Q4 40 e-tron,108.9,62.5,61.5,46.9,46.9,0,48.94,48.94,0,158.6,158.6,0,362,,362
2024,"Volkswagen Group of America, Inc.",VGA,PV,Passenger Vehicles,4941,N,N,Y,"Volkswagen Group of America, Inc.",VGA,Audi,2,Q4 50 e-tron quattro,358,2024,1,Q4 50 e-tron quattro,108.9,62.5,61.7,47.0,47.0,0,48.84,48.84,0,158.9,158.9,0,3318,,3318
2024,"Volkswagen Group of America, Inc.",VGA,PV,Passenger Vehicles,4941,N,N,Y,"Volkswagen Group of America, Inc.",VGA,Audi,2,Q4 55 e-tron quattro,362,2024,1,Q4 55 e-tron quattro,108.9,62.5,61.5,46.9,46.9,0,48.94,48.94,0,158.6,158.6,0,6538,,6538
2024,"Volkswagen Group of America, Inc.",VGA,PV,Passenger Vehicles,4941,N,N,Y,"Volkswagen Group of America, Inc.",VGA,Audi,2,Q4 Sportback 50 e-tron quattro,359,2024,1,Q4 Sportback 50 e-tron quattro,108.9,62.5,61.7,47.0,47.0,0,48.84,48.84,0,158.9,158.9,0,1390,,1390
2024,"Volkswagen Group of America, Inc.",VGA,PV,Passenger Vehicles,4941,N,N,Y,"Volkswagen Group of America, Inc.",VGA,Audi,2,Q4 Sportback 55 e-tron quattro,363,2024,1,Q4 55 e-tron Sportback quattro,108.9,62.5,61.7,47.0,47.0,0,48.84,48.84,0,158.9,158.9,0,1847,,1847
2024,"Volkswagen Group of America, Inc.",VGA,PV,Passenger Vehicles,4941,N,N,Y,"Volkswagen Group of America, Inc.",VGA,Audi,2,RS 3,15,2024,1,RS 3,103.6,62.7,60.0,44.2,44.2,0,51.70,51.70,0,149.4,149.4,0,1945,,1945
2024,"Volkswagen Group of America, Inc.",VGA,PV,Passenger Vehicles,4941,N,N,Y,"Volkswagen Group of America, Inc.",VGA,Audi,2,RS 5 Coupe,43,2024,1,RS 5 Coupe,108.9,62.9,62.5,47.4,47.4,0,48.46,48.46,0,160.3,160.3,0,174,,174
2024,"Volkswagen Group of America, Inc.",VGA,PV,Passenger Vehicles,4941,N,N,Y,"Volkswagen Group of America, Inc.",VGA,Audi,2,RS 5 Sportback,52,2024,1,RS 5 Sportback,111.3,62.9,62.5,48.5,48.5,0,47.43,47.43,0,164.0,164.0,0,868,,868
2024,"Volkswagen Group of America, Inc.",VGA,PV,Passenger Vehicles,4941,N,N,Y,"Volkswagen Group of America, Inc.",VGA,Audi,2,RS 6 Avant,77,2024,1,RS 6 Avant,115.4,65.7,65.0,52.4,52.4,0,44.13,44.13,0,177.2,177.2,0,1077,,1077
2024,"Volkswagen Group of America, Inc.",VGA,PV,Passenger Vehicles,4941,N,N,Y,"Volkswagen Group of America, Inc.",VGA,Audi,2,RS 7,73,2024,1,RS 7,115.4,65.7,65.0,52.4,52.4,0,44.13,44.13,0,177.2,177.2,0,575,,575
2024,"Volkswagen Group of America, Inc.",VGA,PV,Passenger Vehicles,4941,N,N,Y,"Volkswagen Group of America, Inc.",VGA,Audi,2,RS e-tron GT,353,2024,1,RS e-tron GT,114.2,67.0,65.6,52.6,52.6,0,43.97,43.97,0,177.9,177.9,0,1146,,1146
2024,"Volkswagen Group of America, Inc.",VGA,PV,Passenger Vehicles,4941,N,N,Y,"Volkswagen Group of America, Inc.",VGA,Audi,2,S3,64,2024,1,S3,103.6,61.0,59.8,43.5,43.5,0,52.47,52.47,0,147.1,147.1,0,1323,,1323
2024,"Volkswagen Group of America, Inc.",VGA,PV,Passenger Vehicles,4941,N,N,Y,"Volkswagen Group of America, Inc.",VGA,Audi,2,S4,30,2024,1,S4,111.2,61.6,60.9,47.3,47.3,0,48.55,48.55,0,159.9,159.9,0,874,,874
2024,"Volkswagen Group of America, Inc.",VGA,PV,Passenger Vehicles,4941,N,N,Y,"Volkswagen Group of America, Inc.",VGA,Audi,2,S5 Cabriolet,56,2024,1,S5 Cabriolet,108.9,62.2,61.5,46.7,46.7,0,49.13,49.13,0,157.9,157.9,0,2230,,2230
2024,"Volkswagen Group of America, Inc.",VGA,PV,Passenger Vehicles,4941,N,N,Y,"Volkswagen Group of America, Inc.",VGA,Audi,2,S5 Coupe,42,2024,1,S5 Coupe,108.9,62.2,61.5,46.7,46.7,0,49.13,49.13,0,157.9,157.9,0,507,,507
2024,"Volkswagen Group of America, Inc.",VGA,PV,Passenger Vehicles,4941,N,N,Y,"Volkswagen Group of America, Inc.",VGA,Audi,2,S5 Sportback,44,2024,1,S5 Sportback,111.2,62.2,61.5,47.7,47.7,0,48.17,48.17,0,161.3,161.3,0,5524,,5524
2024,"Volkswagen Group of America, Inc.",VGA,PV,Passenger Vehicles,4941,N,N,Y,"Volkswagen Group of America, Inc.",VGA,Audi,2,S6,76,2024,1,S6,115.3,63.7,63.1,50.8,50.8,0,45.43,45.43,0,171.8,171.8,0,220,,220
2024,"Volkswagen Group of America, Inc.",VGA,PV,Passenger Vehicles,4941,N,N,Y,"Volkswagen Group of America, Inc.",VGA,Audi,2,S7,69,2024,1,S7,115.3,64.8,64.1,51.6,51.6,0,44.77,44.77,0,174.5,174.5,0,340,,340
2024,"Volkswagen Group of America, Inc.",VGA,PV,Passenger Vehicles,4941,N,N,Y,"Volkswagen Group of America, Inc.",VGA,Audi,2,S8,97,2024,1,S8,118.1,64.2,63.6,52.4,52.4,0,44.13,44.13,0,177.2,177.2,0,601,,601
2024,"Volkswagen Group of America, Inc.",VGA,PV,Passenger Vehicles,4941,N,N,Y,"Volkswagen Group of America, Inc.",VGA,Audi,2,e-tron GT,352,2024,1,e-tron GT,114.2,67.0,65.6,52.6,52.6,0,43.97,43.97,0,177.9,177.9,0,1932,,1932
2024,"Volkswagen Group of America, Inc.",VGA,PV,Passenger Vehicles,4941,N,N,Y,"Volkswagen Group of America, Inc.",VGA,Bentley,3,Continental GT,35,2024,1,Continental GT 6L,112.2,65.8,65.5,51.1,51.1,0,45.18,45.18,0,172.8,172.8,0,287,,287
2024,"Volkswagen Group of America, Inc.",VGA,PV,Passenger Vehicles,4941,N,N,Y,"Volkswagen Group of America, Inc.",VGA,Bentley,3,Continental GT,35,2024,2,Continental GT 4L,112.2,65.8,65.5,51.1,51.1,0,45.18,45.18,0,172.8,172.8,0,568,,568
2024,"Volkswagen Group of America, Inc.",VGA,PV,Passenger Vehicles,4941,N,N,Y,"Volkswagen Group of America, Inc.",VGA,Bentley,3,Continental GTC,46,2024,1,Continental GTC 6L,112.2,65.8,65.5,51.1,51.1,0,45.18,45.18,0,172.8,172.8,0,362,,362
2024,"Volkswagen Group of America, Inc.",VGA,PV,Passenger Vehicles,4941,N,N,Y,"Volkswagen Group of America, Inc.",VGA,Bentley,3,Continental GTC,46,2024,2,Continental GTC 4L,112.2,65.8,65.5,51.1,51.1,0,45.18,45.18,0,172.8,172.8,0,690,,690
2024,"Volkswagen Group of America, Inc.",VGA,PV,Passenger Vehicles,4941,N,N,Y,"Volkswagen Group of America, Inc.",VGA,Bentley,3,Flying Spur,40,2024,1,Flying Spur,125.7,65.7,65.5,57.3,57.3,0,41.48,41.48,0,189.5,189.5,0,626,,626
2024,"Volkswagen Group of America, Inc.",VGA,PV,Passenger Vehicles,4941,N,N,Y,"Volkswagen Group of America, Inc.",VGA,Bentley,3,Flying Spur Hybrid,48,2024,1,Flying Spur Hybrid,125.7,65.7,65.5,57.3,57.3,0,41.48,41.48,0,189.5,189.5,0,49,,49
2024,"Volkswagen Group of America, Inc.",VGA,PV,Passenger Vehicles,4941,N,N,Y,"Volkswagen Group of America, Inc.",VGA,Bugatti,5,Chiron Super Sport,503,2024,1,Chiron Super Sport,106.7,68.9,65.4,49.8,49.8,0,46.28,46.28,0,168.4,168.4,0,8,,8
2024,"Volkswagen Group of America, Inc.",VGA,PV,Passenger Vehicles,4941,N,N,Y,"Volkswagen Group of America, Inc.",VGA,Lamborghini,4,Huracan Coupe 2WD,407,2024,1,Huracan Coupe (Tecnica),103.1,65.7,63.9,46.4,46.4,0,49.43,49.43,0,156.9,156.9,0,474,,474
2024,"Volkswagen Group of America, Inc.",VGA,PV,Passenger Vehicles,4941,N,N,Y,"Volkswagen Group of America, Inc.",VGA,Lamborghini,4,Huracan Coupe 2WD,407,2024,2,Huracan Coupe (STO),103.1,66.5,64.8,47.0,47.0,0,48.84,48.84,0,158.9,158.9,0,149,,149
2024,"Volkswagen Group of America, Inc.",VGA,PV,Passenger Vehicles,4941,N,N,Y,"Volkswagen Group of America, Inc.",VGA,Lamborghini,4,Huracan Spyder,427,2024,1,Huracan Spyder,103.1,65.7,63.8,46.4,46.4,0,49.43,49.43,0,156.9,156.9,0,159,,159
2024,"Volkswagen Group of America, Inc.",VGA,PV,Passenger Vehicles,4941,N,N,Y,"Volkswagen Group of America, Inc.",VGA,Lamborghini,4,Huracan Sterrato,429,2024,1,Huracan Sterrato,103.5,66.9,65.1,47.4,47.4,0,48.46,48.46,0,160.3,160.3,0,391,,391
2024,"Volkswagen Group of America, Inc.",VGA,PV,Passenger Vehicles,4941,N,N,Y,"Volkswagen Group of America, Inc.",VGA,Lamborghini,4,Revuelto,475,2024,1,Revuelto,109.4,67.7,67.0,51.2,51.2,0,45.09,45.09,0,173.2,173.2,0,514,,514
2024,"Volkswagen Group of America, Inc.",VGA,PV,Passenger Vehicles,4941,N,N,Y,"Volkswagen Group of America, Inc.",VGA,Lamborghini,4,Urus Performante,411,2024,1,Urus Performante (PC),118.3,67.4,67.6,55.5,55.5,0,41.81,41.81,0,187.7,187.7,0,1204,,1204
2024,"Volkswagen Group of America, Inc.",VGA,PV,Passenger Vehicles,4941,N,N,Y,"Volkswagen Group of America, Inc.",VGA,Volkswagen,1,Atlas Cross Sport,190,2024,1,Atlas Cross Sport,117.3,67.0,67.6,54.8,54.8,0,42.31,42.31,0,185.4,185.4,0,15282,,15282
2024,"Volkswagen Group of America, Inc.",VGA,PV,Passenger Vehicles,4941,N,N,Y,"Volkswagen Group of America, Inc.",VGA,Volkswagen,1,GLI,221,2024,1,GLI,105.5,60.6,60.9,44.5,44.5,0,51.38,51.38,0,150.5,150.5,0,4874,,4874
2024,"Volkswagen Group of America, Inc.",VGA,PV,Passenger Vehicles,4941,N,N,Y,"Volkswagen Group of America, Inc.",VGA,Volkswagen,1,GTI,211,2024,1,GTI Auto,103.5,60.5,59.6,43.1,43.1,0,52.92,52.92,0,145.7,145.7,0,8925,,8925
2024,"Volkswagen Group of America, Inc.",VGA,PV,Passenger Vehicles,4941,N,N,Y,"Volkswagen Group of America, Inc.",VGA,Volkswagen,1,GTI,211,2024,2,GTI Manual,103.5,60.4,59.6,43.1,43.1,0,52.92,52.92,0,145.7,145.7,0,6589,,6589
2024,"Volkswagen Group of America, Inc.",VGA,PV,Passenger Vehicles,4941,N,N,Y,"Volkswagen Group of America, Inc.",VGA,Volkswagen,1,Golf R,212,2024,1,Golf R,103.5,60.7,59.7,43.3,43.3,0,52.70,52.70,0,146.4,146.4,0,5855,,5855
2024,"Volkswagen Group of America, Inc.",VGA,PV,Passenger Vehicles,4941,N,N,Y,"Volkswagen Group of America, Inc.",VGA,Volkswagen,1,ID.4,311,2024,1,ID.4,108.7,62.5,61.5,46.8,46.8,0,49.03,49.03,0,158.3,158.3,0,4118,,4118
2024,"Volkswagen Group of America, Inc.",VGA,PV,Passenger Vehicles,4941,N,N,Y,"Volkswagen Group of America, Inc.",VGA,Volkswagen,1,ID.4 Pro,309,2024,1,ID.4 Pro,108.7,62.5,61.5,46.8,46.8,0,49.03,49.03,0,158.3,158.3,0,836,,836
2024,"Volkswagen Group of America, Inc.",VGA,PV,Passenger Vehicles,4941,N,N,Y,"Volkswagen Group of America, Inc.",VGA,Volkswagen,1,ID.4 Pro S,307,2024,1,ID.4 Pro S,108.7,62.5,61.7,46.9,46.9,0,48.94,48.94,0,158.6,158.6,0,1071,,1071
2024,"Volkswagen Group of America, Inc.",VGA,PV,Passenger Vehicles,4941,N,N,Y,"Volkswagen Group of America, Inc.",VGA,Volkswagen,1,ID.4 S,310,2024,1,ID.4 S,108.7,62.5,61.5,46.8,46.8,0,49.03,49.03,0,158.3,158.3,0,4728,,4728
2024,"Volkswagen Group of America, Inc.",VGA,PV,Passenger Vehicles,4941,N,N,Y,"Volkswagen Group of America, Inc.",VGA,Volkswagen,1,Jetta,222,2024,1,Jetta Manual,105.5,60.7,60.4,44.4,44.4,0,51.49,51.49,0,150.1,150.1,0,3518,,3518
2024,"Volkswagen Group of America, Inc.",VGA,PV,Passenger Vehicles,4941,N,N,Y,"Volkswagen Group of America, Inc.",VGA,Volkswagen,1,Jetta,222,2024,2,Jetta S,105.5,60.7,60.4,44.4,44.4,0,51.49,51.49,0,150.1,150.1,0,15394,,15394
2024,"Volkswagen Group of America, Inc.",VGA,PV,Passenger Vehicles,4941,N,N,Y,"Volkswagen Group of America, Inc.",VGA,Volkswagen,1,Jetta Sport/SE/SEL,223,2024,1,Jetta Sport SE SEL,105.5,60.8,60.4,44.4,44.4,0,51.49,51.49,0,150.1,150.1,0,43426,,43426
2024,"Volkswagen Group of America, Inc.",VGA,PV,Passenger Vehicles,4941,N,N,Y,"Volkswagen Group of America, Inc.",VGA,Volkswagen,1,Taos,141,2024,1,Taos (FWD),105.5,61.9,60.5,44.8,44.8,0,51.06,51.06,0,151.5,151.5,0,42566,,42566
2024,"Volvo Car USA,  LLC",VVX,LT,Light Trucks,4695,N,N,Y,"Volvo Car USA,  LLC",VVX,"Volvo Cars of North America, LLC",1,V60CC B5 AWD,241,2024,1,V60CC B5 AWD. 18 inch tire.,113.2,64.9,64.2,50.8,50.8,0,37.16,37.16,0,208.9,208.9,0,338,,338
2024,"Volvo Car USA,  LLC",VVX,LT,Light Trucks,4695,N,N,Y,"Volvo Car USA,  LLC",VVX,"Volvo Cars of North America, LLC",1,V60CC B5 AWD,241,2024,2,V60CC B5 AWD. 19 inch tire.,113.2,64.6,63.8,50.5,50.5,0,37.35,37.35,0,207.8,207.8,0,1356,,1356
2024,"Volvo Car USA,  LLC",VVX,LT,Light Trucks,4695,N,N,Y,"Volvo Car USA,  LLC",VVX,"Volvo Cars of North America, LLC",1,V90CC B6 AWD,220,2024,1,V90CC B6 AWD. 19 inch tire.,115.8,64.9,64.6,52.1,52.1,0,36.36,36.36,0,213.8,213.8,0,180,,180
2024,"Volvo Car USA,  LLC",VVX,LT,Light Trucks,4695,N,N,Y,"Volvo Car USA,  LLC",VVX,"Volvo Cars of North America, LLC",1,V90CC B6 AWD,220,2024,2,V90CC B6 AWD. 20 and 21 inch tire.,115.8,65.0,64.7,52.1,52.1,0,36.36,36.36,0,213.8,213.8,0,312,,312
2024,"Volvo Car USA,  LLC",VVX,LT,Light Trucks,4695,N,N,Y,"Volvo Car USA,  LLC",VVX,"Volvo Cars of North America, LLC",1,XC40 B5 AWD,240,2024,1,XC40 B5 AWD. All Tire Sizes.,106.3,62.9,63.9,46.8,46.8,0,39.83,39.83,0,193.8,193.8,0,22120,,22120
2024,"Volvo Car USA,  LLC",VVX,LT,Light Trucks,4695,N,N,Y,"Volvo Car USA,  LLC",VVX,"Volvo Cars of North America, LLC",1,XC60 B5 AWD,222,2024,1,XC60 B5 AWD. 18 and 19 inch tires.,112.8,64.9,65.1,50.9,50.9,0,37.10,37.10,0,209.3,209.3,0,11289,,11289
2024,"Volvo Car USA,  LLC",VVX,LT,Light Trucks,4695,N,N,Y,"Volvo Car USA,  LLC",VVX,"Volvo Cars of North America, LLC",1,XC60 B5 AWD,222,2024,2,XC60 B5 AWD. 20 inch tire.,112.8,64.8,65.0,50.8,50.8,0,337.16,37.16,300.00,208.9,208.9,0,10728,,10728
2024,"Volvo Car USA,  LLC",VVX,LT,Light Trucks,4695,N,N,Y,"Volvo Car USA,  LLC",VVX,"Volvo Cars of North America, LLC",1,XC60 B5 AWD,222,2024,3,XC60 B5 AWD. 21 inch tire.,112.8,65.0,65.2,51.0,51.0,0,37.03,37.03,0,209.7,209.7,0,2085,,2085
2024,"Volvo Car USA,  LLC",VVX,LT,Light Trucks,4695,N,N,Y,"Volvo Car USA,  LLC",VVX,"Volvo Cars of North America, LLC",1,XC60 B5 AWD,222,2024,4,XC60 B5 AWD. 22 inch tire.,112.8,65.5,65.7,51.4,51.4,0,36.79,36.79,0,211.2,211.2,0,491,,491
2024,"Volvo Car USA,  LLC",VVX,LT,Light Trucks,4695,N,N,Y,"Volvo Car USA,  LLC",VVX,"Volvo Cars of North America, LLC",1,XC60 T8 AWD Recharge,226,2024,1,XC60 T8 AWD Recharge. 18 and 19 inch tires. [ATM=1.30],112.8,64.9,65.1,50.9,50.9,0,37.10,37.10,0,209.3,209.3,0,2464,,2464
2024,"Volvo Car USA,  LLC",VVX,LT,Light Trucks,4695,N,N,Y,"Volvo Car USA,  LLC",VVX,"Volvo Cars of North America, LLC",1,XC60 T8 AWD Recharge,226,2024,2,XC60 T8 AWD Recharge. 20 inch tire. [ATM=1.30],112.8,64.8,65.0,50.8,50.8,0,37.16,37.16,0,208.9,208.9,0,5773,,5773
2024,"Volvo Car USA,  LLC",VVX,LT,Light Trucks,4695,N,N,Y,"Volvo Car USA,  LLC",VVX,"Volvo Cars of North America, LLC",1,XC60 T8 AWD Recharge,226,2024,3,XC60 T8 AWD Recharge. 21 inch tire. [ATM=1.30],112.8,65.0,65.2,51.0,51.0,0,37.03,37.03,0,209.7,209.7,0,3929,,3929
2024,"Volvo Car USA,  LLC",VVX,LT,Light Trucks,4695,N,N,Y,"Volvo Car USA,  LLC",VVX,"Volvo Cars of North America, LLC",1,XC60 T8 AWD Recharge,226,2024,4,XC60 T8 AWD Recharge. 22 inch tire.[ATM=1.30],112.8,65.5,65.7,51.4,51.4,0,36.79,36.79,0,211.2,211.2,0,749,,749
2024,"Volvo Car USA,  LLC",VVX,LT,Light Trucks,4695,N,N,Y,"Volvo Car USA,  LLC",VVX,"Volvo Cars of North America, LLC",1,XC90 B5 AWD,242,2024,1,XC90 B5 AWD without Air Suspension. 19 inch tire.,117.5,65.5,65.6,53.5,53.5,0,35.55,35.55,0,219.1,219.1,0,807,,807
2024,"Volvo Car USA,  LLC",VVX,LT,Light Trucks,4695,N,N,Y,"Volvo Car USA,  LLC",VVX,"Volvo Cars of North America, LLC",1,XC90 B5 AWD,242,2024,2,XC90 B5 AWD without Air Suspension. 20 and 21 inch tires.,117.5,65.8,65.9,53.7,53.7,0,35.43,35.43,0,219.8,219.8,0,7525,,7525
2024,"Volvo Car USA,  LLC",VVX,LT,Light Trucks,4695,N,N,Y,"Volvo Car USA,  LLC",VVX,"Volvo Cars of North America, LLC",1,XC90 B6 AWD,243,2024,1,XC90 B6 AWD without Air Suspension. 19 inch tire.,117.5,65.5,65.6,53.5,53.5,0,35.55,35.55,0,219.1,219.1,0,35,,35
2024,"Volvo Car USA,  LLC",VVX,LT,Light Trucks,4695,N,N,Y,"Volvo Car USA,  LLC",VVX,"Volvo Cars of North America, LLC",1,XC90 B6 AWD,243,2024,2,XC90 B6 AWD without Air Suspension. 20 21 and 22 inch tires.,117.5,65.8,65.9,53.7,53.7,0,35.43,35.43,0,219.8,219.8,0,15232,,15232
2024,"Volvo Car USA,  LLC",VVX,LT,Light Trucks,4695,N,N,Y,"Volvo Car USA,  LLC",VVX,"Volvo Cars of North America, LLC",1,XC90 B6 AWD,243,2024,3,XC90 B6 AWD with Air Suspension. 21 and 22 inch tires.,117.5,66.0,66.1,53.9,53.9,0,35.32,35.32,0,220.6,220.6,0,1528,,1528
2024,"Volvo Car USA,  LLC",VVX,LT,Light Trucks,4695,N,N,Y,"Volvo Car USA,  LLC",VVX,"Volvo Cars of North America, LLC",1,XC90 T8 AWD Recharge,232,2024,1,XC90 T8 AWD Recharge without Air Suspension. 20 and 21 inch tires. [ATM=1.30],117.5,65.8,65.9,53.7,53.7,0,35.43,35.43,0,219.8,219.8,0,11657,,11657
2024,"Volvo Car USA,  LLC",VVX,LT,Light Trucks,4695,N,N,Y,"Volvo Car USA,  LLC",VVX,"Volvo Cars of North America, LLC",1,XC90 T8 AWD Recharge,232,2024,2,XC90 T8 AWD Recharge with Air Suspension. 20 and 21 inch tires. [ATM=1.30],117.5,66.0,66.1,53.9,53.9,0,35.32,35.32,0,220.6,220.6,0,2971,,2971
2024,"Volvo Car USA,  LLC",VVX,PV,Passenger Vehicles,4721,N,N,Y,Lotus Cars Ltd,LTX,Lotus Cars Ltd,1,Emira,8,2024,1,Emira V6,101.2,63.9,63.4,44.7,44.7,0,51.17,51.17,0,151.1,151.1,0,2671,,2671
2024,"Volvo Car USA,  LLC",VVX,PV,Passenger Vehicles,4721,N,N,Y,"Volvo Car USA,  LLC",VVX,Polestar Automotive USA Inc,3,Polestar 2 Dual Motor (19 Inch Wheels),248,2024,1,Polestar 2 Dual Motor BEV. 19 inch Tires. [ATM=1.5],107.7,63.0,62.8,47.0,47.0,0,48.84,48.84,0,158.9,158.9,0,3494,,3494
2024,"Volvo Car USA,  LLC",VVX,PV,Passenger Vehicles,4721,N,N,Y,"Volvo Car USA,  LLC",VVX,Polestar Automotive USA Inc,3,Polestar 2 Dual Motor (20 Inch Wheels),257,2024,1,Polestar 2 Dual Motor BEV. 20 inch Tires. [ATM=1.50],107.7,63.0,62.8,47.0,47.0,0,48.84,48.84,0,158.9,158.9,0,959,,959
2024,"Volvo Car USA,  LLC",VVX,PV,Passenger Vehicles,4721,N,N,Y,"Volvo Car USA,  LLC",VVX,Polestar Automotive USA Inc,3,Polestar 2 Dual Motor Performance Pack,249,2024,1,Polestar 2 Dual Motor Performance BEV. 20 inch Tires. [ATM=1.50],107.7,63.0,62.8,47.0,47.0,0,48.84,48.84,0,158.9,158.9,0,758,,758
2024,"Volvo Car USA,  LLC",VVX,PV,Passenger Vehicles,4721,N,N,Y,"Volvo Car USA,  LLC",VVX,Polestar Automotive USA Inc,3,Polestar 2 Single Motor (19 Inch Wheels),250,2024,1,Polestar 2 Single Motor BEV. 19 inch Tires. [ATM=1.5],107.7,63.0,62.8,47.0,47.0,0,48.84,48.84,0,158.9,158.9,0,1636,,1636
2024,"Volvo Car USA,  LLC",VVX,PV,Passenger Vehicles,4721,N,N,Y,"Volvo Car USA,  LLC",VVX,Polestar Automotive USA Inc,3,Polestar 2 Single Motor (20 Inch Wheels),258,2024,1,Polestar 2 Single Motor BEV. 20 inch Tires. [ATM=1.50],107.7,63.0,62.8,47.0,47.0,0,48.84,48.84,0,158.9,158.9,0,85,,85
2024,"Volvo Car USA,  LLC",VVX,PV,Passenger Vehicles,4721,N,N,Y,"Volvo Car USA,  LLC",VVX,"Volvo Cars of North America, LLC",1,C40 Recharge,252,2024,1,C40 Recharge. 19 inch tire. [ATM=1.5],106.3,62.9,63.8,46.8,46.8,0,49.03,49.03,0,158.3,158.3,0,90,,90
2024,"Volvo Car USA,  LLC",VVX,PV,Passenger Vehicles,4721,N,N,Y,"Volvo Car USA,  LLC",VVX,"Volvo Cars of North America, LLC",1,C40 Recharge,252,2024,2,C40 Recharge. 20 inch tire. [ATM=1.5],106.3,62.9,63.6,46.7,46.7,0,49.13,49.13,0,157.9,157.9,0,295,,295
2024,"Volvo Car USA,  LLC",VVX,PV,Passenger Vehicles,4721,N,N,Y,"Volvo Car USA,  LLC",VVX,"Volvo Cars of North America, LLC",1,C40 Recharge twin,247,2024,1,C40 Recharge Twin. 19 inch tire. [ATM=1.5],106.3,62.9,63.8,46.8,46.8,0,49.03,49.03,0,158.3,158.3,0,132,,132
2024,"Volvo Car USA,  LLC",VVX,PV,Passenger Vehicles,4721,N,N,Y,"Volvo Car USA,  LLC",VVX,"Volvo Cars of North America, LLC",1,C40 Recharge twin,247,2024,2,C40 Recharge Twin. 20 inch tire. [ATM=1.5],106.3,62.9,63.6,46.7,46.7,0,49.13,49.13,0,157.9,157.9,0,1294,,1294
2024,"Volvo Car USA,  LLC",VVX,PV,Passenger Vehicles,4721,N,N,Y,"Volvo Car USA,  LLC",VVX,"Volvo Cars of North America, LLC",1,S60 B5,205,2024,1,S60 FWD 235 Tire Width.,113.1,62.9,62.9,49.4,49.4,0,46.63,46.63,0,167.1,167.1,0,7348,,7348
2024,"Volvo Car USA,  LLC",VVX,PV,Passenger Vehicles,4721,N,N,Y,"Volvo Car USA,  LLC",VVX,"Volvo Cars of North America, LLC",1,S60 B5 AWD,206,2024,1,S60 B5 AWD Tire Width 235,113.1,62.9,62.9,49.4,49.4,0,46.63,46.63,0,167.1,167.1,0,8271,,8271
2024,"Volvo Car USA,  LLC",VVX,PV,Passenger Vehicles,4721,N,N,Y,"Volvo Car USA,  LLC",VVX,"Volvo Cars of North America, LLC",1,S60 T8 AWD Recharge,209,2024,1,S60 T8 Recharge AWD. 18 and 19 inch tire. [ATM=1.3],113.1,62.9,62.9,49.4,49.4,0,46.63,46.63,0,167.1,167.1,0,2947,,2947
2024,"Volvo Car USA,  LLC",VVX,PV,Passenger Vehicles,4721,N,N,Y,"Volvo Car USA,  LLC",VVX,"Volvo Cars of North America, LLC",1,S90 B6 AWD,217,2024,1,S90 B6 AWD. 19 and 20 inch tires.,120.5,63.6,63.6,53.2,53.2,0,43.50,43.50,0,179.9,179.9,0,858,,858
2024,"Volvo Car USA,  LLC",VVX,PV,Passenger Vehicles,4721,N,N,Y,"Volvo Car USA,  LLC",VVX,"Volvo Cars of North America, LLC",1,S90 T8 AWD Recharge,219,2024,1,S90 T8 AWD Recharge. 19 and 20 inch tires. [ATM=1.30],120.5,63.6,63.6,53.2,53.2,0,43.50,43.50,0,179.9,179.9,0,611,,611
2024,"Volvo Car USA,  LLC",VVX,PV,Passenger Vehicles,4721,N,N,Y,"Volvo Car USA,  LLC",VVX,"Volvo Cars of North America, LLC",1,V60 T8 AWD Recharge,214,2024,1,V60 T8 AWD Recharge [ATM=1.30].,113.1,62.9,62.9,49.4,49.4,0,46.63,46.63,0,167.1,167.1,0,920,,920
2024,"Volvo Car USA,  LLC",VVX,PV,Passenger Vehicles,4721,N,N,Y,"Volvo Car USA,  LLC",VVX,"Volvo Cars of North America, LLC",1,XC40 Recharge,251,2024,1,XC40 Recharge. 19 inch tire. [ATM=1.5],106.3,62.9,63.8,46.8,46.8,0,49.03,49.03,0,158.3,158.3,0,140,,140
2024,"Volvo Car USA,  LLC",VVX,PV,Passenger Vehicles,4721,N,N,Y,"Volvo Car USA,  LLC",VVX,"Volvo Cars of North America, LLC",1,XC40 Recharge,251,2024,2,XC40 Recharge. 20 inch tire. [ATM=1.5],106.3,62.9,63.6,46.7,46.7,0,49.13,49.13,0,157.9,157.9,0,629,,629
2024,"Volvo Car USA,  LLC",VVX,PV,Passenger Vehicles,4721,N,N,Y,"Volvo Car USA,  LLC",VVX,"Volvo Cars of North America, LLC",1,XC40 Recharge Twin,246,2024,1,XC40 Recharge Twin. 19 inch tire. [ATM=1.5],106.3,62.9,63.8,46.8,46.8,0,49.03,49.03,0,158.3,158.3,0,261,,261
2024,"Volvo Car USA,  LLC",VVX,PV,Passenger Vehicles,4721,N,N,Y,"Volvo Car USA,  LLC",VVX,"Volvo Cars of North America, LLC",1,XC40 Recharge Twin,246,2024,2,XC40 Recharge Twin. 20 inch tire. [ATM=1.5],106.3,62.9,63.6,46.7,46.7,0,49.13,49.13,0,157.9,157.9,0,2038,,2038
