mfr_code,carline_code,mt_index,fe,wt,hp,fp,hy,name,mfr,powertrain,hp_source,hybrid,bev
ASX,572,3,22.4729,4500,680.0,50.0,N,DB12 V8,Aston Martin Lagonda,gas_diesel,FE file ENG_RATED_HP,0.0,0.0
ASX,690,5,18.3624,4000,715.0,48.2,N,Valour,Aston Martin Lagonda,gas_diesel,FE file ENG_RATED_HP,0.0,0.0
ASX,800,1,20.6665,5500,550.0,55.4,N,DBX V8,Aston Martin Lagonda,gas_diesel,FE file ENG_RATED_HP,0.0,0.0
ASX,884,2,21.5837,5500,707.0,55.4,N,DBX 707,Aston Martin Lagonda,gas_diesel,FE file ENG_RATED_HP,0.0,0.0
BMX,234,370,31.5873,4500,248.0,49.6,N,X3 xDrive30i,BMW,gas_diesel,FE file ENG_RATED_HP,0.0,0.0
BMX,244,470,31.5873,4500,248.0,50.7,N,X4 xDrive30i,BMW,gas_diesel,FE file ENG_RATED_HP,0.0,0.0
BMX,245,371,33.2063,4500,248.0,50.2,N,X3 sDrive30i,BMW,gas_diesel,FE file ENG_RATED_HP,0.0,0.0
BMX,249,850,25.0424,4500,523.0,49.7,N,M850i xDrive Coupe,BMW,gas_diesel,FE file ENG_RATED_HP,0.0,0.0
BMX,259,852,24.9997,5000,523.0,49.7,N,M850i xDrive Convertible,BMW,gas_diesel,FE file ENG_RATED_HP,0.0,0.0
BMX,262,350,37.762,3500,255.0,42.9,N,Z4 sDrive30i,BMW,gas_diesel,FE file ENG_RATED_HP,0.0,0.0
BMX,264,397,21.7837,5000,473.0,49.7,N,X3 M,BMW,gas_diesel,FE file ENG_RATED_HP,0.0,0.0
BMX,265,398,21.7837,5000,503.0,49.7,N,X3 M Competition,BMW,gas_diesel,FE file ENG_RATED_HP,0.0,0.0
BMX,266,497,21.7837,5000,473.0,50.2,N,X4 M,BMW,gas_diesel,FE file ENG_RATED_HP,0.0,0.0
BMX,267,498,21.7837,5000,503.0,50.2,N,X4 M Competition,BMW,gas_diesel,FE file ENG_RATED_HP,0.0,0.0
BMX,271,352,34.5503,4000,382.0,42.3,N,Z4 M40i,BMW,gas_diesel,FE file ENG_RATED_HP,0.0,0.0
BMX,273,862,22.0036,4500,617.0,49.5,N,M8 Competition Convertible,BMW,gas_diesel,FE file ENG_RATED_HP,0.0,0.0
BMX,275,860,22.0036,4500,617.0,49.5,N,M8 Competition Coupe,BMW,gas_diesel,FE file ENG_RATED_HP,0.0,0.0
BMX,277,854,24.9997,5000,523.0,53.7,N,M850i xDrive Gran Coupe,BMW,gas_diesel,FE file ENG_RATED_HP,0.0,0.0
BMX,278,810,31.2631,4500,335.0,53.7,N,840i xDrive Gran Coupe,BMW,gas_diesel,FE file ENG_RATED_HP,0.0,0.0
BMX,279,808,31.2831,4500,335.0,53.7,N,840i Gran Coupe,BMW,gas_diesel,FE file ENG_RATED_HP,0.0,0.0
BMX,280,802,31.2854,4000,335.0,49.7,N,840i xDrive Coupe,BMW,gas_diesel,FE file ENG_RATED_HP,0.0,0.0
BMX,281,800,31.4433,4000,335.0,49.6,N,840i Coupe,BMW,gas_diesel,FE file ENG_RATED_HP,0.0,0.0
BMX,282,806,31.2631,4500,335.0,49.7,N,840i xDrive Convertible,BMW,gas_diesel,FE file ENG_RATED_HP,0.0,0.0
BMX,283,804,31.2831,4500,335.0,49.6,N,840i Convertible,BMW,gas_diesel,FE file ENG_RATED_HP,0.0,0.0
BMX,291,864,22.0036,4500,617.0,53.5,N,M8 Competition Gran Coupe,BMW,gas_diesel,FE file ENG_RATED_HP,0.0,0.0
BMX,293,591,18.9502,6000,617.0,54.2,Y,X5 M Competition,BMW,hybrid,FE file ENG_RATED_HP,1.0,0.0
BMX,294,691,18.9502,6000,617.0,54.2,Y,X6 M Competition,BMW,hybrid,FE file ENG_RATED_HP,1.0,0.0
BMX,296,212,36.5534,4000,302.0,44.8,N,M235i xDrive Gran Coupe,BMW,gas_diesel,FE file ENG_RATED_HP,0.0,0.0
BMX,297,210,35.6583,4000,228.0,44.9,N,228i xDrive Gran Coupe,BMW,gas_diesel,FE file ENG_RATED_HP,0.0,0.0
BMX,298,211,37.5278,3500,228.0,44.9,N,228i Gran Coupe,BMW,gas_diesel,FE file ENG_RATED_HP,0.0,0.0
BMX,310,412,33.6718,4000,382.0,49.2,Y,M440i xDrive Coupe,BMW,hybrid,FE file ENG_RATED_HP,1.0,0.0
BMX,311,414,34.8023,4500,382.0,49.2,Y,M440i Convertible,BMW,hybrid,FE file ENG_RATED_HP,1.0,0.0
BMX,314,671,32.4826,5000,375.0,54.2,Y,X6 xDrive40i,BMW,hybrid,FE file ENG_RATED_HP,1.0,0.0
BMX,317,400,37.9816,4000,255.0,49.2,N,430i Coupe,BMW,gas_diesel,FE file ENG_RATED_HP,0.0,0.0
BMX,318,402,36.1174,4000,255.0,49.2,N,430i xDrive Coupe,BMW,gas_diesel,FE file ENG_RATED_HP,0.0,0.0
BMX,322,480,24.1012,4000,473.0,49.5,N,M4 Coupe,BMW,gas_diesel,FE file ENG_RATED_HP,0.0,0.0
BMX,323,491,24.2204,4000,503.0,49.5,N,M4 Competition Coupe,BMW,gas_diesel,FE file ENG_RATED_HP,0.0,0.0
BMX,324,404,37.9816,4000,255.0,49.2,N,430i Convertible,BMW,gas_diesel,FE file ENG_RATED_HP,0.0,0.0
BMX,325,405,36.1174,4000,255.0,49.2,N,430i xDrive Convertible,BMW,gas_diesel,FE file ENG_RATED_HP,0.0,0.0
BMX,327,300,38.7628,4000,255.0,48.8,N,330i Sedan,BMW,gas_diesel,FE file ENG_RATED_HP,0.0,0.0
BMX,328,304,36.8317,4000,255.0,48.8,N,330i xDrive Sedan,BMW,gas_diesel,FE file ENG_RATED_HP,0.0,0.0
BMX,340,857,24.9997,5000,612.0,53.7,N,ALPINA B8 Gran Coupe,BMW,gas_diesel,FE file ENG_RATED_HP,0.0,0.0
BMX,341,392,23.9213,4000,503.0,49.5,N,M3 Competition M xDrive Sedan,BMW,gas_diesel,FE file ENG_RATED_HP,0.0,0.0
BMX,342,492,23.9213,4000,503.0,49.5,N,M4 Competition M xDrive Coupe,BMW,gas_diesel,FE file ENG_RATED_HP,0.0,0.0
BMX,343,493,23.4722,4500,503.0,49.5,N,M4CompetitionMxDriveConvertible,BMW,gas_diesel,FE file ENG_RATED_HP,0.0,0.0
BMX,344,380,24.1012,4000,473.0,49.5,N,M3 Sedan,BMW,gas_diesel,FE file ENG_RATED_HP,0.0,0.0
BMX,345,391,24.2204,4000,503.0,49.5,N,M3 Competition Sedan,BMW,gas_diesel,FE file ENG_RATED_HP,0.0,0.0
BMX,346,372,30.9183,4500,382.0,49.7,Y,X3 M40i,BMW,hybrid,FE file ENG_RATED_HP,1.0,0.0
BMX,347,472,30.9183,4500,382.0,50.1,Y,X4 M40i,BMW,hybrid,FE file ENG_RATED_HP,1.0,0.0
BMX,348,340,34.7354,4000,382.0,48.8,Y,M340i Sedan,BMW,hybrid,FE file ENG_RATED_HP,1.0,0.0
BMX,349,341,34.5138,4000,382.0,48.8,Y,M340i xDrive Sedan,BMW,hybrid,FE file ENG_RATED_HP,1.0,0.0
BMX,350,410,35.9147,4000,382.0,49.2,Y,M440i Coupe,BMW,hybrid,FE file ENG_RATED_HP,1.0,0.0
BMX,351,415,33.3619,4500,382.0,49.2,Y,M440i xDrive Convertible,BMW,hybrid,FE file ENG_RATED_HP,1.0,0.0
BMX,353,541,38.4325,4500,375.0,52.9,Y,540i xDrive Sedan,BMW,hybrid,FE file ENG_RATED_HP,1.0,0.0
BMX,354,417,33.3619,4500,382.0,49.2,Y,M440i xDrive Gran Coupe,BMW,hybrid,FE file ENG_RATED_HP,1.0,0.0
BMX,355,237,34.8274,4000,382.0,46.8,N,M240i xDrive Coupe,BMW,gas_diesel,FE file ENG_RATED_HP,0.0,0.0
BMX,358,321,37.2254,4500,181.0,48.8,Y,330e xDrive Sedan,BMW,hybrid,FE file ENG_RATED_HP,1.0,0.0
BMX,359,320,39.082,4500,181.0,48.8,Y,330e Sedan,BMW,hybrid,FE file ENG_RATED_HP,1.0,0.0
BMX,362,200,40.1996,3500,255.0,46.9,N,230i Coupe,BMW,gas_diesel,FE file ENG_RATED_HP,0.0,0.0
BMX,363,201,37.4975,4000,255.0,46.9,N,230i xDrive Coupe,BMW,gas_diesel,FE file ENG_RATED_HP,0.0,0.0
BMX,364,406,37.9816,4000,255.0,49.0,N,430i Gran Coupe,BMW,gas_diesel,FE file ENG_RATED_HP,0.0,0.0
BMX,365,407,36.1174,4000,255.0,49.2,N,430i xDrive Gran Coupe,BMW,gas_diesel,FE file ENG_RATED_HP,0.0,0.0
BMX,379,236,34.3556,4000,382.0,46.8,N,M240i Coupe,BMW,gas_diesel,FE file ENG_RATED_HP,0.0,0.0
BMX,380,416,35.9147,4000,382.0,49.0,Y,M440i Gran Coupe,BMW,hybrid,FE file ENG_RATED_HP,1.0,0.0
BMX,382,774,23.6883,6000,523.0,56.4,Y,X7 M60i xDrive,BMW,hybrid,FE file ENG_RATED_HP,1.0,0.0
BMX,383,777,22.3627,6500,631.0,54.1,Y,ALPINA XB7,BMW,hybrid,FE file ENG_RATED_HP,1.0,0.0
BMX,384,770,29.5103,5500,375.0,56.4,Y,X7 xDrive40i,BMW,hybrid,FE file ENG_RATED_HP,1.0,0.0
BMX,385,760,26.6345,5500,536.0,57.3,Y,760i xDrive Sedan,BMW,hybrid,FE file ENG_RATED_HP,1.0,0.0
BMX,386,740,37.2645,5000,375.0,57.8,Y,740i Sedan,BMW,hybrid,FE file ENG_RATED_HP,1.0,0.0
BMX,387,741,36.102,5000,375.0,57.8,Y,740i xDrive Sedan,BMW,hybrid,FE file ENG_RATED_HP,1.0,0.0
BMX,391,150,37.5387,4000,241.0,45.6,N,X1 xDrive28i,BMW,gas_diesel,FE file ENG_RATED_HP,0.0,0.0
BMX,392,900,17.7595,6500,483.0,57.0,Y,XM,BMW,hybrid,FE file ENG_RATED_HP,1.0,0.0
BMX,393,280,24.6307,4000,453.0,47.6,N,M2 Coupe,BMW,gas_diesel,FE file ENG_RATED_HP,0.0,0.0
BMX,393,281,23.9758,4000,453.0,47.6,N,M2 Coupe,BMW,gas_diesel,FE file ENG_RATED_HP,0.0,0.0
BMX,396,750,35.5468,5500,308.0,57.8,Y,750e xDrive Sedan,BMW,hybrid,FE file ENG_RATED_HP,1.0,0.0
BMX,397,576,32.6245,6000,308.0,54.0,Y,X5 xDrive50e,BMW,hybrid,FE file ENG_RATED_HP,1.0,0.0
BMX,398,570,32.9035,5000,375.0,54.0,Y,X5 sDrive40i,BMW,hybrid,FE file ENG_RATED_HP,1.0,0.0
BMX,399,571,33.2756,5000,375.0,54.0,Y,X5 xDrive40i,BMW,hybrid,FE file ENG_RATED_HP,1.0,0.0
BMX,400,574,24.8722,5500,523.0,54.2,Y,X5 M60i xDrive,BMW,hybrid,FE file ENG_RATED_HP,1.0,0.0
BMX,401,674,24.8722,5500,523.0,54.2,Y,X6 M60i xDrive,BMW,hybrid,FE file ENG_RATED_HP,1.0,0.0
BMX,402,395,23.0128,4000,543.0,49.7,N,M3 CS Sedan,BMW,gas_diesel,FE file ENG_RATED_HP,0.0,0.0
BMX,403,905,17.8665,6500,577.0,57.0,Y,XM Label,BMW,hybrid,FE file ENG_RATED_HP,1.0,0.0
BMX,417,530,40.6463,4000,255.0,52.9,Y,530i Sedan,BMW,hybrid,FE file ENG_RATED_HP,1.0,0.0
BMX,418,531,40.6252,4500,255.0,52.9,Y,530i xDrive Sedan,BMW,hybrid,FE file ENG_RATED_HP,1.0,0.0
BMX,419,152,35.0386,4000,312.0,45.9,N,X1 M35i,BMW,gas_diesel,FE file ENG_RATED_HP,0.0,0.0
BMX,420,250,37.0734,4000,241.0,45.9,N,X2 xDrive28i,BMW,gas_diesel,FE file ENG_RATED_HP,0.0,0.0
BMX,421,252,35.1315,4000,312.0,45.9,N,X2 M35i,BMW,gas_diesel,FE file ENG_RATED_HP,0.0,0.0
BMX,115,32,44.1938,3000,134.0,40.3,N,COOPER HARDTOP 2 DOOR,BMW,gas_diesel,FE file ENG_RATED_HP,0.0,0.0
BMX,115,33,42.4846,3000,134.0,40.3,N,COOPER HARDTOP 2 DOOR,BMW,gas_diesel,FE file ENG_RATED_HP,0.0,0.0
BMX,116,54,43.0055,3000,189.0,39.9,N,COOPER S HARDTOP 2 DOOR,BMW,gas_diesel,FE file ENG_RATED_HP,0.0,0.0
BMX,116,55,35.7544,3000,189.0,39.9,N,COOPER S HARDTOP 2 DOOR,BMW,gas_diesel,FE file ENG_RATED_HP,0.0,0.0
BMX,171,56,43.0055,3000,189.0,41.1,N,COOPER S HARDTOP 4 DOOR,BMW,gas_diesel,FE file ENG_RATED_HP,0.0,0.0
BMX,171,57,35.7544,3000,189.0,41.1,N,COOPER S HARDTOP 4 DOOR,BMW,gas_diesel,FE file ENG_RATED_HP,0.0,0.0
BMX,177,58,40.9249,3500,189.0,39.9,N,COOPER S CONVERTIBLE,BMW,gas_diesel,FE file ENG_RATED_HP,0.0,0.0
BMX,177,59,35.8547,3500,189.0,39.9,N,COOPER S CONVERTIBLE,BMW,gas_diesel,FE file ENG_RATED_HP,0.0,0.0
BMX,178,50,38.8361,3500,189.0,44.8,N,COOPER S CLUBMAN,BMW,gas_diesel,FE file ENG_RATED_HP,0.0,0.0
BMX,180,36,44.1938,3000,134.0,40.3,N,COOPER CONVERTIBLE,BMW,gas_diesel,FE file ENG_RATED_HP,0.0,0.0
BMX,180,37,42.4846,3000,134.0,40.3,N,COOPER CONVERTIBLE,BMW,gas_diesel,FE file ENG_RATED_HP,0.0,0.0
BMX,181,34,44.1938,3000,134.0,41.5,N,COOPER HARDTOP 4 DOOR,BMW,gas_diesel,FE file ENG_RATED_HP,0.0,0.0
BMX,181,35,42.4846,3000,134.0,41.5,N,COOPER HARDTOP 4 DOOR,BMW,gas_diesel,FE file ENG_RATED_HP,0.0,0.0
BMX,183,38,38.1715,3500,134.0,45.0,N,COOPER COUNTRYMAN,BMW,gas_diesel,FE file ENG_RATED_HP,0.0,0.0
BMX,184,48,34.9623,4000,134.0,45.0,N,COOPER COUNTRYMAN ALL4,BMW,gas_diesel,FE file ENG_RATED_HP,0.0,0.0
BMX,185,70,35.4959,4000,189.0,44.8,N,COOPER S CLUBMAN ALL4,BMW,gas_diesel,FE file ENG_RATED_HP,0.0,0.0
BMX,186,60,36.9688,4000,189.0,45.0,N,COOPER S COUNTRYMAN,BMW,gas_diesel,FE file ENG_RATED_HP,0.0,0.0
BMX,187,62,34.4707,4000,189.0,45.0,N,COOPER S COUNTRYMAN ALL4,BMW,gas_diesel,FE file ENG_RATED_HP,0.0,0.0
BMX,189,80,34.8717,4000,302.0,44.8,N,JOHN COOPER WORKS CLUBMAN ALL4,BMW,gas_diesel,FE file ENG_RATED_HP,0.0,0.0
BMX,190,82,37.3597,3500,228.0,39.9,N,JOHN COOPER WORKS CONVERTIBLE,BMW,gas_diesel,FE file ENG_RATED_HP,0.0,0.0
BMX,193,86,34.9595,4000,302.0,45.0,N,JCW COUNTRYMAN ALL4,BMW,gas_diesel,FE file ENG_RATED_HP,0.0,0.0
BMX,331,84,39.8783,3000,228.0,39.9,N,JOHN COOPER WORKS HARDTOP 2 DOOR,BMW,gas_diesel,FE file ENG_RATED_HP,0.0,0.0
BMX,331,85,33.9955,3000,228.0,39.9,N,JOHN COOPER WORKS HARDTOP 2 DOOR,BMW,gas_diesel,FE file ENG_RATED_HP,0.0,0.0
BMX,276,20,36.8668,3500,255.0,42.3,N,Supra 2.0,BMW,gas_diesel,FE file ENG_RATED_HP,0.0,0.0
BMX,303,21,34.5327,3500,382.0,42.3,N,Supra 3.0,BMW,gas_diesel,FE file ENG_RATED_HP,0.0,0.0
BMX,303,22,28.1361,3500,382.0,42.3,N,Supra 3.0,BMW,gas_diesel,FE file ENG_RATED_HP,0.0,0.0
CRX,180,550,29.1809,4500,285.0,58.0,N,Pacifica,FCA US LLC,gas_diesel,FE file ENG_RATED_HP,0.0,0.0
CRX,181,549,42.7685,5000,220.0,58.0,Y,Pacifica Hybrid,FCA US LLC,hybrid,FE file ENG_RATED_HP,1.0,0.0
CRX,185,554,25.457,5000,285.0,58.0,N,Pacifica AWD,FCA US LLC,gas_diesel,FE file ENG_RATED_HP,0.0,0.0
CRX,190,551,29.1809,4500,285.0,58.0,N,Voyager,FCA US LLC,gas_diesel,FE file ENG_RATED_HP,0.0,0.0
CRX,210,513,31.5916,4000,200.0,44.4,N,Hornet AWD,FCA US LLC,gas_diesel,FE file ENG_RATED_HP,0.0,0.0
CRX,215,512,41.0703,4500,180.0,44.4,Y,Hornet PHEV AWD,FCA US LLC,hybrid,FE file ENG_RATED_HP,1.0,0.0
CRX,290,541,28.0059,5000,295.0,53.5,N,Durango RWD,FCA US LLC,gas_diesel,FE file ENG_RATED_HP,0.0,0.0
CRX,290,542,21.702,5500,357.0,53.5,N,Durango RWD,FCA US LLC,gas_diesel,FE file ENG_RATED_HP,0.0,0.0
CRX,295,543,27.612,5000,295.0,53.5,N,Durango AWD,FCA US LLC,gas_diesel,FE file ENG_RATED_HP,0.0,0.0
CRX,295,544,21.394,5500,357.0,53.5,N,Durango AWD,FCA US LLC,gas_diesel,FE file ENG_RATED_HP,0.0,0.0
CRX,296,545,17.0892,6000,710.0,53.5,N,Durango SRT AWD,FCA US LLC,gas_diesel,FE file ENG_RATED_HP,0.0,0.0
CRX,296,546,19.2787,6000,475.0,53.5,N,Durango SRT AWD,FCA US LLC,gas_diesel,FE file ENG_RATED_HP,0.0,0.0
CRX,540,527,22.1931,5000,285.0,53.0,N,Wrangler Rubicon 4dr 4X4,FCA US LLC,gas_diesel,FE file ENG_RATED_HP,0.0,0.0
CRX,541,528,22.9716,4500,285.0,43.3,N,Wrangler Rubicon 2dr 4X4,FCA US LLC,gas_diesel,FE file ENG_RATED_HP,0.0,0.0
CRX,545,515,36.0154,4000,270.0,43.6,N,Compass 4X4,FCA US LLC,gas_diesel,FE file ENG_RATED_HP,0.0,0.0
CRX,547,509,29.3952,4500,270.0,43.3,N,Wrangler 2dr 4X4,FCA US LLC,gas_diesel,FE file ENG_RATED_HP,0.0,0.0
CRX,547,510,26.5237,4500,285.0,43.3,N,Wrangler 2dr 4X4,FCA US LLC,gas_diesel,FE file ENG_RATED_HP,0.0,0.0
CRX,547,511,24.9741,4500,285.0,43.3,N,Wrangler 2dr 4X4,FCA US LLC,gas_diesel,FE file ENG_RATED_HP,0.0,0.0
CRX,548,500,28.646,4500,270.0,53.0,N,Wrangler 4dr 4X4,FCA US LLC,gas_diesel,FE file ENG_RATED_HP,0.0,0.0
CRX,548,502,25.6671,4500,285.0,53.0,N,Wrangler 4dr 4X4,FCA US LLC,gas_diesel,FE file ENG_RATED_HP,0.0,0.0
CRX,548,503,24.1909,4500,285.0,53.0,N,Wrangler 4dr 4X4,FCA US LLC,gas_diesel,FE file ENG_RATED_HP,0.0,0.0
CRX,548,504,17.8621,5500,470.0,53.0,N,Wrangler 4dr 4X4,FCA US LLC,gas_diesel,FE file ENG_RATED_HP,0.0,0.0
CRX,549,508,28.5484,5500,270.0,53.0,Y,Wrangler 4dr 4xe,FCA US LLC,hybrid,FE file ENG_RATED_HP,1.0,0.0
CRX,550,552,24.8217,5000,285.0,61.4,N,Gladiator 4X4,FCA US LLC,gas_diesel,FE file ENG_RATED_HP,0.0,0.0
CRX,550,553,23.01,5000,285.0,61.4,N,Gladiator 4X4,FCA US LLC,gas_diesel,FE file ENG_RATED_HP,0.0,0.0
CRX,570,522,25.5008,6000,420.0,58.6,N,Wagoneer 4x2,FCA US LLC,gas_diesel,FE file ENG_RATED_HP,0.0,0.0
CRX,571,516,25.5008,6000,420.0,61.8,N,Wagoneer L 4x2,FCA US LLC,gas_diesel,FE file ENG_RATED_HP,0.0,0.0
CRX,575,517,24.2914,6000,420.0,58.6,N,Wagoneer 4x4,FCA US LLC,gas_diesel,FE file ENG_RATED_HP,0.0,0.0
CRX,576,519,24.1401,6500,420.0,61.8,N,Wagoneer L 4x4,FCA US LLC,gas_diesel,FE file ENG_RATED_HP,0.0,0.0
CRX,577,524,21.1982,6500,510.0,58.6,N,Grand Wagoneer 4x4,FCA US LLC,gas_diesel,FE file ENG_RATED_HP,0.0,0.0
CRX,578,525,21.1982,7000,510.0,61.8,N,Grand Wagoneer L 4x4,FCA US LLC,gas_diesel,FE file ENG_RATED_HP,0.0,0.0
CRX,591,531,28.0059,5000,295.0,55.5,N,Grand Cherokee L 4X2,FCA US LLC,gas_diesel,FE file ENG_RATED_HP,0.0,0.0
CRX,592,529,28.6845,4500,295.0,53.2,N,Grand Cherokee 4X2,FCA US LLC,gas_diesel,FE file ENG_RATED_HP,0.0,0.0
CRX,593,530,33.1302,5500,270.0,53.2,Y,Grand Cherokee 4xe,FCA US LLC,hybrid,FE file ENG_RATED_HP,1.0,0.0
CRX,598,532,27.612,5000,295.0,55.5,N,Grand Cherokee L 4X4,FCA US LLC,gas_diesel,FE file ENG_RATED_HP,0.0,0.0
CRX,598,533,21.394,5500,357.0,55.5,N,Grand Cherokee L 4X4,FCA US LLC,gas_diesel,FE file ENG_RATED_HP,0.0,0.0
CRX,599,534,28.2353,4500,295.0,53.2,N,Grand Cherokee 4X4,FCA US LLC,gas_diesel,FE file ENG_RATED_HP,0.0,0.0
CRX,615,514,41.0703,4500,180.0,44.4,Y,Tonale eAWD,FCA US LLC,hybrid,FE file ENG_RATED_HP,1.0,0.0
CRX,650,400,36.1059,4000,280.0,48.4,N,Giulia,FCA US LLC,gas_diesel,FE file ENG_RATED_HP,0.0,0.0
CRX,650,401,26.4556,4000,505.0,48.4,N,Giulia,FCA US LLC,gas_diesel,FE file ENG_RATED_HP,0.0,0.0
CRX,655,402,34.035,4000,280.0,48.3,N,Giulia AWD,FCA US LLC,gas_diesel,FE file ENG_RATED_HP,0.0,0.0
CRX,660,403,33.7761,4000,280.0,49.5,N,Stelvio,FCA US LLC,gas_diesel,FE file ENG_RATED_HP,0.0,0.0
CRX,665,505,32.4189,4000,280.0,49.5,N,Stelvio AWD,FCA US LLC,gas_diesel,FE file ENG_RATED_HP,0.0,0.0
CRX,665,506,24.8649,4500,505.0,49.5,N,Stelvio AWD,FCA US LLC,gas_diesel,FE file ENG_RATED_HP,0.0,0.0
CRX,910,555,25.6217,5000,305.0,66.7,N,1500 Classic 4X2,FCA US LLC,gas_diesel,FE file ENG_RATED_HP,0.0,0.0
CRX,910,556,21.8294,5500,395.0,66.7,N,1500 Classic 4X2,FCA US LLC,gas_diesel,FE file ENG_RATED_HP,0.0,0.0
CRX,915,557,24.3716,5500,305.0,66.2,N,1500 Classic 4X4,FCA US LLC,gas_diesel,FE file ENG_RATED_HP,0.0,0.0
CRX,915,559,21.6291,5500,395.0,66.2,N,1500 Classic 4X4,FCA US LLC,gas_diesel,FE file ENG_RATED_HP,0.0,0.0
CRX,920,535,28.6678,5000,305.0,66.5,Y,1500 4X2,FCA US LLC,hybrid,FE file ENG_RATED_HP,1.0,0.0
CRX,920,536,26.4093,5500,392.0,66.5,Y,1500 4X2,FCA US LLC,hybrid,FE file ENG_RATED_HP,1.0,0.0
CRX,921,537,29.7948,5000,305.0,66.5,Y,1500 HFE 4X2,FCA US LLC,hybrid,FE file ENG_RATED_HP,1.0,0.0
CRX,925,538,27.9367,5000,305.0,66.5,Y,1500 4X4,FCA US LLC,hybrid,FE file ENG_RATED_HP,1.0,0.0
CRX,925,539,25.2934,5500,392.0,66.5,Y,1500 4X4,FCA US LLC,hybrid,FE file ENG_RATED_HP,1.0,0.0
CRX,926,540,15.0098,7000,702.0,74.8,N,1500 TRX 4x4,FCA US LLC,gas_diesel,FE file ENG_RATED_HP,0.0,0.0
FEX,162,162,17.2348,4000,814.0,48.6,N,812 Competizione,Ferrari S.p.A.,gas_diesel,FE file ENG_RATED_HP,0.0,0.0
FEX,163,163,17.3395,4000,814.0,48.6,N,812 Competizione A,Ferrari S.p.A.,gas_diesel,FE file ENG_RATED_HP,0.0,0.0
FEX,169,169,24.2605,4000,612.0,47.9,N,Roma,Ferrari S.p.A.,gas_diesel,FE file ENG_RATED_HP,0.0,0.0
FEX,171,171,23.0415,4000,654.0,46.2,Y,296 GTB,Ferrari S.p.A.,hybrid,FE file ENG_RATED_HP,1.0,0.0
FEX,172,172,23.0415,4000,654.0,46.2,Y,296 GTS,Ferrari S.p.A.,hybrid,FE file ENG_RATED_HP,1.0,0.0
FEX,173,173,22.7358,4000,770.0,47.5,Y,SF90 Stradale,Ferrari S.p.A.,hybrid,FE file ENG_RATED_HP,1.0,0.0
FEX,174,174,26.6483,4000,612.0,47.9,N,Roma Spider,Ferrari S.p.A.,gas_diesel,FE file ENG_RATED_HP,0.0,0.0
FEX,175,175,15.6691,5000,709.0,56.1,N,Purosangue,Ferrari S.p.A.,gas_diesel,FE file ENG_RATED_HP,0.0,0.0
FEX,178,178,22.2174,4500,770.0,47.5,Y,SF90 Spider,Ferrari S.p.A.,hybrid,FE file ENG_RATED_HP,1.0,0.0
FEX,180,180,21.9169,4000,790.0,47.8,Y,F173 HFC,Ferrari S.p.A.,hybrid,FE file ENG_RATED_HP,1.0,0.0
FEX,181,181,21.9169,4500,790.0,47.8,Y,F173 HGC,Ferrari S.p.A.,hybrid,FE file ENG_RATED_HP,1.0,0.0
FEX,251,251,16.9904,4000,823.0,48.1,N,Ferrari Daytona SP3,Ferrari S.p.A.,gas_diesel,FE file ENG_RATED_HP,0.0,0.0
FJX,10,1,29.3283,3000,228.0,42.5,N,BRZ,Subaru Corporation,gas_diesel,FE file ENG_RATED_HP,0.0,0.0
FJX,10,2,32.6208,3000,228.0,42.5,N,BRZ,Subaru Corporation,gas_diesel,FE file ENG_RATED_HP,0.0,0.0
FJX,25,24,28.5927,3500,271.0,45.0,N,WRX,Subaru Corporation,gas_diesel,FE file ENG_RATED_HP,0.0,0.0
FJX,25,25,27.4313,4000,271.0,45.0,N,WRX,Subaru Corporation,gas_diesel,FE file ENG_RATED_HP,0.0,0.0
FJX,35,15,39.8559,3500,152.0,44.7,N,CROSSTREK AWD,Subaru Corporation,gas_diesel,FE file ENG_RATED_HP,0.0,0.0
FJX,35,40,39.2024,3500,182.0,44.7,N,CROSSTREK AWD,Subaru Corporation,gas_diesel,FE file ENG_RATED_HP,0.0,0.0
FJX,55,6,40.2919,3500,152.0,44.3,N,IMPREZA,Subaru Corporation,gas_diesel,FE file ENG_RATED_HP,0.0,0.0
FJX,55,9,39.0466,3500,182.0,44.3,N,IMPREZA,Subaru Corporation,gas_diesel,FE file ENG_RATED_HP,0.0,0.0
FJX,65,8,40.8038,4000,182.0,47.2,N,LEGACY,Subaru Corporation,gas_diesel,FE file ENG_RATED_HP,0.0,0.0
FJX,65,13,35.0028,4000,260.0,47.2,N,LEGACY,Subaru Corporation,gas_diesel,FE file ENG_RATED_HP,0.0,0.0
FJX,70,19,38.0561,4000,182.0,46.8,N,OUTBACK AWD,Subaru Corporation,gas_diesel,FE file ENG_RATED_HP,0.0,0.0
FJX,70,21,32.9239,4000,260.0,46.8,N,OUTBACK AWD,Subaru Corporation,gas_diesel,FE file ENG_RATED_HP,0.0,0.0
FJX,95,18,38.7488,3500,182.0,45.0,N,FORESTER AWD,Subaru Corporation,gas_diesel,FE file ENG_RATED_HP,0.0,0.0
FJX,100,33,29.1468,4500,260.0,50.8,N,ASCENT AWD,Subaru Corporation,gas_diesel,FE file ENG_RATED_HP,0.0,0.0
FJX,105,34,27.7003,5000,260.0,50.8,N,ASCENT LIMITED/TOURING/ONYX EDITION AWD,Subaru Corporation,gas_diesel,FE file ENG_RATED_HP,0.0,0.0
FJX,110,75,30.9119,4000,260.0,46.9,N,OUTBACK WILDERNESS AWD,Subaru Corporation,gas_diesel,FE file ENG_RATED_HP,0.0,0.0
FJX,120,80,35.2361,4000,182.0,44.7,N,FORESTER WILDERNESS AWD,Subaru Corporation,gas_diesel,FE file ENG_RATED_HP,0.0,0.0
FJX,130,41,36.3778,3500,182.0,44.4,N,CROSSTREK WILDERNESS AWD,Subaru Corporation,gas_diesel,FE file ENG_RATED_HP,0.0,0.0
FMX,6,8,31.8092,4000,300.0,47.4,N,MUSTANG PERFORMANCE PACK,Ford Motor Company,gas_diesel,FE file ENG_RATED_HP,0.0,0.0
FMX,7,132,21.6445,4000,486.0,47.3,N,MUSTANG DARK HORSE,Ford Motor Company,gas_diesel,FE file ENG_RATED_HP,0.0,0.0
FMX,7,133,21.1417,4000,486.0,47.3,N,MUSTANG DARK HORSE,Ford Motor Company,gas_diesel,FE file ENG_RATED_HP,0.0,0.0
FMX,15,1,23.3427,4000,480.0,47.7,N,MUSTANG,Ford Motor Company,gas_diesel,FE file ENG_RATED_HP,0.0,0.0
FMX,15,3,24.7799,4000,480.0,47.7,N,MUSTANG,Ford Motor Company,gas_diesel,FE file ENG_RATED_HP,0.0,0.0
FMX,15,9,34.4383,4000,300.0,47.7,N,MUSTANG,Ford Motor Company,gas_diesel,FE file ENG_RATED_HP,0.0,0.0
FMX,15,112,21.9955,4000,480.0,47.7,N,MUSTANG,Ford Motor Company,gas_diesel,FE file ENG_RATED_HP,0.0,0.0
FMX,15,113,23.6763,4000,480.0,47.7,N,MUSTANG,Ford Motor Company,gas_diesel,FE file ENG_RATED_HP,0.0,0.0
FMX,24,78,27.7568,4500,275.0,45.3,N,BRONCO 4WD,Ford Motor Company,gas_diesel,FE file ENG_RATED_HP,0.0,0.0
FMX,24,79,28.2292,4500,275.0,45.3,N,BRONCO 4WD,Ford Motor Company,gas_diesel,FE file ENG_RATED_HP,0.0,0.0
FMX,24,89,27.2141,5000,315.0,45.3,N,BRONCO 4WD,Ford Motor Company,gas_diesel,FE file ENG_RATED_HP,0.0,0.0
FMX,25,102,36.9148,3500,175.0,46.2,N,BRONCO SPORT 4WD,Ford Motor Company,gas_diesel,FE file ENG_RATED_HP,0.0,0.0
FMX,25,104,30.8976,4000,250.0,46.2,N,BRONCO SPORT 4WD,Ford Motor Company,gas_diesel,FE file ENG_RATED_HP,0.0,0.0
FMX,26,82,27.6579,5000,275.0,45.3,N,BRONCO BLACK DIAMOND 4WD,Ford Motor Company,gas_diesel,FE file ENG_RATED_HP,0.0,0.0
FMX,26,83,28.167,5000,275.0,45.3,N,BRONCO BLACK DIAMOND 4WD,Ford Motor Company,gas_diesel,FE file ENG_RATED_HP,0.0,0.0
FMX,26,93,27.2141,5000,315.0,45.3,N,BRONCO BLACK DIAMOND 4WD,Ford Motor Company,gas_diesel,FE file ENG_RATED_HP,0.0,0.0
FMX,27,81,22.9163,5000,275.0,45.4,N,BRONCO BADLANDS 4WD,Ford Motor Company,gas_diesel,FE file ENG_RATED_HP,0.0,0.0
FMX,27,91,23.6715,5000,315.0,45.4,N,BRONCO BADLANDS 4WD,Ford Motor Company,gas_diesel,FE file ENG_RATED_HP,0.0,0.0
FMX,28,116,20.6272,6000,418.0,59.6,N,BRONCO RAPTOR 4WD,Ford Motor Company,gas_diesel,FE file ENG_RATED_HP,0.0,0.0
FMX,29,85,27.6579,5000,275.0,54.0,N,BRONCO SASQUATCH 4WD,Ford Motor Company,gas_diesel,FE file ENG_RATED_HP,0.0,0.0
FMX,29,86,26.9784,5000,275.0,54.0,N,BRONCO SASQUATCH 4WD,Ford Motor Company,gas_diesel,FE file ENG_RATED_HP,0.0,0.0
FMX,29,95,23.0264,5000,315.0,54.0,N,BRONCO SASQUATCH 4WD,Ford Motor Company,gas_diesel,FE file ENG_RATED_HP,0.0,0.0
FMX,50,110,54.7685,4000,162.0,53.1,Y,MAVERICK HEV FWD,Ford Motor Company,hybrid,FE file ENG_RATED_HP,1.0,0.0
FMX,51,109,34.6017,4000,250.0,53.1,N,MAVERICK FWD,Ford Motor Company,gas_diesel,FE file ENG_RATED_HP,0.0,0.0
FMX,52,108,32.9205,4000,250.0,53.0,N,MAVERICK AWD,Ford Motor Company,gas_diesel,FE file ENG_RATED_HP,0.0,0.0
FMX,53,111,28.9404,4000,250.0,52.7,N,MAVERICK TREMOR AWD,Ford Motor Company,gas_diesel,FE file ENG_RATED_HP,0.0,0.0
FMX,101,105,27.8103,5000,335.0,50.6,N,EDGE AWD,Ford Motor Company,gas_diesel,FE file ENG_RATED_HP,0.0,0.0
FMX,101,135,30.9159,4500,250.0,50.6,N,EDGE AWD,Ford Motor Company,gas_diesel,FE file ENG_RATED_HP,0.0,0.0
FMX,101,136,30.9405,4500,250.0,50.6,N,EDGE AWD,Ford Motor Company,gas_diesel,FE file ENG_RATED_HP,0.0,0.0
FMX,120,97,24.5308,4500,400.0,58.3,N,F150 PICKUP 2WD,Ford Motor Company,gas_diesel,FE file ENG_RATED_HP,0.0,0.0
FMX,120,139,25.3246,5000,400.0,58.3,N,F150 PICKUP 2WD,Ford Motor Company,gas_diesel,FE file ENG_RATED_HP,0.0,0.0
FMX,120,142,27.3537,4500,325.0,58.3,N,F150 PICKUP 2WD,Ford Motor Company,gas_diesel,FE file ENG_RATED_HP,0.0,0.0
FMX,121,40,26.3623,5000,325.0,58.3,N,F150 PICKUP 4WD,Ford Motor Company,gas_diesel,FE file ENG_RATED_HP,0.0,0.0
FMX,121,98,24.3622,5000,400.0,58.3,N,F150 PICKUP 4WD,Ford Motor Company,gas_diesel,FE file ENG_RATED_HP,0.0,0.0
FMX,121,144,25.0209,5500,400.0,58.3,N,F150 PICKUP 4WD,Ford Motor Company,gas_diesel,FE file ENG_RATED_HP,0.0,0.0
FMX,122,140,20.3546,6500,450.0,75.1,N,F150 RAPTOR 4WD,Ford Motor Company,gas_diesel,FE file ENG_RATED_HP,0.0,0.0
FMX,132,42,30.473,6000,400.0,69.1,Y,F150 PICKUP 4WD HEV,Ford Motor Company,hybrid,FE file ENG_RATED_HP,1.0,0.0
FMX,133,45,24.1315,5500,400.0,69.7,N,F150 PICKUP TREMOR 4WD,Ford Motor Company,gas_diesel,FE file ENG_RATED_HP,0.0,0.0
FMX,133,99,22.9874,5500,400.0,69.7,N,F150 PICKUP TREMOR 4WD,Ford Motor Company,gas_diesel,FE file ENG_RATED_HP,0.0,0.0
FMX,160,72,30.5991,4500,275.0,57.1,N,RANGER 2WD,Ford Motor Company,gas_diesel,FE file ENG_RATED_HP,0.0,0.0
FMX,161,73,27.1522,5000,315.0,57.1,N,RANGER 4WD,Ford Motor Company,gas_diesel,FE file ENG_RATED_HP,0.0,0.0
FMX,161,75,29.1644,4500,275.0,57.1,N,RANGER 4WD,Ford Motor Company,gas_diesel,FE file ENG_RATED_HP,0.0,0.0
FMX,163,19,31.6169,4500,300.0,55.7,N,EXPLORER RWD,Ford Motor Company,gas_diesel,FE file ENG_RATED_HP,0.0,0.0
FMX,163,20,27.2435,5000,400.0,55.7,N,EXPLORER RWD,Ford Motor Company,gas_diesel,FE file ENG_RATED_HP,0.0,0.0
FMX,163,22,26.5141,5000,400.0,55.7,N,EXPLORER RWD,Ford Motor Company,gas_diesel,FE file ENG_RATED_HP,0.0,0.0
FMX,164,24,30.2824,4500,300.0,55.5,N,EXPLORER AWD,Ford Motor Company,gas_diesel,FE file ENG_RATED_HP,0.0,0.0
FMX,164,25,26.5211,5000,400.0,55.5,N,EXPLORER AWD,Ford Motor Company,gas_diesel,FE file ENG_RATED_HP,0.0,0.0
FMX,164,26,26.2857,5000,400.0,55.5,N,EXPLORER AWD,Ford Motor Company,gas_diesel,FE file ENG_RATED_HP,0.0,0.0
FMX,178,119,22.2328,5500,418.0,60.2,N,RANGER RAPTOR 4WD,Ford Motor Company,gas_diesel,FE file ENG_RATED_HP,0.0,0.0
FMX,181,65,40.1841,3500,170.0,46.3,N,ESCAPE FWD,Ford Motor Company,gas_diesel,FE file ENG_RATED_HP,0.0,0.0
FMX,182,63,38.5605,3500,170.0,46.2,N,ESCAPE AWD,Ford Motor Company,gas_diesel,FE file ENG_RATED_HP,0.0,0.0
FMX,182,120,35.2815,4000,250.0,46.2,N,ESCAPE AWD,Ford Motor Company,gas_diesel,FE file ENG_RATED_HP,0.0,0.0
FMX,183,27,28.16,5000,300.0,55.5,N,EXPLORER TIMBERLINE AWD,Ford Motor Company,gas_diesel,FE file ENG_RATED_HP,0.0,0.0
FMX,184,208,19.1176,4500,282.0,55.6,N,EXPLORER FFV AWD,Ford Motor Company,gas_diesel,FE file ENG_RATED_HP,0.0,0.0
FMX,200,66,56.036,4000,162.0,46.3,Y,ESCAPE FWD HEV,Ford Motor Company,hybrid,FE file ENG_RATED_HP,1.0,0.0
FMX,201,67,57.4586,4000,163.0,46.3,Y,ESCAPE FWD PHEV,Ford Motor Company,hybrid,FE file ENG_RATED_HP,1.0,0.0
FMX,202,64,55.9527,4000,162.0,46.2,Y,ESCAPE AWD HEV,Ford Motor Company,hybrid,FE file ENG_RATED_HP,1.0,0.0
FMX,213,215,15.0629,6500,700.0,75.1,N,F150 RAPTOR R 4WD,Ford Motor Company,gas_diesel,FE file ENG_RATED_HP,0.0,0.0
FMX,240,53,24.9518,6000,380.0,57.3,N,EXPEDITION 2WD,Ford Motor Company,gas_diesel,FE file ENG_RATED_HP,0.0,0.0
FMX,241,55,23.6671,6000,380.0,57.3,N,EXPEDITION 4WD,Ford Motor Company,gas_diesel,FE file ENG_RATED_HP,0.0,0.0
FMX,244,57,23.2622,6000,380.0,57.3,N,EXPEDITION TIMBERLINE 4WD,Ford Motor Company,gas_diesel,FE file ENG_RATED_HP,0.0,0.0
FMX,101,147,32.1912,4500,250.0,51.9,N,NAUTILUS AWD,Ford Motor Company,gas_diesel,FE file ENG_RATED_HP,0.0,0.0
FMX,102,216,41.6428,5000,300.0,51.9,Y,NAUTILUS HEV AWD,Ford Motor Company,hybrid,FE file ENG_RATED_HP,1.0,0.0
FMX,116,61,23.0158,6500,380.0,61.6,N,NAVIGATOR 4WD,Ford Motor Company,gas_diesel,FE file ENG_RATED_HP,0.0,0.0
FMX,140,117,33.0558,4000,250.0,46.9,N,CORSAIR FWD,Ford Motor Company,gas_diesel,FE file ENG_RATED_HP,0.0,0.0
FMX,144,70,46.1446,4500,163.0,47.1,Y,CORSAIR AWD PHEV,Ford Motor Company,hybrid,FE file ENG_RATED_HP,1.0,0.0
FMX,145,118,31.2454,4000,250.0,47.0,N,CORSAIR AWD,Ford Motor Company,gas_diesel,FE file ENG_RATED_HP,0.0,0.0
FMX,146,17,27.5596,5000,400.0,55.7,N,AVIATOR RWD,Ford Motor Company,gas_diesel,FE file ENG_RATED_HP,0.0,0.0
FMX,147,18,25.7342,5500,400.0,55.7,N,AVIATOR AWD,Ford Motor Company,gas_diesel,FE file ENG_RATED_HP,0.0,0.0
GMX,123,610,26.7553,4500,310.0,56.7,N,ENCLAVE FWD,General Motors LLC,gas_diesel,FE file ENG_RATED_HP,0.0,0.0
GMX,124,611,25.655,5000,310.0,56.7,N,ENCLAVE AWD,General Motors LLC,gas_diesel,FE file ENG_RATED_HP,0.0,0.0
GMX,128,141,43.7761,3500,137.0,43.6,N,ENCORE GX FWD,General Motors LLC,gas_diesel,FE file ENG_RATED_HP,0.0,0.0
GMX,128,147,43.15,3500,155.0,43.6,N,ENCORE GX FWD,General Motors LLC,gas_diesel,FE file ENG_RATED_HP,0.0,0.0
GMX,129,510,37.2095,3500,155.0,43.6,N,ENCORE GX AWD,General Motors LLC,gas_diesel,FE file ENG_RATED_HP,0.0,0.0
GMX,130,192,41.9261,3500,137.0,45.7,N,ENVISTA,General Motors LLC,gas_diesel,FE file ENG_RATED_HP,0.0,0.0
GMX,131,526,33.7653,4000,228.0,46.7,N,ENVISION AWD,General Motors LLC,gas_diesel,FE file ENG_RATED_HP,0.0,0.0
GMX,511,820,20.7746,6500,420.0,57.5,N,ESCALADE 4WD,General Motors LLC,gas_diesel,FE file ENG_RATED_HP,0.0,0.0
GMX,511,880,30.1508,6500,277.0,57.5,N,ESCALADE 4WD,General Motors LLC,gas_diesel,FE file ENG_RATED_HP,0.0,0.0
GMX,516,814,22.0376,6000,420.0,57.5,N,ESCALADE 2WD,General Motors LLC,gas_diesel,FE file ENG_RATED_HP,0.0,0.0
GMX,516,885,31.2192,6500,277.0,57.5,N,ESCALADE 2WD,General Motors LLC,gas_diesel,FE file ENG_RATED_HP,0.0,0.0
GMX,546,606,28.2286,5500,237.0,67.2,N,XT5 HEARSE FWD,General Motors LLC,gas_diesel,FE file ENG_RATED_HP,0.0,0.0
GMX,547,607,28.2286,5500,237.0,70.8,N,XT5 LIMO FWD,General Motors LLC,gas_diesel,FE file ENG_RATED_HP,0.0,0.0
GMX,561,602,33.6349,4000,237.0,50.5,N,XT5 FWD,General Motors LLC,gas_diesel,FE file ENG_RATED_HP,0.0,0.0
GMX,561,614,27.8437,4500,310.0,50.5,N,XT5 FWD,General Motors LLC,gas_diesel,FE file ENG_RATED_HP,0.0,0.0
GMX,562,604,31.8772,4500,237.0,50.5,N,XT5 AWD,General Motors LLC,gas_diesel,FE file ENG_RATED_HP,0.0,0.0
GMX,562,612,27.3842,4500,310.0,50.5,N,XT5 AWD,General Motors LLC,gas_diesel,FE file ENG_RATED_HP,0.0,0.0
GMX,564,148,35.2534,4000,235.0,48.2,N,XT4 FWD,General Motors LLC,gas_diesel,FE file ENG_RATED_HP,0.0,0.0
GMX,565,525,33.407,4000,235.0,48.2,N,XT4 AWD,General Motors LLC,gas_diesel,FE file ENG_RATED_HP,0.0,0.0
GMX,566,603,31.3102,4500,237.0,51.8,N,XT6 FWD,General Motors LLC,gas_diesel,FE file ENG_RATED_HP,0.0,0.0
GMX,566,615,27.8437,4500,310.0,51.8,N,XT6 FWD,General Motors LLC,gas_diesel,FE file ENG_RATED_HP,0.0,0.0
GMX,567,605,31.8772,4500,237.0,51.8,N,XT6 AWD,General Motors LLC,gas_diesel,FE file ENG_RATED_HP,0.0,0.0
GMX,567,613,26.7821,5000,310.0,51.8,N,XT6 AWD,General Motors LLC,gas_diesel,FE file ENG_RATED_HP,0.0,0.0
GMX,568,174,32.893,4000,310.0,46.5,N,CT4,General Motors LLC,gas_diesel,FE file ENG_RATED_HP,0.0,0.0
GMX,568,198,34.35,3500,237.0,46.5,N,CT4,General Motors LLC,gas_diesel,FE file ENG_RATED_HP,0.0,0.0
GMX,569,199,33.3885,4000,237.0,46.5,N,CT4 AWD,General Motors LLC,gas_diesel,FE file ENG_RATED_HP,0.0,0.0
GMX,569,225,31.5167,4000,310.0,46.5,N,CT4 AWD,General Motors LLC,gas_diesel,FE file ENG_RATED_HP,0.0,0.0
GMX,570,151,28.6873,4000,335.0,51.2,N,CT5,General Motors LLC,gas_diesel,FE file ENG_RATED_HP,0.0,0.0
GMX,570,189,35.5039,4000,237.0,51.2,N,CT5,General Motors LLC,gas_diesel,FE file ENG_RATED_HP,0.0,0.0
GMX,571,149,27.7763,4500,335.0,51.1,N,CT5 AWD,General Motors LLC,gas_diesel,FE file ENG_RATED_HP,0.0,0.0
GMX,571,190,32.9183,4000,237.0,51.1,N,CT5 AWD,General Motors LLC,gas_diesel,FE file ENG_RATED_HP,0.0,0.0
GMX,572,200,24.0241,4000,472.0,46.3,N,CT4 V,General Motors LLC,gas_diesel,FE file ENG_RATED_HP,0.0,0.0
GMX,572,201,22.447,4000,472.0,46.3,N,CT4 V,General Motors LLC,gas_diesel,FE file ENG_RATED_HP,0.0,0.0
GMX,572,228,30.4077,4000,325.0,46.3,N,CT4 V,General Motors LLC,gas_diesel,FE file ENG_RATED_HP,0.0,0.0
GMX,573,152,28.6873,4000,335.0,51.2,N,CT5 V,General Motors LLC,gas_diesel,FE file ENG_RATED_HP,0.0,0.0
GMX,573,170,18.8473,4500,668.0,51.2,N,CT5 V,General Motors LLC,gas_diesel,FE file ENG_RATED_HP,0.0,0.0
GMX,573,205,19.4278,4500,668.0,51.2,N,CT5 V,General Motors LLC,gas_diesel,FE file ENG_RATED_HP,0.0,0.0
GMX,574,227,31.0197,4000,325.0,46.3,N,CT4 V AWD,General Motors LLC,gas_diesel,FE file ENG_RATED_HP,0.0,0.0
GMX,575,150,27.7763,4500,335.0,51.1,N,CT5 V AWD,General Motors LLC,gas_diesel,FE file ENG_RATED_HP,0.0,0.0
GMX,576,608,28.2286,5500,237.0,67.2,N,XT5 HEARSE AWD,General Motors LLC,gas_diesel,FE file ENG_RATED_HP,0.0,0.0
GMX,577,609,28.2286,5500,237.0,70.8,N,XT5 LIMO AWD,General Motors LLC,gas_diesel,FE file ENG_RATED_HP,0.0,0.0
GMX,578,780,17.1134,6500,682.0,57.5,N,ESCALADE V AWD,General Motors LLC,gas_diesel,FE file ENG_RATED_HP,0.0,0.0
GMX,5,710,20.5643,6000,420.0,70.2,N,SILVERADO 4WD ZR2,General Motors LLC,gas_diesel,FE file ENG_RATED_HP,0.0,0.0
GMX,5,750,28.1545,6000,305.0,70.2,N,SILVERADO 4WD ZR2,General Motors LLC,gas_diesel,FE file ENG_RATED_HP,0.0,0.0
GMX,6,704,16.2673,5500,355.0,70.1,N,SILVERADO 4WD MUD TERRAIN TIRES,General Motors LLC,gas_diesel,FE file ENG_RATED_HP,0.0,0.0
GMX,6,708,19.7279,5500,420.0,70.1,N,SILVERADO 4WD MUD TERRAIN TIRES,General Motors LLC,gas_diesel,FE file ENG_RATED_HP,0.0,0.0
GMX,6,717,21.8335,5500,355.0,70.1,N,SILVERADO 4WD MUD TERRAIN TIRES,General Motors LLC,gas_diesel,FE file ENG_RATED_HP,0.0,0.0
GMX,6,723,21.6301,5500,355.0,70.1,N,SILVERADO 4WD MUD TERRAIN TIRES,General Motors LLC,gas_diesel,FE file ENG_RATED_HP,0.0,0.0
GMX,6,733,21.3493,5500,355.0,70.1,N,SILVERADO 4WD MUD TERRAIN TIRES,General Motors LLC,gas_diesel,FE file ENG_RATED_HP,0.0,0.0
GMX,6,765,30.2825,6000,305.0,70.1,N,SILVERADO 4WD MUD TERRAIN TIRES,General Motors LLC,gas_diesel,FE file ENG_RATED_HP,0.0,0.0
GMX,6,766,29.4499,6000,305.0,70.1,N,SILVERADO 4WD MUD TERRAIN TIRES,General Motors LLC,gas_diesel,FE file ENG_RATED_HP,0.0,0.0
GMX,6,770,23.6667,5500,310.0,70.1,N,SILVERADO 4WD MUD TERRAIN TIRES,General Motors LLC,gas_diesel,FE file ENG_RATED_HP,0.0,0.0
GMX,6,846,23.0111,5500,310.0,70.1,N,SILVERADO 4WD MUD TERRAIN TIRES,General Motors LLC,gas_diesel,FE file ENG_RATED_HP,0.0,0.0
GMX,7,153,23.9592,4000,495.0,47.3,N,CORVETTE,General Motors LLC,gas_diesel,FE file ENG_RATED_HP,0.0,0.0
GMX,8,143,43.7761,3500,137.0,44.3,N,TRAILBLAZER FWD,General Motors LLC,gas_diesel,FE file ENG_RATED_HP,0.0,0.0
GMX,8,197,43.9952,3500,155.0,44.3,N,TRAILBLAZER FWD,General Motors LLC,gas_diesel,FE file ENG_RATED_HP,0.0,0.0
GMX,9,560,38.8088,3500,155.0,44.3,N,TRAILBLAZER AWD,General Motors LLC,gas_diesel,FE file ENG_RATED_HP,0.0,0.0
GMX,11,238,23.4892,4000,495.0,48.7,Y,CORVETTE E-RAY,General Motors LLC,hybrid,FE file ENG_RATED_HP,1.0,0.0
GMX,14,223,17.8005,4000,670.0,48.7,N,CORVETTE Z06,General Motors LLC,gas_diesel,FE file ENG_RATED_HP,0.0,0.0
GMX,15,224,16.9373,4000,670.0,48.7,N,CORVETTE Z06 CARBON AERO,General Motors LLC,gas_diesel,FE file ENG_RATED_HP,0.0,0.0
GMX,20,892,25.2761,5000,310.0,60.4,N,COLORADO 4WD MUD TERRAIN TIRES,General Motors LLC,gas_diesel,FE file ENG_RATED_HP,0.0,0.0
GMX,21,618,26.7553,4500,310.0,56.7,N,TRAVERSE LIMITED FWD,General Motors LLC,gas_diesel,FE file ENG_RATED_HP,0.0,0.0
GMX,22,619,25.6715,5000,310.0,56.7,N,TRAVERSE LIMITED AWD,General Motors LLC,gas_diesel,FE file ENG_RATED_HP,0.0,0.0
GMX,24,802,22.9604,6000,355.0,57.6,N,TAHOE 2WD,General Motors LLC,gas_diesel,FE file ENG_RATED_HP,0.0,0.0
GMX,24,811,22.4661,6000,420.0,57.6,N,TAHOE 2WD,General Motors LLC,gas_diesel,FE file ENG_RATED_HP,0.0,0.0
GMX,24,886,32.0,6000,277.0,57.6,N,TAHOE 2WD,General Motors LLC,gas_diesel,FE file ENG_RATED_HP,0.0,0.0
GMX,29,531,31.2664,4500,328.0,56.7,N,TRAVERSE FWD,General Motors LLC,gas_diesel,FE file ENG_RATED_HP,0.0,0.0
GMX,30,532,29.092,5000,328.0,56.7,N,TRAVERSE AWD,General Motors LLC,gas_diesel,FE file ENG_RATED_HP,0.0,0.0
GMX,66,803,22.9604,6000,355.0,63.9,N,SUBURBAN 2WD,General Motors LLC,gas_diesel,FE file ENG_RATED_HP,0.0,0.0
GMX,66,813,22.4661,6000,420.0,63.9,N,SUBURBAN 2WD,General Motors LLC,gas_diesel,FE file ENG_RATED_HP,0.0,0.0
GMX,66,887,31.2192,6500,277.0,63.9,N,SUBURBAN 2WD,General Motors LLC,gas_diesel,FE file ENG_RATED_HP,0.0,0.0
GMX,77,806,22.9604,6000,355.0,57.5,N,TAHOE 4WD,General Motors LLC,gas_diesel,FE file ENG_RATED_HP,0.0,0.0
GMX,77,810,21.4877,6000,355.0,57.5,N,TAHOE 4WD,General Motors LLC,gas_diesel,FE file ENG_RATED_HP,0.0,0.0
GMX,77,816,20.7746,6500,420.0,57.5,N,TAHOE 4WD,General Motors LLC,gas_diesel,FE file ENG_RATED_HP,0.0,0.0
GMX,77,881,30.1508,6500,277.0,57.5,N,TAHOE 4WD,General Motors LLC,gas_diesel,FE file ENG_RATED_HP,0.0,0.0
GMX,82,808,21.9492,6500,355.0,63.8,N,SUBURBAN 4WD,General Motors LLC,gas_diesel,FE file ENG_RATED_HP,0.0,0.0
GMX,82,818,20.7746,6500,420.0,63.8,N,SUBURBAN 4WD,General Motors LLC,gas_diesel,FE file ENG_RATED_HP,0.0,0.0
GMX,82,882,30.1508,6500,277.0,63.8,N,SUBURBAN 4WD,General Motors LLC,gas_diesel,FE file ENG_RATED_HP,0.0,0.0
GMX,120,135,41.3892,3000,137.0,45.7,N,TRAX,General Motors LLC,gas_diesel,FE file ENG_RATED_HP,0.0,0.0
GMX,964,792,28.5578,4500,310.0,57.3,N,COLORADO 2WD,General Motors LLC,gas_diesel,FE file ENG_RATED_HP,0.0,0.0
GMX,964,910,29.1219,4500,237.0,57.3,N,COLORADO 2WD,General Motors LLC,gas_diesel,FE file ENG_RATED_HP,0.0,0.0
GMX,965,841,26.955,5000,310.0,57.3,N,COLORADO 4WD,General Motors LLC,gas_diesel,FE file ENG_RATED_HP,0.0,0.0
GMX,965,904,27.8785,4500,237.0,57.3,N,COLORADO 4WD,General Motors LLC,gas_diesel,FE file ENG_RATED_HP,0.0,0.0
GMX,970,162,25.5518,3500,335.0,48.7,N,CAMARO,General Motors LLC,gas_diesel,FE file ENG_RATED_HP,0.0,0.0
GMX,970,166,19.0145,4000,650.0,48.7,N,CAMARO,General Motors LLC,gas_diesel,FE file ENG_RATED_HP,0.0,0.0
GMX,970,169,20.255,4000,650.0,48.7,N,CAMARO,General Motors LLC,gas_diesel,FE file ENG_RATED_HP,0.0,0.0
GMX,970,231,25.0148,4000,455.0,48.7,N,CAMARO,General Motors LLC,gas_diesel,FE file ENG_RATED_HP,0.0,0.0
GMX,970,232,24.0765,4000,455.0,48.7,N,CAMARO,General Motors LLC,gas_diesel,FE file ENG_RATED_HP,0.0,0.0
GMX,970,235,28.6299,3500,335.0,48.7,N,CAMARO,General Motors LLC,gas_diesel,FE file ENG_RATED_HP,0.0,0.0
GMX,973,179,42.8906,3500,163.0,48.9,N,MALIBU,General Motors LLC,gas_diesel,FE file ENG_RATED_HP,0.0,0.0
GMX,981,138,38.2151,3500,175.0,46.2,N,EQUINOX FWD,General Motors LLC,gas_diesel,FE file ENG_RATED_HP,0.0,0.0
GMX,982,550,35.7219,4000,175.0,46.4,N,EQUINOX AWD,General Motors LLC,gas_diesel,FE file ENG_RATED_HP,0.0,0.0
GMX,985,894,23.6869,5000,310.0,60.6,N,COLORADO ZR2 4WD,General Motors LLC,gas_diesel,FE file ENG_RATED_HP,0.0,0.0
GMX,986,700,18.1385,5000,355.0,69.9,N,SILVERADO 2WD,General Motors LLC,gas_diesel,FE file ENG_RATED_HP,0.0,0.0
GMX,986,713,21.8335,5000,355.0,69.9,N,SILVERADO 2WD,General Motors LLC,gas_diesel,FE file ENG_RATED_HP,0.0,0.0
GMX,986,719,24.7599,5000,355.0,69.9,N,SILVERADO 2WD,General Motors LLC,gas_diesel,FE file ENG_RATED_HP,0.0,0.0
GMX,986,725,24.3409,5000,355.0,69.9,N,SILVERADO 2WD,General Motors LLC,gas_diesel,FE file ENG_RATED_HP,0.0,0.0
GMX,986,760,35.2386,5500,305.0,69.9,N,SILVERADO 2WD,General Motors LLC,gas_diesel,FE file ENG_RATED_HP,0.0,0.0
GMX,986,791,27.386,4500,310.0,69.9,N,SILVERADO 2WD,General Motors LLC,gas_diesel,FE file ENG_RATED_HP,0.0,0.0
GMX,986,795,26.4258,5000,310.0,69.9,N,SILVERADO 2WD,General Motors LLC,gas_diesel,FE file ENG_RATED_HP,0.0,0.0
GMX,987,702,16.2673,5000,355.0,69.9,N,SILVERADO 4WD,General Motors LLC,gas_diesel,FE file ENG_RATED_HP,0.0,0.0
GMX,987,706,22.2957,5500,420.0,69.9,N,SILVERADO 4WD,General Motors LLC,gas_diesel,FE file ENG_RATED_HP,0.0,0.0
GMX,987,715,21.8335,5500,355.0,69.9,N,SILVERADO 4WD,General Motors LLC,gas_diesel,FE file ENG_RATED_HP,0.0,0.0
GMX,987,721,22.5881,5500,355.0,69.9,N,SILVERADO 4WD,General Motors LLC,gas_diesel,FE file ENG_RATED_HP,0.0,0.0
GMX,987,729,22.8928,5000,355.0,69.9,N,SILVERADO 4WD,General Motors LLC,gas_diesel,FE file ENG_RATED_HP,0.0,0.0
GMX,987,763,33.5897,6000,305.0,69.9,N,SILVERADO 4WD,General Motors LLC,gas_diesel,FE file ENG_RATED_HP,0.0,0.0
GMX,987,764,31.2306,6000,305.0,69.9,N,SILVERADO 4WD,General Motors LLC,gas_diesel,FE file ENG_RATED_HP,0.0,0.0
GMX,987,771,24.862,5000,310.0,69.9,N,SILVERADO 4WD,General Motors LLC,gas_diesel,FE file ENG_RATED_HP,0.0,0.0
GMX,987,840,26.7728,5000,310.0,69.9,N,SILVERADO 4WD,General Motors LLC,gas_diesel,FE file ENG_RATED_HP,0.0,0.0
GMX,988,600,33.7087,4000,237.0,52.0,N,BLAZER FWD,General Motors LLC,gas_diesel,FE file ENG_RATED_HP,0.0,0.0
GMX,988,616,28.3258,4500,308.0,52.0,N,BLAZER FWD,General Motors LLC,gas_diesel,FE file ENG_RATED_HP,0.0,0.0
GMX,989,601,32.5166,4500,237.0,52.0,N,BLAZER AWD,General Motors LLC,gas_diesel,FE file ENG_RATED_HP,0.0,0.0
GMX,989,617,27.5408,4500,308.0,52.0,N,BLAZER AWD,General Motors LLC,gas_diesel,FE file ENG_RATED_HP,0.0,0.0
GMX,990,727,21.3493,5500,355.0,66.5,N,SILVERADO 2WD CAB CHASSIS,General Motors LLC,gas_diesel,FE file ENG_RATED_HP,0.0,0.0
GMX,992,891,22.2816,5500,310.0,61.3,N,COLORADO ZR2 BISON 4WD,General Motors LLC,gas_diesel,FE file ENG_RATED_HP,0.0,0.0
GMX,34,804,22.9604,6000,355.0,57.6,N,YUKON 2WD,General Motors LLC,gas_diesel,FE file ENG_RATED_HP,0.0,0.0
GMX,34,812,22.4661,6000,420.0,57.6,N,YUKON 2WD,General Motors LLC,gas_diesel,FE file ENG_RATED_HP,0.0,0.0
GMX,34,888,31.2192,6500,277.0,57.6,N,YUKON 2WD,General Motors LLC,gas_diesel,FE file ENG_RATED_HP,0.0,0.0
GMX,55,805,22.9604,6000,355.0,63.9,N,YUKON XL 2WD,General Motors LLC,gas_diesel,FE file ENG_RATED_HP,0.0,0.0
GMX,55,815,21.208,6500,420.0,63.9,N,YUKON XL 2WD,General Motors LLC,gas_diesel,FE file ENG_RATED_HP,0.0,0.0
GMX,55,889,31.2192,6500,277.0,63.9,N,YUKON XL 2WD,General Motors LLC,gas_diesel,FE file ENG_RATED_HP,0.0,0.0
GMX,63,809,21.9492,6500,355.0,63.8,N,YUKON XL 4WD,General Motors LLC,gas_diesel,FE file ENG_RATED_HP,0.0,0.0
GMX,63,819,20.7746,6500,420.0,63.8,N,YUKON XL 4WD,General Motors LLC,gas_diesel,FE file ENG_RATED_HP,0.0,0.0
GMX,63,883,30.1508,6500,277.0,63.8,N,YUKON XL 4WD,General Motors LLC,gas_diesel,FE file ENG_RATED_HP,0.0,0.0
GMX,65,807,22.9604,6000,355.0,57.5,N,YUKON 4WD,General Motors LLC,gas_diesel,FE file ENG_RATED_HP,0.0,0.0
GMX,65,817,20.7746,6500,420.0,57.5,N,YUKON 4WD,General Motors LLC,gas_diesel,FE file ENG_RATED_HP,0.0,0.0
GMX,65,884,30.1508,6500,277.0,57.5,N,YUKON 4WD,General Motors LLC,gas_diesel,FE file ENG_RATED_HP,0.0,0.0
GMX,936,793,28.5578,4500,310.0,60.4,N,CANYON 2WD,General Motors LLC,gas_diesel,FE file ENG_RATED_HP,0.0,0.0
GMX,937,842,26.955,5000,310.0,60.4,N,CANYON 4WD,General Motors LLC,gas_diesel,FE file ENG_RATED_HP,0.0,0.0
GMX,941,530,31.2664,4500,328.0,56.7,N,ACADIA FWD,General Motors LLC,gas_diesel,FE file ENG_RATED_HP,0.0,0.0
GMX,942,533,29.092,5000,328.0,56.7,N,ACADIA AWD,General Motors LLC,gas_diesel,FE file ENG_RATED_HP,0.0,0.0
GMX,944,551,34.3656,4000,175.0,46.2,N,TERRAIN AWD,General Motors LLC,gas_diesel,FE file ENG_RATED_HP,0.0,0.0
GMX,946,701,18.1385,5000,355.0,69.9,N,SIERRA 2WD,General Motors LLC,gas_diesel,FE file ENG_RATED_HP,0.0,0.0
GMX,946,720,24.1099,5500,355.0,69.9,N,SIERRA 2WD,General Motors LLC,gas_diesel,FE file ENG_RATED_HP,0.0,0.0
GMX,946,726,24.3409,5000,355.0,69.9,N,SIERRA 2WD,General Motors LLC,gas_diesel,FE file ENG_RATED_HP,0.0,0.0
GMX,946,761,35.0329,5500,305.0,69.9,N,SIERRA 2WD,General Motors LLC,gas_diesel,FE file ENG_RATED_HP,0.0,0.0
GMX,946,794,27.4813,4500,310.0,69.9,N,SIERRA 2WD,General Motors LLC,gas_diesel,FE file ENG_RATED_HP,0.0,0.0
GMX,946,796,26.4258,5000,310.0,69.9,N,SIERRA 2WD,General Motors LLC,gas_diesel,FE file ENG_RATED_HP,0.0,0.0
GMX,947,703,16.2673,5000,355.0,69.9,N,SIERRA 4WD,General Motors LLC,gas_diesel,FE file ENG_RATED_HP,0.0,0.0
GMX,947,707,21.6562,6000,420.0,69.9,N,SIERRA 4WD,General Motors LLC,gas_diesel,FE file ENG_RATED_HP,0.0,0.0
GMX,947,722,22.6509,5500,355.0,69.9,N,SIERRA 4WD,General Motors LLC,gas_diesel,FE file ENG_RATED_HP,0.0,0.0
GMX,947,730,23.3954,5500,355.0,69.9,N,SIERRA 4WD,General Motors LLC,gas_diesel,FE file ENG_RATED_HP,0.0,0.0
GMX,947,762,33.5897,6000,305.0,69.9,N,SIERRA 4WD,General Motors LLC,gas_diesel,FE file ENG_RATED_HP,0.0,0.0
GMX,947,772,24.4521,5500,310.0,69.9,N,SIERRA 4WD,General Motors LLC,gas_diesel,FE file ENG_RATED_HP,0.0,0.0
GMX,947,843,25.2251,5000,310.0,69.9,N,SIERRA 4WD,General Motors LLC,gas_diesel,FE file ENG_RATED_HP,0.0,0.0
GMX,948,728,20.7059,5500,355.0,66.5,N,SIERRA 2WD CAB CHASSIS,General Motors LLC,gas_diesel,FE file ENG_RATED_HP,0.0,0.0
GMX,966,139,36.9742,3500,175.0,46.5,N,TERRAIN FWD,General Motors LLC,gas_diesel,FE file ENG_RATED_HP,0.0,0.0
GMX,970,705,16.2673,5500,355.0,70.1,N,SIERRA 4WD MUD TERRAIN TIRES,General Motors LLC,gas_diesel,FE file ENG_RATED_HP,0.0,0.0
GMX,970,709,19.7279,6000,420.0,70.1,N,SIERRA 4WD MUD TERRAIN TIRES,General Motors LLC,gas_diesel,FE file ENG_RATED_HP,0.0,0.0
GMX,970,734,21.114,5500,355.0,70.1,N,SIERRA 4WD MUD TERRAIN TIRES,General Motors LLC,gas_diesel,FE file ENG_RATED_HP,0.0,0.0
GMX,970,767,29.4499,6000,305.0,70.1,N,SIERRA 4WD MUD TERRAIN TIRES,General Motors LLC,gas_diesel,FE file ENG_RATED_HP,0.0,0.0
GMX,971,711,20.5643,6000,420.0,70.2,N,SIERRA 4WD AT4X,General Motors LLC,gas_diesel,FE file ENG_RATED_HP,0.0,0.0
GMX,971,751,26.6454,6500,305.0,70.2,N,SIERRA 4WD AT4X,General Motors LLC,gas_diesel,FE file ENG_RATED_HP,0.0,0.0
GMX,972,893,25.2761,5000,310.0,60.4,N,CANYON 4WD MUD TERRAIN TIRES,General Motors LLC,gas_diesel,FE file ENG_RATED_HP,0.0,0.0
GMX,973,899,23.6869,5000,310.0,60.6,N,CANYON AT4X 4WD,General Motors LLC,gas_diesel,FE file ENG_RATED_HP,0.0,0.0
GMX,982,890,22.2816,5500,310.0,61.3,N,CANYON AT4X AEV 4WD,General Motors LLC,gas_diesel,FE file ENG_RATED_HP,0.0,0.0
HNX,5,1,50.7109,3000,180.0,45.6,N,CIVIC 4Dr,"American Honda Motor Co., Inc.",gas_diesel,FE file ENG_RATED_HP,0.0,0.0
HNX,5,2,46.9173,3500,180.0,45.6,N,CIVIC 4Dr,"American Honda Motor Co., Inc.",gas_diesel,FE file ENG_RATED_HP,0.0,0.0
HNX,5,4,42.8155,3000,200.0,45.6,N,CIVIC 4Dr,"American Honda Motor Co., Inc.",gas_diesel,FE file ENG_RATED_HP,0.0,0.0
HNX,5,11,48.0399,3000,158.0,45.6,N,CIVIC 4Dr,"American Honda Motor Co., Inc.",gas_diesel,FE file ENG_RATED_HP,0.0,0.0
HNX,5,12,45.6267,3000,158.0,45.6,N,CIVIC 4Dr,"American Honda Motor Co., Inc.",gas_diesel,FE file ENG_RATED_HP,0.0,0.0
HNX,9,21,48.1778,3500,180.0,45.6,N,CIVIC 5Dr,"American Honda Motor Co., Inc.",gas_diesel,FE file ENG_RATED_HP,0.0,0.0
HNX,9,22,45.7074,3500,180.0,45.6,N,CIVIC 5Dr,"American Honda Motor Co., Inc.",gas_diesel,FE file ENG_RATED_HP,0.0,0.0
HNX,9,23,42.7531,3500,180.0,45.6,N,CIVIC 5Dr,"American Honda Motor Co., Inc.",gas_diesel,FE file ENG_RATED_HP,0.0,0.0
HNX,9,31,45.1413,3000,158.0,45.6,N,CIVIC 5Dr,"American Honda Motor Co., Inc.",gas_diesel,FE file ENG_RATED_HP,0.0,0.0
HNX,9,32,43.6403,3000,158.0,45.6,N,CIVIC 5Dr,"American Honda Motor Co., Inc.",gas_diesel,FE file ENG_RATED_HP,0.0,0.0
HNX,9,33,40.3297,3000,158.0,45.6,N,CIVIC 5Dr,"American Honda Motor Co., Inc.",gas_diesel,FE file ENG_RATED_HP,0.0,0.0
HNX,9,41,31.2608,3500,315.0,45.6,N,CIVIC 5Dr,"American Honda Motor Co., Inc.",gas_diesel,FE file ENG_RATED_HP,0.0,0.0
HNX,20,101,45.1778,3500,192.0,49.0,N,ACCORD,"American Honda Motor Co., Inc.",gas_diesel,FE file ENG_RATED_HP,0.0,0.0
HNX,20,121,69.8171,3500,146.0,49.0,Y,ACCORD,"American Honda Motor Co., Inc.",hybrid,FE file ENG_RATED_HP,1.0,0.0
HNX,22,122,63.3553,3500,146.0,48.7,Y,ACCORD SPORT/TOURING,"American Honda Motor Co., Inc.",hybrid,FE file ENG_RATED_HP,1.0,0.0
HNX,101,201,39.1219,4000,190.0,46.9,N,CR-V AWD,"American Honda Motor Co., Inc.",gas_diesel,FE file ENG_RATED_HP,0.0,0.0
HNX,101,211,52.9245,4000,145.0,46.9,Y,CR-V AWD,"American Honda Motor Co., Inc.",hybrid,FE file ENG_RATED_HP,1.0,0.0
HNX,102,202,41.3397,3500,190.0,47.1,N,CR-V FWD,"American Honda Motor Co., Inc.",gas_diesel,FE file ENG_RATED_HP,0.0,0.0
HNX,102,212,58.0184,4000,145.0,47.1,Y,CR-V FWD,"American Honda Motor Co., Inc.",hybrid,FE file ENG_RATED_HP,1.0,0.0
HNX,110,321,36.4866,3500,158.0,45.6,N,HR-V AWD,"American Honda Motor Co., Inc.",gas_diesel,FE file ENG_RATED_HP,0.0,0.0
HNX,111,323,38.5292,3500,158.0,45.6,N,HR-V FWD,"American Honda Motor Co., Inc.",gas_diesel,FE file ENG_RATED_HP,0.0,0.0
HNX,201,401,29.5179,4500,280.0,55.1,N,ODYSSEY FWD,"American Honda Motor Co., Inc.",gas_diesel,FE file ENG_RATED_HP,0.0,0.0
HNX,301,361,28.0481,4500,285.0,53.4,N,PILOT AWD,"American Honda Motor Co., Inc.",gas_diesel,FE file ENG_RATED_HP,0.0,0.0
HNX,302,362,29.5284,4500,285.0,53.4,N,PILOT FWD,"American Honda Motor Co., Inc.",gas_diesel,FE file ENG_RATED_HP,0.0,0.0
HNX,304,364,27.4256,5000,285.0,53.4,N,Pilot AWD Touring/Elite/Black,"American Honda Motor Co., Inc.",gas_diesel,FE file ENG_RATED_HP,0.0,0.0
HNX,305,365,26.0425,5000,285.0,53.2,N,Pilot AWD TRAILSPORT,"American Honda Motor Co., Inc.",gas_diesel,FE file ENG_RATED_HP,0.0,0.0
HNX,310,381,28.0722,4500,280.0,51.4,N,PASSPORT AWD,"American Honda Motor Co., Inc.",gas_diesel,FE file ENG_RATED_HP,0.0,0.0
HNX,501,421,27.1602,4500,280.0,58.1,N,RIDGELINE AWD,"American Honda Motor Co., Inc.",gas_diesel,FE file ENG_RATED_HP,0.0,0.0
HNX,503,423,26.7837,4500,280.0,58.1,N,RIDGELINE AWD TrailSport,"American Honda Motor Co., Inc.",gas_diesel,FE file ENG_RATED_HP,0.0,0.0
HNX,1,501,27.7745,4500,290.0,53.5,N,MDX AWD,"American Honda Motor Co., Inc.",gas_diesel,FE file ENG_RATED_HP,0.0,0.0
HNX,2,502,29.3283,4500,290.0,53.5,N,MDX FWD,"American Honda Motor Co., Inc.",gas_diesel,FE file ENG_RATED_HP,0.0,0.0
HNX,4,506,26.1453,5000,355.0,53.5,N,MDX AWD Type-S,"American Honda Motor Co., Inc.",gas_diesel,FE file ENG_RATED_HP,0.0,0.0
HNX,61,462,33.5043,4000,272.0,50.5,N,TLX FWD,"American Honda Motor Co., Inc.",gas_diesel,FE file ENG_RATED_HP,0.0,0.0
HNX,62,463,31.6213,4000,272.0,50.5,N,TLX AWD A-SPEC,"American Honda Motor Co., Inc.",gas_diesel,FE file ENG_RATED_HP,0.0,0.0
HNX,64,466,29.1487,4500,355.0,50.5,N,TLX Type-S,"American Honda Motor Co., Inc.",gas_diesel,FE file ENG_RATED_HP,0.0,0.0
HNX,101,481,31.4871,4000,272.0,48.4,N,RDX AWD,"American Honda Motor Co., Inc.",gas_diesel,FE file ENG_RATED_HP,0.0,0.0
HNX,103,483,30.8976,4000,272.0,48.4,N,RDX AWD A-SPEC,"American Honda Motor Co., Inc.",gas_diesel,FE file ENG_RATED_HP,0.0,0.0
HNX,120,541,45.1038,3500,200.0,46.0,N,INTEGRA,"American Honda Motor Co., Inc.",gas_diesel,FE file ENG_RATED_HP,0.0,0.0
HNX,120,544,31.5697,3500,320.0,46.0,N,INTEGRA,"American Honda Motor Co., Inc.",gas_diesel,FE file ENG_RATED_HP,0.0,0.0
HNX,121,542,43.6203,3500,200.0,45.6,N,INTEGRA A-SPEC,"American Honda Motor Co., Inc.",gas_diesel,FE file ENG_RATED_HP,0.0,0.0
HNX,121,543,41.7974,3500,200.0,45.6,N,INTEGRA A-SPEC,"American Honda Motor Co., Inc.",gas_diesel,FE file ENG_RATED_HP,0.0,0.0
HYX,55,47,28.5744,4500,281.0,50.0,N,Santa Fe AWD XRT,Hyundai Motor Company,gas_diesel,FE file ENG_RATED_HP,0.0,0.0
HYX,56,48,29.8306,4500,281.0,49.9,N,Santa Fe AWD,Hyundai Motor Company,gas_diesel,FE file ENG_RATED_HP,0.0,0.0
HYX,57,49,31.1483,4500,281.0,49.9,N,Santa Fe FWD,Hyundai Motor Company,gas_diesel,FE file ENG_RATED_HP,0.0,0.0
HYX,58,21,46.4282,4500,178.0,50.0,Y,Santa Fe Hybrid AWD,Hyundai Motor Company,hybrid,FE file ENG_RATED_HP,1.0,0.0
HYX,59,22,47.9785,4500,178.0,50.0,Y,Santa Fe Hybrid FWD,Hyundai Motor Company,hybrid,FE file ENG_RATED_HP,1.0,0.0
HYX,70,44,30.6873,4000,191.0,53.2,N,Santa Cruz AWD,Hyundai Motor Company,gas_diesel,FE file ENG_RATED_HP,0.0,0.0
HYX,70,46,29.2416,4500,281.0,53.2,N,Santa Cruz AWD,Hyundai Motor Company,gas_diesel,FE file ENG_RATED_HP,0.0,0.0
HYX,71,45,32.5532,4000,191.0,53.2,N,Santa Cruz FWD,Hyundai Motor Company,gas_diesel,FE file ENG_RATED_HP,0.0,0.0
HYX,75,58,37.1685,3500,188.0,48.1,N,Tucson FWD,Hyundai Motor Company,gas_diesel,FE file ENG_RATED_HP,0.0,0.0
HYX,76,57,33.9848,3500,188.0,48.1,N,Tucson AWD,Hyundai Motor Company,gas_diesel,FE file ENG_RATED_HP,0.0,0.0
HYX,126,24,46.2526,3000,147.0,46.8,N,Elantra,Hyundai Motor Company,gas_diesel,FE file ENG_RATED_HP,0.0,0.0
HYX,126,25,48.8008,3000,147.0,46.8,N,Elantra,Hyundai Motor Company,gas_diesel,FE file ENG_RATED_HP,0.0,0.0
HYX,126,26,41.2065,3500,195.0,46.8,N,Elantra,Hyundai Motor Company,gas_diesel,FE file ENG_RATED_HP,0.0,0.0
HYX,127,27,67.892,3500,104.0,46.4,Y,Elantra Hybrid,Hyundai Motor Company,hybrid,FE file ENG_RATED_HP,1.0,0.0
HYX,128,28,69.3315,3500,104.0,46.6,Y,Elantra Hybrid Blue,Hyundai Motor Company,hybrid,FE file ENG_RATED_HP,1.0,0.0
HYX,129,65,28.9862,3500,280.0,46.3,N,Elantra N,Hyundai Motor Company,gas_diesel,FE file ENG_RATED_HP,0.0,0.0
HYX,129,66,31.3859,3500,280.0,46.3,N,Elantra N,Hyundai Motor Company,gas_diesel,FE file ENG_RATED_HP,0.0,0.0
HYX,133,42,60.6593,4000,150.0,50.0,Y,Sonata Hybrid,Hyundai Motor Company,hybrid,FE file ENG_RATED_HP,1.0,0.0
HYX,140,29,36.2716,3500,190.0,45.5,N,Kona AWD,Hyundai Motor Company,gas_diesel,FE file ENG_RATED_HP,0.0,0.0
HYX,140,31,39.1818,3500,147.0,45.5,N,Kona AWD,Hyundai Motor Company,gas_diesel,FE file ENG_RATED_HP,0.0,0.0
HYX,140,69,39.9131,3500,147.0,45.5,N,Kona AWD,Hyundai Motor Company,gas_diesel,FE file ENG_RATED_HP,0.0,0.0
HYX,141,30,39.5635,3500,190.0,45.7,N,Kona FWD,Hyundai Motor Company,gas_diesel,FE file ENG_RATED_HP,0.0,0.0
HYX,141,32,43.0035,3500,147.0,45.7,N,Kona FWD,Hyundai Motor Company,gas_diesel,FE file ENG_RATED_HP,0.0,0.0
HYX,141,70,44.2437,3000,147.0,45.7,N,Kona FWD,Hyundai Motor Company,gas_diesel,FE file ENG_RATED_HP,0.0,0.0
HYX,177,64,46.9788,4500,177.0,48.1,Y,Tucson Plug-in Hybrid,Hyundai Motor Company,hybrid,FE file ENG_RATED_HP,1.0,0.0
HYX,178,54,50.1767,4000,177.0,48.2,Y,Tucson Hybrid Blue,Hyundai Motor Company,hybrid,FE file ENG_RATED_HP,1.0,0.0
HYX,179,53,49.4483,4000,177.0,48.1,Y,Tucson Hybrid,Hyundai Motor Company,hybrid,FE file ENG_RATED_HP,1.0,0.0
HYX,235,39,39.4945,3500,191.0,49.4,N,Sonata FWD,Hyundai Motor Company,gas_diesel,FE file ENG_RATED_HP,0.0,0.0
HYX,235,41,34.5523,4000,290.0,49.4,N,Sonata FWD,Hyundai Motor Company,gas_diesel,FE file ENG_RATED_HP,0.0,0.0
HYX,236,38,37.9508,3500,191.0,49.7,N,Sonata AWD,Hyundai Motor Company,gas_diesel,FE file ENG_RATED_HP,0.0,0.0
HYX,250,51,42.1677,3000,121.0,41.7,N,Venue,Hyundai Motor Company,gas_diesel,FE file ENG_RATED_HP,0.0,0.0
HYX,300,19,27.8788,4500,291.0,53.5,N,Palisade AWD,Hyundai Motor Company,gas_diesel,FE file ENG_RATED_HP,0.0,0.0
HYX,301,20,28.8135,4500,291.0,53.5,N,Palisade FWD,Hyundai Motor Company,gas_diesel,FE file ENG_RATED_HP,0.0,0.0
HYX,92,18,27.1727,5000,375.0,56.8,N,G90 AWD,Hyundai Motor Company,gas_diesel,FE file ENG_RATED_HP,0.0,0.0
HYX,94,23,26.9642,5500,420.0,56.8,Y,G90 MHEV,Hyundai Motor Company,hybrid,FE file ENG_RATED_HP,1.0,0.0
HYX,192,10,32.941,4500,300.0,52.9,N,G80 AWD,Hyundai Motor Company,gas_diesel,FE file ENG_RATED_HP,0.0,0.0
HYX,192,12,24.0002,4500,375.0,52.9,N,G80 AWD,Hyundai Motor Company,gas_diesel,FE file ENG_RATED_HP,0.0,0.0
HYX,196,13,29.3632,5000,300.0,53.5,N,GV80 AWD,Hyundai Motor Company,gas_diesel,FE file ENG_RATED_HP,0.0,0.0
HYX,196,14,26.0971,5000,375.0,53.5,N,GV80 AWD,Hyundai Motor Company,gas_diesel,FE file ENG_RATED_HP,0.0,0.0
HYX,333,6,25.1301,4000,368.0,48.8,N,G70 AWD,Hyundai Motor Company,gas_diesel,FE file ENG_RATED_HP,0.0,0.0
HYX,333,8,29.258,4000,300.0,48.8,N,G70 AWD,Hyundai Motor Company,gas_diesel,FE file ENG_RATED_HP,0.0,0.0
HYX,334,7,25.5958,4000,368.0,48.8,N,G70 RWD,Hyundai Motor Company,gas_diesel,FE file ENG_RATED_HP,0.0,0.0
HYX,334,9,30.4871,4000,300.0,48.8,N,G70 RWD,Hyundai Motor Company,gas_diesel,FE file ENG_RATED_HP,0.0,0.0
HYX,351,15,28.6698,4500,300.0,51.0,N,GV70 AWD,Hyundai Motor Company,gas_diesel,FE file ENG_RATED_HP,0.0,0.0
HYX,351,16,32.267,4500,300.0,51.0,N,GV70 AWD,Hyundai Motor Company,gas_diesel,FE file ENG_RATED_HP,0.0,0.0
HYX,351,17,26.5652,4500,375.0,51.0,N,GV70 AWD,Hyundai Motor Company,gas_diesel,FE file ENG_RATED_HP,0.0,0.0
IAL,100,100,20.2206,6000,286.0,51.8,N,Grenadier Station Wagon,Ineos Automotive Limited,gas_diesel,FE file ENG_RATED_HP,0.0,0.0
IAL,101,101,20.2206,6000,286.0,51.8,N,Grenadier Fieldmaster Edition,Ineos Automotive Limited,gas_diesel,FE file ENG_RATED_HP,0.0,0.0
IAL,102,102,18.869,6500,286.0,51.8,N,Grenadier Trialmaster Edition,Ineos Automotive Limited,gas_diesel,FE file ENG_RATED_HP,0.0,0.0
IAL,110,110,18.869,6500,286.0,57.2,N,Grenadier Quartermaster,Ineos Automotive Limited,gas_diesel,FE file ENG_RATED_HP,0.0,0.0
JLX,107,562,31.0711,4500,250.0,51.1,N,Range Rover Velar,Jaguar Land Rover Limited,gas_diesel,FE file ENG_RATED_HP,0.0,0.0
JLX,116,567,27.6394,5000,400.0,51.1,Y,Range Rover Velar P400 MHEV,Jaguar Land Rover Limited,hybrid,FE file ENG_RATED_HP,1.0,0.0
JLX,176,63,28.3183,5500,400.0,53.3,N,Discovery,Jaguar Land Rover Limited,gas_diesel,FE file ENG_RATED_HP,0.0,0.0
JLX,177,64,26.9213,6000,360.0,53.3,Y,Discovery MHEV,Jaguar Land Rover Limited,hybrid,FE file ENG_RATED_HP,1.0,0.0
JLX,196,550,27.1707,4500,249.0,48.1,N,Discovery Sport,Jaguar Land Rover Limited,gas_diesel,FE file ENG_RATED_HP,0.0,0.0
JLX,204,74,29.7046,4500,249.0,47.1,N,Range Rover Evoque,Jaguar Land Rover Limited,gas_diesel,FE file ENG_RATED_HP,0.0,0.0
JLX,229,431,28.3942,5500,360.0,54.9,Y,Range Rover Sport P360 MHEV,Jaguar Land Rover Limited,hybrid,FE file ENG_RATED_HP,1.0,0.0
JLX,230,432,29.2795,5500,400.0,54.9,Y,Range Rover Sport P400 MHEV,Jaguar Land Rover Limited,hybrid,FE file ENG_RATED_HP,1.0,0.0
JLX,235,47,29.4405,6500,510.0,54.9,Y,Range Rover Sport P550 PHEV,Jaguar Land Rover Limited,hybrid,FE file ENG_RATED_HP,1.0,0.0
JLX,236,435,24.2312,6000,530.0,54.9,Y,Range Rover MHEV,Jaguar Land Rover Limited,hybrid,FE file ENG_RATED_HP,1.0,0.0
JLX,237,436,22.996,6500,530.0,58.6,Y,Range Rover LWB MHEV,Jaguar Land Rover Limited,hybrid,FE file ENG_RATED_HP,1.0,0.0
JLX,239,438,23.1948,6000,625.0,54.9,Y,Range Rover Sport SVR MHEV,Jaguar Land Rover Limited,hybrid,FE file ENG_RATED_HP,1.0,0.0
JLX,240,439,22.996,6500,625.0,54.9,Y,Range Rover SV MHEV,Jaguar Land Rover Limited,hybrid,FE file ENG_RATED_HP,1.0,0.0
JLX,241,440,22.996,6500,625.0,58.6,Y,Range Rover SV LWB MHEV,Jaguar Land Rover Limited,hybrid,FE file ENG_RATED_HP,1.0,0.0
JLX,300,665,25.7399,6000,400.0,55.5,Y,Defender 110 MHEV,Jaguar Land Rover Limited,hybrid,FE file ENG_RATED_HP,1.0,0.0
JLX,301,667,26.438,5500,400.0,47.4,Y,Defender 90 MHEV,Jaguar Land Rover Limited,hybrid,FE file ENG_RATED_HP,1.0,0.0
JLX,302,666,25.9652,5000,400.0,47.4,N,Defender 90,Jaguar Land Rover Limited,gas_diesel,FE file ENG_RATED_HP,0.0,0.0
JLX,302,668,21.216,5500,525.0,47.4,N,Defender 90,Jaguar Land Rover Limited,gas_diesel,FE file ENG_RATED_HP,0.0,0.0
JLX,303,663,25.4823,5500,400.0,55.5,N,Defender 110,Jaguar Land Rover Limited,gas_diesel,FE file ENG_RATED_HP,0.0,0.0
JLX,303,669,20.4861,6000,525.0,55.5,N,Defender 110,Jaguar Land Rover Limited,gas_diesel,FE file ENG_RATED_HP,0.0,0.0
JLX,304,670,20.1638,6500,500.0,55.5,N,Defender 130,Jaguar Land Rover Limited,gas_diesel,FE file ENG_RATED_HP,0.0,0.0
JLX,306,272,28.0324,6000,400.0,54.9,Y,Range Rover P400 MHEV,Jaguar Land Rover Limited,hybrid,FE file ENG_RATED_HP,1.0,0.0
JLX,307,273,28.0324,6000,400.0,58.6,Y,Range Rover P400 LWB MHEV,Jaguar Land Rover Limited,hybrid,FE file ENG_RATED_HP,1.0,0.0
JLX,311,276,29.4405,6500,510.0,54.9,Y,Range Rover P550 PHEV,Jaguar Land Rover Limited,hybrid,FE file ENG_RATED_HP,1.0,0.0
JLX,312,671,25.657,6000,300.0,55.5,Y,Defender 130 P300 MHEV,Jaguar Land Rover Limited,hybrid,FE file ENG_RATED_HP,1.0,0.0
JLX,313,672,25.6248,6000,400.0,55.5,Y,Defender 130 P400 MHEV,Jaguar Land Rover Limited,hybrid,FE file ENG_RATED_HP,1.0,0.0
JLX,314,673,23.601,6000,400.0,55.5,Y,Defender 130 Outbound,Jaguar Land Rover Limited,hybrid,FE file ENG_RATED_HP,1.0,0.0
JLX,84,174,23.8409,4500,575.0,45.2,N,F-TYPE R AWD Coupe,Jaguar Land Rover Limited,gas_diesel,FE file ENG_RATED_HP,0.0,0.0
JLX,85,175,23.8409,4500,575.0,45.2,N,F-TYPE R AWD Convertible,Jaguar Land Rover Limited,gas_diesel,FE file ENG_RATED_HP,0.0,0.0
JLX,86,178,25.1733,4000,450.0,45.3,N,F-TYPE P450 RWD Coupe,Jaguar Land Rover Limited,gas_diesel,FE file ENG_RATED_HP,0.0,0.0
JLX,87,179,25.1733,4000,450.0,45.3,N,F-TYPE P450 RWD Convertible,Jaguar Land Rover Limited,gas_diesel,FE file ENG_RATED_HP,0.0,0.0
JLX,88,180,23.8409,4500,450.0,45.3,N,F-TYPE P450 AWD R-Dynamic Coupe,Jaguar Land Rover Limited,gas_diesel,FE file ENG_RATED_HP,0.0,0.0
JLX,89,181,23.8409,4500,450.0,45.3,N,F-TYPE P450 AWD R-Dynamic Conv,Jaguar Land Rover Limited,gas_diesel,FE file ENG_RATED_HP,0.0,0.0
JLX,90,260,34.456,4000,250.0,51.1,N,XF P250,Jaguar Land Rover Limited,gas_diesel,FE file ENG_RATED_HP,0.0,0.0
JLX,99,267,31.7976,4500,300.0,51.1,N,XF P300 AWD,Jaguar Land Rover Limited,gas_diesel,FE file ENG_RATED_HP,0.0,0.0
JLX,105,768,31.5137,4500,250.0,51.0,N,F-PACE,Jaguar Land Rover Limited,gas_diesel,FE file ENG_RATED_HP,0.0,0.0
JLX,114,770,22.03,5000,550.0,51.3,N,F-PACE SVR,Jaguar Land Rover Limited,gas_diesel,FE file ENG_RATED_HP,0.0,0.0
JLX,115,774,27.6394,5000,400.0,51.0,Y,F-PACE P400 MHEV,Jaguar Land Rover Limited,hybrid,FE file ENG_RATED_HP,1.0,0.0
JLX,198,540,30.0905,4500,249.0,47.2,N,E-PACE,Jaguar Land Rover Limited,gas_diesel,FE file ENG_RATED_HP,0.0,0.0
KMX,100,26,26.2771,4500,291.0,53.5,N,Telluride AWD,Kia Corporation,gas_diesel,FE file ENG_RATED_HP,0.0,0.0
KMX,101,27,29.4792,4500,291.0,53.5,N,Telluride FWD,Kia Corporation,gas_diesel,FE file ENG_RATED_HP,0.0,0.0
KMX,181,28,65.5114,3500,104.0,46.3,Y,Niro,Kia Corporation,hybrid,FE file ENG_RATED_HP,1.0,0.0
KMX,182,29,68.6854,3500,104.0,46.6,Y,Niro FE,Kia Corporation,hybrid,FE file ENG_RATED_HP,1.0,0.0
KMX,184,32,67.0325,3500,104.0,46.6,Y,Niro Plug-in Hybrid,Kia Corporation,hybrid,FE file ENG_RATED_HP,1.0,0.0
KMX,228,13,40.5347,3000,147.0,44.2,N,Soul,Kia Corporation,gas_diesel,FE file ENG_RATED_HP,0.0,0.0
KMX,229,14,42.9167,3000,147.0,43.9,N,Soul Eco dynamics,Kia Corporation,gas_diesel,FE file ENG_RATED_HP,0.0,0.0
KMX,328,15,41.5413,3500,180.0,50.2,N,K5,Kia Corporation,gas_diesel,FE file ENG_RATED_HP,0.0,0.0
KMX,328,17,35.341,4000,290.0,50.2,N,K5,Kia Corporation,gas_diesel,FE file ENG_RATED_HP,0.0,0.0
KMX,329,16,38.2326,3500,180.0,49.7,N,K5 AWD,Kia Corporation,gas_diesel,FE file ENG_RATED_HP,0.0,0.0
KMX,427,20,47.4166,3000,147.0,45.5,N,Forte FE,Kia Corporation,gas_diesel,FE file ENG_RATED_HP,0.0,0.0
KMX,428,18,34.0534,3000,201.0,45.3,N,Forte,Kia Corporation,gas_diesel,FE file ENG_RATED_HP,0.0,0.0
KMX,428,19,39.6673,3500,201.0,45.3,N,Forte,Kia Corporation,gas_diesel,FE file ENG_RATED_HP,0.0,0.0
KMX,428,21,44.3006,3000,147.0,45.3,N,Forte,Kia Corporation,gas_diesel,FE file ENG_RATED_HP,0.0,0.0
KMX,621,12,28.8451,4500,290.0,57.9,N,Carnival,Kia Corporation,gas_diesel,FE file ENG_RATED_HP,0.0,0.0
KMX,728,1,32.7866,4000,188.0,48.2,N,Sportage AWD,Kia Corporation,gas_diesel,FE file ENG_RATED_HP,0.0,0.0
KMX,729,2,38.0238,3500,188.0,48.2,N,Sportage FWD,Kia Corporation,gas_diesel,FE file ENG_RATED_HP,0.0,0.0
KMX,730,3,50.7264,4000,177.0,48.2,Y,Sportage Hybrid AWD,Kia Corporation,hybrid,FE file ENG_RATED_HP,1.0,0.0
KMX,731,4,56.7357,4000,177.0,48.2,Y,Sportage Hybrid FWD,Kia Corporation,hybrid,FE file ENG_RATED_HP,1.0,0.0
KMX,732,22,47.4373,4500,177.0,48.1,Y,Sportage Plug-in Hybrid,Kia Corporation,hybrid,FE file ENG_RATED_HP,1.0,0.0
KMX,733,42,34.5711,4000,188.0,48.2,N,Sportage X-pro,Kia Corporation,gas_diesel,FE file ENG_RATED_HP,0.0,0.0
KMX,800,9,36.0479,3500,195.0,44.3,N,Seltos AWD,Kia Corporation,gas_diesel,FE file ENG_RATED_HP,0.0,0.0
KMX,800,10,38.921,3500,147.0,44.3,N,Seltos AWD,Kia Corporation,gas_diesel,FE file ENG_RATED_HP,0.0,0.0
KMX,801,11,42.2156,3000,147.0,44.3,N,Seltos FWD,Kia Corporation,gas_diesel,FE file ENG_RATED_HP,0.0,0.0
KMX,828,38,33.2608,4000,191.0,50.0,N,Sorento AWD,Kia Corporation,gas_diesel,FE file ENG_RATED_HP,0.0,0.0
KMX,828,40,30.2299,4500,281.0,50.0,N,Sorento AWD,Kia Corporation,gas_diesel,FE file ENG_RATED_HP,0.0,0.0
KMX,829,39,35.2019,4000,191.0,50.2,N,Sorento FWD,Kia Corporation,gas_diesel,FE file ENG_RATED_HP,0.0,0.0
KMX,829,41,30.7021,4500,281.0,50.2,N,Sorento FWD,Kia Corporation,gas_diesel,FE file ENG_RATED_HP,0.0,0.0
KMX,830,24,52.0255,4000,177.0,50.2,Y,Sorento Hybrid FWD,Kia Corporation,hybrid,FE file ENG_RATED_HP,1.0,0.0
KMX,831,25,46.3366,4500,177.0,50.0,Y,Sorento Plug-in Hybrid,Kia Corporation,hybrid,FE file ENG_RATED_HP,1.0,0.0
KMX,832,23,47.1089,4500,177.0,50.0,Y,Sorento Hybrid AWD,Kia Corporation,hybrid,FE file ENG_RATED_HP,1.0,0.0
LTX,8,11,23.7701,3500,400.0,44.7,N,Emira,Lotus Cars Ltd,gas_diesel,FE file ENG_RATED_HP,0.0,0.0
LTX,8,12,26.7795,3500,400.0,44.7,N,Emira,Lotus Cars Ltd,gas_diesel,FE file ENG_RATED_HP,0.0,0.0
LTX,8,14,31.138,3500,400.0,44.7,N,Emira,Lotus Cars Ltd,gas_diesel,FE file ENG_RATED_HP,0.0,0.0
MAX,32,32,20.14,5000,572.0,53.1,N,Ghibli Trofeo,"Maserati North America, Inc.",gas_diesel,FE file ENG_RATED_HP,0.0,0.0
MAX,33,33,24.8066,5000,424.0,56.0,N,Quattroporte Modena AWD,"Maserati North America, Inc.",gas_diesel,FE file ENG_RATED_HP,0.0,0.0
MAX,35,35,24.8066,5000,424.0,53.1,N,Ghibli Modena AWD,"Maserati North America, Inc.",gas_diesel,FE file ENG_RATED_HP,0.0,0.0
MAX,40,40,22.9927,5000,424.0,53.4,N,Levante Modena,"Maserati North America, Inc.",gas_diesel,FE file ENG_RATED_HP,0.0,0.0
MAX,41,41,22.9927,5000,345.0,53.4,N,Levante GT,"Maserati North America, Inc.",gas_diesel,FE file ENG_RATED_HP,0.0,0.0
MAX,46,46,19.895,5000,572.0,53.4,N,Levante Trofeo,"Maserati North America, Inc.",gas_diesel,FE file ENG_RATED_HP,0.0,0.0
MAX,50,50,22.6594,4000,621.0,48.4,N,MC20,"Maserati North America, Inc.",gas_diesel,FE file ENG_RATED_HP,0.0,0.0
MAX,51,51,22.5344,4000,621.0,48.4,N,MC20 Spyder,"Maserati North America, Inc.",gas_diesel,FE file ENG_RATED_HP,0.0,0.0
MAX,60,60,26.4078,5000,523.0,51.4,N,Grecale Trofeo,"Maserati North America, Inc.",gas_diesel,FE file ENG_RATED_HP,0.0,0.0
MAX,61,61,33.1914,4500,325.0,51.4,Y,Grecale Modena,"Maserati North America, Inc.",hybrid,FE file ENG_RATED_HP,1.0,0.0
MAX,62,62,33.1914,4500,296.0,51.4,Y,Grecale GT,"Maserati North America, Inc.",hybrid,FE file ENG_RATED_HP,1.0,0.0
MAX,70,70,27.1028,4000,542.0,52.1,N,Granturismo Trofeo,"Maserati North America, Inc.",gas_diesel,FE file ENG_RATED_HP,0.0,0.0
MAX,71,71,27.1028,4000,483.0,52.1,N,Granturismo Modena,"Maserati North America, Inc.",gas_diesel,FE file ENG_RATED_HP,0.0,0.0
MAX,73,73,25.9029,4500,542.0,52.1,N,Grancabrio Trofeo,"Maserati North America, Inc.",gas_diesel,FE file ENG_RATED_HP,0.0,0.0
MBX,111,111,36.642,4500,255.0,50.6,Y,GLC 300,Mercedes Benz,hybrid,FE file ENG_RATED_HP,1.0,0.0
MBX,112,112,36.0678,4500,255.0,50.6,Y,GLC 300 4MATIC,Mercedes Benz,hybrid,FE file ENG_RATED_HP,1.0,0.0
MBX,118,118,27.5064,5000,469.0,49.7,Y,AMG C 63 S E Performance,Mercedes Benz,hybrid,FE file ENG_RATED_HP,1.0,0.0
MBX,130,130,34.9888,4500,255.0,50.6,Y,GLC 300 4MATIC (Coupe),Mercedes Benz,hybrid,FE file ENG_RATED_HP,1.0,0.0
MBX,150,150,40.0692,4000,255.0,48.9,Y,C 300,Mercedes Benz,hybrid,FE file ENG_RATED_HP,1.0,0.0
MBX,151,151,35.9054,4000,255.0,48.9,Y,C 300 4MATIC,Mercedes Benz,hybrid,FE file ENG_RATED_HP,1.0,0.0
MBX,182,182,32.6572,4000,302.0,47.3,Y,AMG CLA 35 4MATIC,Mercedes Benz,hybrid,FE file ENG_RATED_HP,1.0,0.0
MBX,183,183,31.8841,4000,302.0,47.1,Y,AMG GLA 35 4MATIC,Mercedes Benz,hybrid,FE file ENG_RATED_HP,1.0,0.0
MBX,184,184,30.1333,4500,302.0,48.9,Y,AMG GLB 35 4MATIC,Mercedes Benz,hybrid,FE file ENG_RATED_HP,1.0,0.0
MBX,205,205,23.2308,6500,603.0,57.3,Y,AMG S 63 E Performance,Mercedes Benz,hybrid,FE file ENG_RATED_HP,1.0,0.0
MBX,211,211,30.1006,4000,416.0,46.8,N,AMG CLA 45 S 4MATIC,Mercedes Benz,gas_diesel,FE file ENG_RATED_HP,0.0,0.0
MBX,212,212,38.3424,4000,221.0,47.0,Y,CLA 250 4MATIC,Mercedes Benz,hybrid,FE file ENG_RATED_HP,1.0,0.0
MBX,222,222,29.4753,4000,416.0,47.8,Y,AMG SL 43,Mercedes Benz,hybrid,FE file ENG_RATED_HP,1.0,0.0
MBX,231,231,20.8429,4500,577.0,47.8,N,AMG SL 63 4MATIC+,Mercedes Benz,gas_diesel,FE file ENG_RATED_HP,0.0,0.0
MBX,232,232,20.8429,4500,469.0,47.7,N,AMG SL 55 4MATIC+,Mercedes Benz,gas_diesel,FE file ENG_RATED_HP,0.0,0.0
MBX,233,233,24.1761,5000,603.0,47.5,Y,AMG SL 63 S E Performance,Mercedes Benz,hybrid,FE file ENG_RATED_HP,1.0,0.0
MBX,240,240,40.8016,4000,221.0,47.0,Y,CLA 250,Mercedes Benz,hybrid,FE file ENG_RATED_HP,1.0,0.0
MBX,302,302,33.2672,4500,375.0,52.1,Y,E 450 4MATIC,Mercedes Benz,hybrid,FE file ENG_RATED_HP,1.0,0.0
MBX,303,303,33.6876,5000,375.0,52.2,Y,E 450 4MATIC AT (station wagon),Mercedes Benz,hybrid,FE file ENG_RATED_HP,1.0,0.0
MBX,306,306,36.5385,4500,255.0,52.1,Y,E 350 4MATIC,Mercedes Benz,hybrid,FE file ENG_RATED_HP,1.0,0.0
MBX,310,310,27.6054,5000,416.0,51.2,Y,AMG GLC 43 4MATIC,Mercedes Benz,hybrid,FE file ENG_RATED_HP,1.0,0.0
MBX,311,311,26.9544,5000,416.0,51.2,Y,AMG GLC 43 4MATIC (coupe),Mercedes Benz,hybrid,FE file ENG_RATED_HP,1.0,0.0
MBX,312,312,30.1304,4500,416.0,49.2,Y,AMG C 43 4MATIC,Mercedes Benz,hybrid,FE file ENG_RATED_HP,1.0,0.0
MBX,340,340,35.4136,4500,255.0,49.7,Y,CLE 300 4MATIC (Convertible),Mercedes Benz,hybrid,FE file ENG_RATED_HP,1.0,0.0
MBX,341,341,36.9018,4500,255.0,49.7,Y,CLE 300 4MATIC (Coupe),Mercedes Benz,hybrid,FE file ENG_RATED_HP,1.0,0.0
MBX,342,342,35.2563,4500,375.0,49.2,Y,CLE 450 4MATIC (Convertible),Mercedes Benz,hybrid,FE file ENG_RATED_HP,1.0,0.0
MBX,343,343,35.0198,4500,375.0,49.2,Y,CLE 450 4MATIC (Coupe),Mercedes Benz,hybrid,FE file ENG_RATED_HP,1.0,0.0
MBX,345,345,29.8883,4500,443.0,51.2,Y,AMG CLE 53 4MATIC+ (Coupe),Mercedes Benz,hybrid,FE file ENG_RATED_HP,1.0,0.0
MBX,400,400,21.0928,6000,603.0,53.8,Y,AMG GLE 63 S 4MATIC+ (coupe),Mercedes Benz,hybrid,FE file ENG_RATED_HP,1.0,0.0
MBX,401,401,21.0928,6000,603.0,54.9,Y,AMG GLE 63 S 4MATIC+,Mercedes Benz,hybrid,FE file ENG_RATED_HP,1.0,0.0
MBX,403,403,20.2447,6500,603.0,58.1,Y,AMG GLS 63 4MATIC+,Mercedes Benz,hybrid,FE file ENG_RATED_HP,1.0,0.0
MBX,404,404,19.8515,7000,603.0,57.8,Y,GLS 600 4MATIC Maybach,Mercedes Benz,hybrid,FE file ENG_RATED_HP,1.0,0.0
MBX,405,405,21.4174,6000,603.0,54.9,Y,GLE 580 4MATIC,Mercedes Benz,hybrid,FE file ENG_RATED_HP,1.0,0.0
MBX,406,406,20.6097,6500,603.0,57.8,Y,GLS 580 4MATIC,Mercedes Benz,hybrid,FE file ENG_RATED_HP,1.0,0.0
MBX,407,407,31.6185,6000,248.0,53.7,Y,GLE 450 e 4MATIC,Mercedes Benz,hybrid,FE file ENG_RATED_HP,1.0,0.0
MBX,408,408,28.5944,5500,362.0,54.7,Y,GLE 450 4MATIC,Mercedes Benz,hybrid,FE file ENG_RATED_HP,1.0,0.0
MBX,415,415,30.3529,5500,255.0,52.5,Y,GLE 350 4MATIC,Mercedes Benz,hybrid,FE file ENG_RATED_HP,1.0,0.0
MBX,421,421,27.2579,6000,375.0,56.9,Y,GLS 450 4MATIC,Mercedes Benz,hybrid,FE file ENG_RATED_HP,1.0,0.0
MBX,430,430,27.6375,5000,429.0,53.1,Y,AMG GT 43 4MATIC+,Mercedes Benz,hybrid,FE file ENG_RATED_HP,1.0,0.0
MBX,431,431,26.3209,5500,429.0,54.9,Y,AMG GLE 53 4MATIC+,Mercedes Benz,hybrid,FE file ENG_RATED_HP,1.0,0.0
MBX,432,432,25.4313,5500,429.0,53.8,Y,AMG GLE 53 4MATIC+ (coupe),Mercedes Benz,hybrid,FE file ENG_RATED_HP,1.0,0.0
MBX,435,435,18.4024,6000,416.0,51.0,N,G 550,Mercedes Benz,gas_diesel,FE file ENG_RATED_HP,0.0,0.0
MBX,440,440,18.2153,6000,577.0,51.4,N,AMG G 63,Mercedes Benz,gas_diesel,FE file ENG_RATED_HP,0.0,0.0
MBX,442,442,13.687,7000,577.0,51.4,N,AMG G 63 4x4 Squared,Mercedes Benz,gas_diesel,FE file ENG_RATED_HP,0.0,0.0
MBX,505,505,36.7541,4000,221.0,46.5,Y,GLA 250 4MATIC,Mercedes Benz,hybrid,FE file ENG_RATED_HP,1.0,0.0
MBX,506,506,38.3864,4000,221.0,46.6,Y,GLA 250,Mercedes Benz,hybrid,FE file ENG_RATED_HP,1.0,0.0
MBX,521,521,32.3826,5000,443.0,57.8,Y,S 500 4MATIC,Mercedes Benz,hybrid,FE file ENG_RATED_HP,1.0,0.0
MBX,530,530,22.4736,5000,577.0,53.1,N,AMG GT 63 4MATIC+,Mercedes Benz,gas_diesel,FE file ENG_RATED_HP,0.0,0.0
MBX,532,532,23.3687,5500,630.0,52.9,Y,AMG GT 63 S E Performance,Mercedes Benz,hybrid,FE file ENG_RATED_HP,1.0,0.0
MBX,533,533,19.9912,4500,469.0,48.9,N,AMG GT 55 4MATIC+ (coupe),Mercedes Benz,gas_diesel,FE file ENG_RATED_HP,0.0,0.0
MBX,534,534,19.9912,4500,577.0,48.9,N,AMG GT 63 4MATIC+ (coupe),Mercedes Benz,gas_diesel,FE file ENG_RATED_HP,0.0,0.0
MBX,550,550,27.6375,5000,429.0,53.1,Y,AMG GT 53 4MATIC+,Mercedes Benz,hybrid,FE file ENG_RATED_HP,1.0,0.0
MBX,750,750,37.5267,4000,221.0,48.4,Y,GLB 250,Mercedes Benz,hybrid,FE file ENG_RATED_HP,1.0,0.0
MBX,751,751,36.1315,4000,221.0,48.3,Y,GLB 250 4MATIC,Mercedes Benz,hybrid,FE file ENG_RATED_HP,1.0,0.0
MBX,805,805,27.1451,5500,496.0,61.1,Y,S 580 4MATIC Maybach,Mercedes Benz,hybrid,FE file ENG_RATED_HP,1.0,0.0
MBX,806,806,27.8054,5000,496.0,57.8,Y,S 580 4MATIC,Mercedes Benz,hybrid,FE file ENG_RATED_HP,1.0,0.0
MBX,807,807,18.5302,5500,621.0,61.1,N,Maybach S 680 4Matic,Mercedes Benz,gas_diesel,FE file ENG_RATED_HP,0.0,0.0
MBX,980,980,30.9413,6000,362.0,57.8,Y,S 580 e 4MATIC,Mercedes Benz,hybrid,FE file ENG_RATED_HP,1.0,0.0
MLN,146,2,21.3608,3500,740.0,47.1,N,750S Coupe,McLaren Automotive Limited,gas_diesel,FE file ENG_RATED_HP,0.0,0.0
MLN,147,3,21.3608,3500,740.0,47.1,N,750S Spider,McLaren Automotive Limited,gas_diesel,FE file ENG_RATED_HP,0.0,0.0
MLN,160,1,23.2917,3500,577.0,46.3,Y,Artura,McLaren Automotive Limited,hybrid,FE file ENG_RATED_HP,1.0,0.0
MTX,20,102,54.8073,2250,78.0,37.5,N,MIRAGE,Mitsubishi Motors Corporation,gas_diesel,FE file ENG_RATED_HP,0.0,0.0
MTX,21,104,52.6283,2500,78.0,39.5,N,MIRAGE G4,Mitsubishi Motors Corporation,gas_diesel,FE file ENG_RATED_HP,0.0,0.0
MTX,157,217,38.4513,5000,131.0,46.4,Y,Outlander PHEV,Mitsubishi Motors Corporation,hybrid,FE file ENG_RATED_HP,1.0,0.0
MTX,170,222,35.555,3500,148.0,43.8,N,Outlander Sport 2WD,Mitsubishi Motors Corporation,gas_diesel,FE file ENG_RATED_HP,0.0,0.0
MTX,175,224,34.4684,3500,148.0,43.8,N,Outlander Sport 4WD,Mitsubishi Motors Corporation,gas_diesel,FE file ENG_RATED_HP,0.0,0.0
MTX,175,226,33.6288,3500,168.0,43.8,N,Outlander Sport 4WD,Mitsubishi Motors Corporation,gas_diesel,FE file ENG_RATED_HP,0.0,0.0
MTX,190,230,37.2644,3500,152.0,44.4,N,ECLIPSE CROSS 2WD,Mitsubishi Motors Corporation,gas_diesel,FE file ENG_RATED_HP,0.0,0.0
MTX,195,231,35.6288,4000,152.0,44.2,N,ECLIPSE CROSS 4WD,Mitsubishi Motors Corporation,gas_diesel,FE file ENG_RATED_HP,0.0,0.0
MTX,196,233,36.9334,3500,152.0,44.2,N,ECLIPSE CROSS ES 4WD,Mitsubishi Motors Corporation,gas_diesel,FE file ENG_RATED_HP,0.0,0.0
NSX,2,101,48.7097,3000,122.0,42.5,N,VERSA,"Nissan Motor Co., Ltd.",gas_diesel,FE file ENG_RATED_HP,0.0,0.0
NSX,2,102,42.0659,2750,122.0,42.5,N,VERSA,"Nissan Motor Co., Ltd.",gas_diesel,FE file ENG_RATED_HP,0.0,0.0
NSX,3,205,49.5839,3500,149.0,45.7,N,SENTRA,"Nissan Motor Co., Ltd.",gas_diesel,FE file ENG_RATED_HP,0.0,0.0
NSX,4,211,43.0633,3500,188.0,49.1,N,ALTIMA,"Nissan Motor Co., Ltd.",gas_diesel,FE file ENG_RATED_HP,0.0,0.0
NSX,5,213,40.2017,3500,182.0,48.8,N,ALTIMA AWD,"Nissan Motor Co., Ltd.",gas_diesel,FE file ENG_RATED_HP,0.0,0.0
NSX,10,106,45.6571,3000,122.0,43.0,N,KICKS,"Nissan Motor Co., Ltd.",gas_diesel,FE file ENG_RATED_HP,0.0,0.0
NSX,11,206,47.7615,3500,149.0,46.0,N,SENTRA SR,"Nissan Motor Co., Ltd.",gas_diesel,FE file ENG_RATED_HP,0.0,0.0
NSX,17,57,26.7332,4000,400.0,42.8,N,Z,"Nissan Motor Co., Ltd.",gas_diesel,FE file ENG_RATED_HP,0.0,0.0
NSX,17,58,30.0973,4000,400.0,42.8,N,Z,"Nissan Motor Co., Ltd.",gas_diesel,FE file ENG_RATED_HP,0.0,0.0
NSX,19,59,27.3035,4000,420.0,43.2,N,Z NISMO,"Nissan Motor Co., Ltd.",gas_diesel,FE file ENG_RATED_HP,0.0,0.0
NSX,20,71,23.4599,4000,565.0,47.7,N,GT-R,"Nissan Motor Co., Ltd.",gas_diesel,FE file ENG_RATED_HP,0.0,0.0
NSX,36,42,31.1274,4000,260.0,49.9,N,MURANO FWD,"Nissan Motor Co., Ltd.",gas_diesel,FE file ENG_RATED_HP,0.0,0.0
NSX,37,43,29.7909,4500,260.0,49.9,N,MURANO AWD,"Nissan Motor Co., Ltd.",gas_diesel,FE file ENG_RATED_HP,0.0,0.0
NSX,45,221,38.6215,3500,239.0,48.5,N,ALTIMA SR,"Nissan Motor Co., Ltd.",gas_diesel,FE file ENG_RATED_HP,0.0,0.0
NSX,46,217,42.2656,3500,188.0,48.5,N,ALTIMA SL/SR,"Nissan Motor Co., Ltd.",gas_diesel,FE file ENG_RATED_HP,0.0,0.0
NSX,101,195,47.2079,3500,201.0,46.2,N,ROGUE FWD,"Nissan Motor Co., Ltd.",gas_diesel,FE file ENG_RATED_HP,0.0,0.0
NSX,102,197,45.8316,4000,201.0,46.2,N,ROGUE AWD,"Nissan Motor Co., Ltd.",gas_diesel,FE file ENG_RATED_HP,0.0,0.0
NSX,104,196,46.3338,4000,201.0,46.2,N,ROGUE FWD SL/PLATINUM,"Nissan Motor Co., Ltd.",gas_diesel,FE file ENG_RATED_HP,0.0,0.0
NSX,105,198,44.2612,4000,201.0,46.2,N,ROGUE AWD SL/PLATINUM,"Nissan Motor Co., Ltd.",gas_diesel,FE file ENG_RATED_HP,0.0,0.0
NSX,108,886,27.6989,4500,310.0,54.1,N,FRONTIER 2WD,"Nissan Motor Co., Ltd.",gas_diesel,FE file ENG_RATED_HP,0.0,0.0
NSX,109,887,26.5864,5000,310.0,54.1,N,FRONTIER 4WD,"Nissan Motor Co., Ltd.",gas_diesel,FE file ENG_RATED_HP,0.0,0.0
NSX,112,888,25.8309,5000,310.0,54.1,N,FRONTIER 4WD PRO-4X,"Nissan Motor Co., Ltd.",gas_diesel,FE file ENG_RATED_HP,0.0,0.0
NSX,116,282,21.1467,6000,400.0,56.9,N,ARMADA 2WD,"Nissan Motor Co., Ltd.",gas_diesel,FE file ENG_RATED_HP,0.0,0.0
NSX,117,283,20.1201,6000,400.0,56.9,N,ARMADA 4WD,"Nissan Motor Co., Ltd.",gas_diesel,FE file ENG_RATED_HP,0.0,0.0
NSX,151,385,22.5814,6000,400.0,65.9,N,TITAN 2WD,"Nissan Motor Co., Ltd.",gas_diesel,FE file ENG_RATED_HP,0.0,0.0
NSX,152,386,22.1728,6000,400.0,65.9,N,TITAN 4WD,"Nissan Motor Co., Ltd.",gas_diesel,FE file ENG_RATED_HP,0.0,0.0
NSX,155,388,20.9231,6000,400.0,66.1,N,TITAN 4WD PRO-4X,"Nissan Motor Co., Ltd.",gas_diesel,FE file ENG_RATED_HP,0.0,0.0
NSX,161,291,30.5757,4500,284.0,53.1,N,PATHFINDER 2WD,"Nissan Motor Co., Ltd.",gas_diesel,FE file ENG_RATED_HP,0.0,0.0
NSX,162,292,31.5354,4500,284.0,53.1,N,PATHFINDER 4WD,"Nissan Motor Co., Ltd.",gas_diesel,FE file ENG_RATED_HP,0.0,0.0
NSX,163,293,30.0963,5000,284.0,53.1,N,PATHFINDER 4WD PLATINUM,"Nissan Motor Co., Ltd.",gas_diesel,FE file ENG_RATED_HP,0.0,0.0
NSX,164,296,28.6759,5000,295.0,52.9,N,PATHFINDER 4WD ROCK CREEK,"Nissan Motor Co., Ltd.",gas_diesel,FE file ENG_RATED_HP,0.0,0.0
NSX,47,131,31.4083,4000,300.0,47.5,N,Q50,"Nissan Motor Co., Ltd.",gas_diesel,FE file ENG_RATED_HP,0.0,0.0
NSX,49,132,29.0438,4000,300.0,47.5,N,Q50 AWD,"Nissan Motor Co., Ltd.",gas_diesel,FE file ENG_RATED_HP,0.0,0.0
NSX,68,133,29.0584,4000,400.0,47.5,N,Q50 RED SPORT,"Nissan Motor Co., Ltd.",gas_diesel,FE file ENG_RATED_HP,0.0,0.0
NSX,69,135,28.9335,4000,400.0,47.7,N,Q50 AWD RED SPORT,"Nissan Motor Co., Ltd.",gas_diesel,FE file ENG_RATED_HP,0.0,0.0
NSX,110,990,35.9723,4000,268.0,49.2,N,QX50,"Nissan Motor Co., Ltd.",gas_diesel,FE file ENG_RATED_HP,0.0,0.0
NSX,111,991,34.3251,4000,268.0,49.2,N,QX50 AWD,"Nissan Motor Co., Ltd.",gas_diesel,FE file ENG_RATED_HP,0.0,0.0
NSX,114,993,33.3123,4000,268.0,48.9,N,QX55 AWD,"Nissan Motor Co., Ltd.",gas_diesel,FE file ENG_RATED_HP,0.0,0.0
NSX,120,381,20.8362,6000,400.0,56.9,N,QX80 2WD,"Nissan Motor Co., Ltd.",gas_diesel,FE file ENG_RATED_HP,0.0,0.0
NSX,121,382,20.0568,6500,400.0,56.9,N,QX80 4WD,"Nissan Motor Co., Ltd.",gas_diesel,FE file ENG_RATED_HP,0.0,0.0
NSX,140,93,31.1215,4500,295.0,53.1,N,QX60 FWD,"Nissan Motor Co., Ltd.",gas_diesel,FE file ENG_RATED_HP,0.0,0.0
NSX,141,94,29.1088,5000,295.0,53.1,N,QX60 AWD,"Nissan Motor Co., Ltd.",gas_diesel,FE file ENG_RATED_HP,0.0,0.0
NSX,106,84,36.5519,4000,181.0,46.5,N,Outlander 2WD,"Nissan Motor Co., Ltd.",gas_diesel,FE file ENG_RATED_HP,0.0,0.0
NSX,107,85,36.1531,4000,181.0,46.5,N,Outlander 4WD,"Nissan Motor Co., Ltd.",gas_diesel,FE file ENG_RATED_HP,0.0,0.0
PGN,2,2,16.385,3500,791.0,49.8,N,Pagani Imola,Pagani S.p.A. ,gas_diesel,FE file ENG_RATED_HP,0.0,0.0
PGN,3,3,16.385,3500,791.0,49.8,N,Pagani Huayra Roaster BC,Pagani S.p.A. ,gas_diesel,FE file ENG_RATED_HP,0.0,0.0
PGN,1,1,17.1,3500,864.0,51.4,N,Pagani Utopia,Pagani S.p.A. ,gas_diesel,FE file ENG_RATED_HP,0.0,0.0
PRX,301,301,28.8442,4500,261.0,50.0,N,Macan,Porsche AG,gas_diesel,FE file ENG_RATED_HP,0.0,0.0
PRX,310,310,26.0365,4500,375.0,49.9,N,Macan S,Porsche AG,gas_diesel,FE file ENG_RATED_HP,0.0,0.0
PRX,314,314,27.9743,4500,261.0,50.0,N,Macan T,Porsche AG,gas_diesel,FE file ENG_RATED_HP,0.0,0.0
PRX,370,370,25.5407,4500,434.0,50.0,N,Macan GTS,Porsche AG,gas_diesel,FE file ENG_RATED_HP,0.0,0.0
PRX,401,401,25.8882,5000,348.0,52.2,N,Cayenne,Porsche AG,gas_diesel,FE file ENG_RATED_HP,0.0,0.0
PRX,402,402,26.3934,5000,348.0,52.1,N,Cayenne Coupe,Porsche AG,gas_diesel,FE file ENG_RATED_HP,0.0,0.0
PRX,407,407,29.1126,6000,300.0,52.2,Y,Cayenne E-Hybrid,Porsche AG,hybrid,FE file ENG_RATED_HP,1.0,0.0
PRX,410,410,22.8316,5500,468.0,52.2,N,Cayenne S,Porsche AG,gas_diesel,FE file ENG_RATED_HP,0.0,0.0
PRX,411,411,22.8058,5500,468.0,52.2,N,Cayenne S Coupe,Porsche AG,gas_diesel,FE file ENG_RATED_HP,0.0,0.0
PRX,417,417,29.1126,6000,300.0,52.1,Y,Cayenne E-Hybrid Coupe,Porsche AG,hybrid,FE file ENG_RATED_HP,1.0,0.0
PRX,421,421,28.6377,6000,348.0,52.2,Y,Cayenne S E-Hybrid,Porsche AG,hybrid,FE file ENG_RATED_HP,1.0,0.0
PRX,422,422,28.6377,6000,348.0,52.1,Y,Cayenne S E-Hybrid Coupe,Porsche AG,hybrid,FE file ENG_RATED_HP,1.0,0.0
PRX,442,442,22.3351,5500,650.0,52.4,N,Cayenne Turbo GT,Porsche AG,gas_diesel,FE file ENG_RATED_HP,0.0,0.0
PRX,447,447,24.7858,6500,591.0,52.2,Y,Cayenne Turbo E-Hybrid,Porsche AG,hybrid,FE file ENG_RATED_HP,1.0,0.0
PRX,457,457,24.3477,6500,591.0,52.4,Y,Cayenne Turbo E-Hybrid Coupe,Porsche AG,hybrid,FE file ENG_RATED_HP,1.0,0.0
PRX,501,102,27.9072,4000,379.0,41.5,N,911 Carrera,Porsche AG,gas_diesel,FE file ENG_RATED_HP,0.0,0.0
PRX,502,104,27.8214,4000,379.0,41.5,N,911 Carrera Cabriolet,Porsche AG,gas_diesel,FE file ENG_RATED_HP,0.0,0.0
PRX,510,105,27.5149,3500,443.0,41.5,N,911 Carrera S,Porsche AG,gas_diesel,FE file ENG_RATED_HP,0.0,0.0
PRX,510,106,26.6272,4000,443.0,41.5,N,911 Carrera S,Porsche AG,gas_diesel,FE file ENG_RATED_HP,0.0,0.0
PRX,511,107,27.2521,4000,443.0,41.5,N,911 Carrera S Cabriolet,Porsche AG,gas_diesel,FE file ENG_RATED_HP,0.0,0.0
PRX,511,108,26.6734,4000,443.0,41.5,N,911 Carrera S Cabriolet,Porsche AG,gas_diesel,FE file ENG_RATED_HP,0.0,0.0
PRX,514,109,27.2534,3500,379.0,41.5,N,911 Carrera T,Porsche AG,gas_diesel,FE file ENG_RATED_HP,0.0,0.0
PRX,514,110,27.0693,4000,379.0,41.5,N,911 Carrera T,Porsche AG,gas_diesel,FE file ENG_RATED_HP,0.0,0.0
PRX,520,111,26.9372,4000,443.0,41.5,N,911 Carrera 4S,Porsche AG,gas_diesel,FE file ENG_RATED_HP,0.0,0.0
PRX,520,112,26.4485,4000,443.0,41.5,N,911 Carrera 4S,Porsche AG,gas_diesel,FE file ENG_RATED_HP,0.0,0.0
PRX,521,113,26.6257,4000,443.0,41.5,N,911 Carrera 4S Cabriolet,Porsche AG,gas_diesel,FE file ENG_RATED_HP,0.0,0.0
PRX,521,114,26.6316,4000,379.0,41.5,N,911 Carrera 4S Cabriolet,Porsche AG,gas_diesel,FE file ENG_RATED_HP,0.0,0.0
PRX,522,120,27.1727,4000,443.0,41.5,N,911 Targa 4S,Porsche AG,gas_diesel,FE file ENG_RATED_HP,0.0,0.0
PRX,522,121,26.0651,4000,443.0,41.5,N,911 Targa 4S,Porsche AG,gas_diesel,FE file ENG_RATED_HP,0.0,0.0
PRX,530,116,27.6054,4000,379.0,41.5,N,911 Carrera 4,Porsche AG,gas_diesel,FE file ENG_RATED_HP,0.0,0.0
PRX,531,118,27.2929,4000,379.0,41.5,N,911 Carrera 4 Cabriolet,Porsche AG,gas_diesel,FE file ENG_RATED_HP,0.0,0.0
PRX,534,122,27.5114,4000,379.0,41.5,N,911 Targa 4,Porsche AG,gas_diesel,FE file ENG_RATED_HP,0.0,0.0
PRX,540,140,21.2837,4000,572.0,42.0,N,911 Turbo,Porsche AG,gas_diesel,FE file ENG_RATED_HP,0.0,0.0
PRX,541,142,20.7809,4000,572.0,42.0,N,911 Turbo Cabriolet,Porsche AG,gas_diesel,FE file ENG_RATED_HP,0.0,0.0
PRX,550,144,21.3495,4000,640.0,42.0,N,911 Turbo S,Porsche AG,gas_diesel,FE file ENG_RATED_HP,0.0,0.0
PRX,551,146,21.1136,4000,640.0,42.0,N,911 Turbo S Cabriolet,Porsche AG,gas_diesel,FE file ENG_RATED_HP,0.0,0.0
PRX,570,130,26.0246,4000,473.0,41.5,N,911 Carrera GTS,Porsche AG,gas_diesel,FE file ENG_RATED_HP,0.0,0.0
PRX,570,131,26.0747,4000,473.0,41.5,N,911 Carrera GTS,Porsche AG,gas_diesel,FE file ENG_RATED_HP,0.0,0.0
PRX,571,132,26.3167,4000,473.0,41.5,N,911 Carrera GTS Cabriolet,Porsche AG,gas_diesel,FE file ENG_RATED_HP,0.0,0.0
PRX,571,133,26.3114,4000,473.0,41.5,N,911 Carrera GTS Cabriolet,Porsche AG,gas_diesel,FE file ENG_RATED_HP,0.0,0.0
PRX,572,134,25.9496,4000,473.0,41.5,N,911 Carrera 4 GTS,Porsche AG,gas_diesel,FE file ENG_RATED_HP,0.0,0.0
PRX,572,135,25.4218,4000,473.0,41.5,N,911 Carrera 4 GTS,Porsche AG,gas_diesel,FE file ENG_RATED_HP,0.0,0.0
PRX,573,136,25.1684,4000,473.0,41.5,N,911 Carrera 4 GTS Cabriolet,Porsche AG,gas_diesel,FE file ENG_RATED_HP,0.0,0.0
PRX,573,137,25.1223,4000,473.0,41.5,N,911 Carrera 4 GTS Cabriolet,Porsche AG,gas_diesel,FE file ENG_RATED_HP,0.0,0.0
PRX,574,138,25.1867,4000,473.0,41.5,N,911 Targa 4 GTS,Porsche AG,gas_diesel,FE file ENG_RATED_HP,0.0,0.0
PRX,574,139,25.1223,4000,473.0,41.5,N,911 Targa 4 GTS,Porsche AG,gas_diesel,FE file ENG_RATED_HP,0.0,0.0
PRX,580,150,20.0252,3500,502.0,41.6,N,911 GT3,Porsche AG,gas_diesel,FE file ENG_RATED_HP,0.0,0.0
PRX,580,151,19.7208,3500,502.0,41.6,N,911 GT3,Porsche AG,gas_diesel,FE file ENG_RATED_HP,0.0,0.0
PRX,581,160,19.9804,3500,518.0,41.6,N,911 GT3 RS,Porsche AG,gas_diesel,FE file ENG_RATED_HP,0.0,0.0
PRX,583,152,20.0252,3500,502.0,41.6,N,911 GT3 Touring,Porsche AG,gas_diesel,FE file ENG_RATED_HP,0.0,0.0
PRX,583,153,19.7208,3500,502.0,41.6,N,911 GT3 Touring,Porsche AG,gas_diesel,FE file ENG_RATED_HP,0.0,0.0
PRX,584,161,19.3661,3500,518.0,41.6,N,911 S/T,Porsche AG,gas_diesel,FE file ENG_RATED_HP,0.0,0.0
PRX,590,119,25.1859,4000,473.0,41.5,N,911 Dakar,Porsche AG,gas_diesel,FE file ENG_RATED_HP,0.0,0.0
PRX,601,601,27.9322,4500,348.0,52.4,N,Panamera,Porsche AG,gas_diesel,FE file ENG_RATED_HP,0.0,0.0
PRX,630,630,28.1942,4500,348.0,52.4,N,Panamera 4,Porsche AG,gas_diesel,FE file ENG_RATED_HP,0.0,0.0
PRX,801,201,28.453,3500,300.0,40.7,N,718 Boxster,Porsche AG,gas_diesel,FE file ENG_RATED_HP,0.0,0.0
PRX,801,202,31.2794,3500,300.0,40.7,N,718 Boxster,Porsche AG,gas_diesel,FE file ENG_RATED_HP,0.0,0.0
PRX,802,211,28.453,3500,300.0,40.7,N,718 Cayman,Porsche AG,gas_diesel,FE file ENG_RATED_HP,0.0,0.0
PRX,802,212,31.2794,3500,300.0,40.7,N,718 Cayman,Porsche AG,gas_diesel,FE file ENG_RATED_HP,0.0,0.0
PRX,811,221,27.454,3500,350.0,40.7,N,718 Boxster S,Porsche AG,gas_diesel,FE file ENG_RATED_HP,0.0,0.0
PRX,811,222,28.3591,3500,350.0,40.7,N,718 Boxster S,Porsche AG,gas_diesel,FE file ENG_RATED_HP,0.0,0.0
PRX,812,231,27.454,3500,350.0,40.7,N,718 Cayman S,Porsche AG,gas_diesel,FE file ENG_RATED_HP,0.0,0.0
PRX,812,232,28.3591,3500,350.0,40.7,N,718 Cayman S,Porsche AG,gas_diesel,FE file ENG_RATED_HP,0.0,0.0
PRX,871,223,25.0826,3500,414.0,40.7,N,718 Boxster GTS 4.0,Porsche AG,gas_diesel,FE file ENG_RATED_HP,0.0,0.0
PRX,871,224,27.6739,3500,414.0,40.7,N,718 Boxster GTS 4.0,Porsche AG,gas_diesel,FE file ENG_RATED_HP,0.0,0.0
PRX,872,227,25.0826,3500,414.0,40.7,N,718 Cayman GTS 4.0,Porsche AG,gas_diesel,FE file ENG_RATED_HP,0.0,0.0
PRX,872,228,27.6739,3500,414.0,40.7,N,718 Cayman GTS 4.0,Porsche AG,gas_diesel,FE file ENG_RATED_HP,0.0,0.0
PRX,881,248,20.9668,3500,493.0,41.3,N,718 GT4 RS,Porsche AG,gas_diesel,FE file ENG_RATED_HP,0.0,0.0
PRX,890,249,20.6502,3500,493.0,41.1,N,718 Spyder RS,Porsche AG,gas_diesel,FE file ENG_RATED_HP,0.0,0.0
RRG,9,12,17.5589,6500,563.0,64.2,N,Phantom,Rolls-Royce Motor Cars Limited,gas_diesel,FE file ENG_RATED_HP,0.0,0.0
RRG,19,10,17.8963,6500,563.0,59.8,N,Cullinan,Rolls-Royce Motor Cars Limited,gas_diesel,FE file ENG_RATED_HP,0.0,0.0
RRG,20,11,17.8963,6500,591.0,59.8,N,Cullinan Black Badge,Rolls-Royce Motor Cars Limited,gas_diesel,FE file ENG_RATED_HP,0.0,0.0
RRG,21,14,17.9204,6000,563.0,59.8,N,Ghost,Rolls-Royce Motor Cars Limited,gas_diesel,FE file ENG_RATED_HP,0.0,0.0
RRG,23,13,17.5589,6500,563.0,68.2,N,Phantom Extended,Rolls-Royce Motor Cars Limited,gas_diesel,FE file ENG_RATED_HP,0.0,0.0
RRG,24,15,17.9204,6000,563.0,62.9,N,Ghost Extended,Rolls-Royce Motor Cars Limited,gas_diesel,FE file ENG_RATED_HP,0.0,0.0
RRG,25,16,17.9204,6000,591.0,59.4,N,Ghost Black Badge,Rolls-Royce Motor Cars Limited,gas_diesel,FE file ENG_RATED_HP,0.0,0.0
TKX,37,306,42.1965,3500,191.0,46.2,N,MAZDA3 4-Door 2WD,Mazda Motor Corporation,gas_diesel,FE file ENG_RATED_HP,0.0,0.0
TKX,38,308,40.7362,3500,191.0,46.2,N,MAZDA3 5-Door 2WD,Mazda Motor Corporation,gas_diesel,FE file ENG_RATED_HP,0.0,0.0
TKX,38,309,40.9764,3500,191.0,46.2,N,MAZDA3 5-Door 2WD,Mazda Motor Corporation,gas_diesel,FE file ENG_RATED_HP,0.0,0.0
TKX,39,307,40.124,3500,191.0,46.2,N,MAZDA3 4-Door 4WD,Mazda Motor Corporation,gas_diesel,FE file ENG_RATED_HP,0.0,0.0
TKX,39,315,35.623,3500,227.0,46.2,N,MAZDA3 4-Door 4WD,Mazda Motor Corporation,gas_diesel,FE file ENG_RATED_HP,0.0,0.0
TKX,40,310,38.5745,3500,191.0,46.2,N,MAZDA3 5-Door 4WD,Mazda Motor Corporation,gas_diesel,FE file ENG_RATED_HP,0.0,0.0
TKX,40,316,35.2941,3500,227.0,46.2,N,MAZDA3 5-Door 4WD,Mazda Motor Corporation,gas_diesel,FE file ENG_RATED_HP,0.0,0.0
TKX,50,401,39.3148,2750,181.0,37.2,N,MX-5,Mazda Motor Corporation,gas_diesel,FE file ENG_RATED_HP,0.0,0.0
TKX,50,402,39.8581,2750,181.0,37.2,N,MX-5,Mazda Motor Corporation,gas_diesel,FE file ENG_RATED_HP,0.0,0.0
TKX,56,503,33.8026,4000,187.0,46.3,N,CX-5 4WD,Mazda Motor Corporation,gas_diesel,FE file ENG_RATED_HP,0.0,0.0
TKX,56,505,37.5056,4000,187.0,46.3,N,CX-5 4WD,Mazda Motor Corporation,gas_diesel,FE file ENG_RATED_HP,0.0,0.0
TKX,56,509,31.7018,4000,227.0,46.3,N,CX-5 4WD,Mazda Motor Corporation,gas_diesel,FE file ENG_RATED_HP,0.0,0.0
TKX,58,707,38.9311,3500,191.0,44.6,N,CX-30 4WD,Mazda Motor Corporation,gas_diesel,FE file ENG_RATED_HP,0.0,0.0
TKX,58,708,33.5093,4000,227.0,44.6,N,CX-30 4WD,Mazda Motor Corporation,gas_diesel,FE file ENG_RATED_HP,0.0,0.0
TKX,60,510,35.6426,4000,187.0,50.3,N,MAZDA CX-50 4WD,Mazda Motor Corporation,gas_diesel,FE file ENG_RATED_HP,0.0,0.0
TKX,60,511,33.3158,4000,227.0,50.3,N,MAZDA CX-50 4WD,Mazda Motor Corporation,gas_diesel,FE file ENG_RATED_HP,0.0,0.0
TKX,61,903,34.1357,5000,280.0,57.3,Y,MAZDA CX-90 4WD,Mazda Motor Corporation,hybrid,FE file ENG_RATED_HP,1.0,0.0
TKX,61,904,33.0819,5000,340.0,57.3,Y,MAZDA CX-90 4WD,Mazda Motor Corporation,hybrid,FE file ENG_RATED_HP,1.0,0.0
TKX,61,905,33.5791,5500,189.0,57.3,Y,MAZDA CX-90 4WD,Mazda Motor Corporation,hybrid,FE file ENG_RATED_HP,1.0,0.0
TYX,5,97,50.4521,3000,169.0,44.3,N,COROLLA,Toyota Motor Corporation,gas_diesel,FE file ENG_RATED_HP,0.0,0.0
TYX,5,98,46.5056,3500,169.0,44.3,N,COROLLA,Toyota Motor Corporation,gas_diesel,FE file ENG_RATED_HP,0.0,0.0
TYX,5,199,47.4367,3500,169.0,44.3,N,COROLLA,Toyota Motor Corporation,gas_diesel,FE file ENG_RATED_HP,0.0,0.0
TYX,10,118,71.7819,3500,176.0,48.7,Y,CAMRY HYBRID LE,Toyota Motor Corporation,hybrid,FE file ENG_RATED_HP,1.0,0.0
TYX,11,112,38.5786,3500,202.0,48.3,N,CAMRY AWD LE/SE,Toyota Motor Corporation,gas_diesel,FE file ENG_RATED_HP,0.0,0.0
TYX,12,120,62.9293,4000,176.0,48.2,Y,CAMRY HYBRID SE/XLE/XSE,Toyota Motor Corporation,hybrid,FE file ENG_RATED_HP,1.0,0.0
TYX,13,113,38.4469,4000,202.0,48.2,N,CAMRY AWD XLE/XSE,Toyota Motor Corporation,gas_diesel,FE file ENG_RATED_HP,0.0,0.0
TYX,15,109,34.9101,4000,301.0,48.1,N,CAMRY,Toyota Motor Corporation,gas_diesel,FE file ENG_RATED_HP,0.0,0.0
TYX,16,110,33.369,4000,301.0,48.6,N,CAMRY TRD,Toyota Motor Corporation,gas_diesel,FE file ENG_RATED_HP,0.0,0.0
TYX,17,114,43.3891,3500,203.0,48.1,N,CAMRY LE/SE,Toyota Motor Corporation,gas_diesel,FE file ENG_RATED_HP,0.0,0.0
TYX,17,115,43.7432,3500,203.0,48.1,N,CAMRY LE/SE,Toyota Motor Corporation,gas_diesel,FE file ENG_RATED_HP,0.0,0.0
TYX,18,111,34.1058,4000,301.0,48.2,N,CAMRY XSE,Toyota Motor Corporation,gas_diesel,FE file ENG_RATED_HP,0.0,0.0
TYX,19,116,43.3891,3500,203.0,48.2,N,CAMRY XLE/XSE,Toyota Motor Corporation,gas_diesel,FE file ENG_RATED_HP,0.0,0.0
TYX,60,101,80.4727,3500,150.0,46.4,Y,PRIUS,Toyota Motor Corporation,hybrid,FE file ENG_RATED_HP,1.0,0.0
TYX,63,102,76.3796,3500,150.0,46.4,Y,PRIUS AWD,Toyota Motor Corporation,hybrid,FE file ENG_RATED_HP,1.0,0.0
TYX,64,106,74.5542,3500,150.0,46.4,Y,PRIUS XLE/LTD,Toyota Motor Corporation,hybrid,FE file ENG_RATED_HP,1.0,0.0
TYX,66,105,70.2248,3500,150.0,46.4,Y,PRIUS AWD XLE/LTD,Toyota Motor Corporation,hybrid,FE file ENG_RATED_HP,1.0,0.0
TYX,68,104,75.3674,3500,150.0,46.4,Y,PRIUS PRIME SE,Toyota Motor Corporation,hybrid,FE file ENG_RATED_HP,1.0,0.0
TYX,69,103,68.3458,4000,150.0,46.4,Y,PRIUS PRIME,Toyota Motor Corporation,hybrid,FE file ENG_RATED_HP,1.0,0.0
TYX,80,86,74.8151,3500,97.0,44.6,Y,COROLLA HYBRID,Toyota Motor Corporation,hybrid,FE file ENG_RATED_HP,1.0,0.0
TYX,80,87,67.6695,3500,97.0,44.6,Y,COROLLA HYBRID,Toyota Motor Corporation,hybrid,FE file ENG_RATED_HP,1.0,0.0
TYX,85,88,70.1175,3500,97.0,44.6,Y,COROLLA HYBRID AWD,Toyota Motor Corporation,hybrid,FE file ENG_RATED_HP,1.0,0.0
TYX,85,89,63.3955,3500,97.0,44.6,Y,COROLLA HYBRID AWD,Toyota Motor Corporation,hybrid,FE file ENG_RATED_HP,1.0,0.0
TYX,90,47,46.056,3500,169.0,44.4,N,COROLLA CROSS,Toyota Motor Corporation,gas_diesel,FE file ENG_RATED_HP,0.0,0.0
TYX,95,48,43.9558,3500,169.0,44.2,N,COROLLA CROSS AWD,Toyota Motor Corporation,gas_diesel,FE file ENG_RATED_HP,0.0,0.0
TYX,97,49,62.0916,3500,150.0,44.2,Y,COROLLA CROSS HYBRID AWD,Toyota Motor Corporation,hybrid,FE file ENG_RATED_HP,1.0,0.0
TYX,101,33,23.452,4500,270.0,48.2,N,4RUNNER 2WD,Toyota Motor Corporation,gas_diesel,FE file ENG_RATED_HP,0.0,0.0
TYX,102,34,22.7479,5000,270.0,48.2,N,4RUNNER 4WD,Toyota Motor Corporation,gas_diesel,FE file ENG_RATED_HP,0.0,0.0
TYX,102,35,22.5699,5000,270.0,48.2,N,4RUNNER 4WD,Toyota Motor Corporation,gas_diesel,FE file ENG_RATED_HP,0.0,0.0
TYX,110,189,29.8533,4500,228.0,60.7,N,TACOMA 2WD,Toyota Motor Corporation,gas_diesel,FE file ENG_RATED_HP,0.0,0.0
TYX,112,184,28.9735,4500,278.0,60.7,N,TACOMA SR5/SPORT/PRERUNNER 2WD,Toyota Motor Corporation,gas_diesel,FE file ENG_RATED_HP,0.0,0.0
TYX,112,187,29.9192,4500,278.0,60.7,N,TACOMA SR5/SPORT/PRERUNNER 2WD,Toyota Motor Corporation,gas_diesel,FE file ENG_RATED_HP,0.0,0.0
TYX,115,190,27.5318,4500,228.0,60.7,N,TACOMA 4WD,Toyota Motor Corporation,gas_diesel,FE file ENG_RATED_HP,0.0,0.0
TYX,117,182,25.7042,5000,270.0,60.7,N,TACOMA 4WD MT,Toyota Motor Corporation,gas_diesel,FE file ENG_RATED_HP,0.0,0.0
TYX,118,146,31.2815,5500,278.0,61.1,Y,TACOMA HYBRID 4WD,Toyota Motor Corporation,hybrid,FE file ENG_RATED_HP,1.0,0.0
TYX,118,188,30.4637,5500,278.0,61.1,Y,TACOMA HYBRID 4WD,Toyota Motor Corporation,hybrid,FE file ENG_RATED_HP,1.0,0.0
TYX,119,183,26.9868,4500,278.0,60.7,N,TACOMA SR5/SPORT/OFFROAD/LIMITED 4WD,Toyota Motor Corporation,gas_diesel,FE file ENG_RATED_HP,0.0,0.0
TYX,119,185,27.8649,4500,278.0,60.7,N,TACOMA SR5/SPORT/OFFROAD/LIMITED 4WD,Toyota Motor Corporation,gas_diesel,FE file ENG_RATED_HP,0.0,0.0
TYX,119,186,27.5283,4500,278.0,60.7,N,TACOMA SR5/SPORT/OFFROAD/LIMITED 4WD,Toyota Motor Corporation,gas_diesel,FE file ENG_RATED_HP,0.0,0.0
TYX,120,179,30.7256,5500,278.0,50.5,Y,LAND CRUISER,Toyota Motor Corporation,hybrid,FE file ENG_RATED_HP,1.0,0.0
TYX,130,126,32.8771,4500,265.0,51.0,N,HIGHLANDER,Toyota Motor Corporation,gas_diesel,FE file ENG_RATED_HP,0.0,0.0
TYX,130,127,31.4314,4500,265.0,51.0,N,HIGHLANDER,Toyota Motor Corporation,gas_diesel,FE file ENG_RATED_HP,0.0,0.0
TYX,135,128,31.426,4500,265.0,51.0,N,HIGHLANDER AWD,Toyota Motor Corporation,gas_diesel,FE file ENG_RATED_HP,0.0,0.0
TYX,145,125,47.0524,4500,186.0,51.0,Y,HIGHLANDER HYBRID AWD,Toyota Motor Corporation,hybrid,FE file ENG_RATED_HP,1.0,0.0
TYX,147,124,47.6525,5000,186.0,51.0,Y,HIGHLANDER HYBRID AWD LTD/PLAT,Toyota Motor Corporation,hybrid,FE file ENG_RATED_HP,1.0,0.0
TYX,149,121,48.7988,4500,186.0,51.0,Y,HIGHLANDER HYBRID,Toyota Motor Corporation,hybrid,FE file ENG_RATED_HP,1.0,0.0
TYX,150,50,25.7271,5500,358.0,69.5,N,TUNDRA 2WD,Toyota Motor Corporation,gas_diesel,FE file ENG_RATED_HP,0.0,0.0
TYX,150,51,26.2715,5500,389.0,69.5,N,TUNDRA 2WD,Toyota Motor Corporation,gas_diesel,FE file ENG_RATED_HP,0.0,0.0
TYX,150,56,29.4866,6000,389.0,69.5,Y,TUNDRA 2WD,Toyota Motor Corporation,hybrid,FE file ENG_RATED_HP,1.0,0.0
TYX,155,52,24.6594,6000,358.0,69.5,N,TUNDRA 4WD,Toyota Motor Corporation,gas_diesel,FE file ENG_RATED_HP,0.0,0.0
TYX,155,53,25.1706,6000,389.0,69.5,N,TUNDRA 4WD,Toyota Motor Corporation,gas_diesel,FE file ENG_RATED_HP,0.0,0.0
TYX,155,57,26.4074,6500,389.0,69.5,Y,TUNDRA 4WD,Toyota Motor Corporation,hybrid,FE file ENG_RATED_HP,1.0,0.0
TYX,157,58,24.9802,6500,389.0,69.8,Y,TUNDRA 4WD PRO,Toyota Motor Corporation,hybrid,FE file ENG_RATED_HP,1.0,0.0
TYX,159,130,53.7469,4500,177.0,46.3,Y,RAV4 PRIME AWD,Toyota Motor Corporation,hybrid,FE file ENG_RATED_HP,1.0,0.0
TYX,160,36,41.2321,3500,203.0,46.3,N,RAV4,Toyota Motor Corporation,gas_diesel,FE file ENG_RATED_HP,0.0,0.0
TYX,162,42,50.8099,4000,176.0,46.6,Y,RAV4 HYBRID AWD WOODLAND EDITION,Toyota Motor Corporation,hybrid,FE file ENG_RATED_HP,1.0,0.0
TYX,165,38,39.7147,4000,203.0,46.3,N,RAV4 AWD,Toyota Motor Corporation,gas_diesel,FE file ENG_RATED_HP,0.0,0.0
TYX,165,39,37.4878,4000,203.0,46.3,N,RAV4 AWD,Toyota Motor Corporation,gas_diesel,FE file ENG_RATED_HP,0.0,0.0
TYX,167,40,37.0634,4000,203.0,46.6,N,RAV4 AWD TRD OFFROAD,Toyota Motor Corporation,gas_diesel,FE file ENG_RATED_HP,0.0,0.0
TYX,168,41,40.5397,3500,203.0,46.6,N,RAV4 AWD LE,Toyota Motor Corporation,gas_diesel,FE file ENG_RATED_HP,0.0,0.0
TYX,169,43,54.2895,4000,176.0,46.6,Y,RAV4 HYBRID AWD,Toyota Motor Corporation,hybrid,FE file ENG_RATED_HP,1.0,0.0
TYX,170,122,49.0811,5000,189.0,56.9,Y,SIENNA,Toyota Motor Corporation,hybrid,FE file ENG_RATED_HP,1.0,0.0
TYX,175,123,47.6737,5000,189.0,57.1,Y,SIENNA AWD,Toyota Motor Corporation,hybrid,FE file ENG_RATED_HP,1.0,0.0
TYX,180,54,29.5543,6000,389.0,58.2,Y,SEQUOIA 2WD,Toyota Motor Corporation,hybrid,FE file ENG_RATED_HP,1.0,0.0
TYX,185,55,26.4074,6500,389.0,58.2,Y,SEQUOIA 4WD,Toyota Motor Corporation,hybrid,FE file ENG_RATED_HP,1.0,0.0
TYX,205,45,53.3409,4000,176.0,46.6,Y,VENZA AWD,Toyota Motor Corporation,hybrid,FE file ENG_RATED_HP,1.0,0.0
TYX,220,159,31.9254,4500,265.0,54.6,N,GRAND HIGHLANDER LE/XLE,Toyota Motor Corporation,gas_diesel,FE file ENG_RATED_HP,0.0,0.0
TYX,222,161,31.9075,4500,265.0,54.3,N,GRAND HIGHLANDER LIMITED,Toyota Motor Corporation,gas_diesel,FE file ENG_RATED_HP,0.0,0.0
TYX,224,158,30.9553,4500,265.0,54.6,N,GRAND HIGHLANDER AWD LE/XLE,Toyota Motor Corporation,gas_diesel,FE file ENG_RATED_HP,0.0,0.0
TYX,226,160,29.7362,5000,265.0,54.3,N,GRAND HIGHLANDER AWD LIMITED/PLATINUM,Toyota Motor Corporation,gas_diesel,FE file ENG_RATED_HP,0.0,0.0
TYX,228,154,50.5667,4500,187.0,54.6,Y,GRAND HIGHLANDER HYBRID,Toyota Motor Corporation,hybrid,FE file ENG_RATED_HP,1.0,0.0
TYX,232,155,47.7181,5000,187.0,54.3,Y,GRAND HIGHLANDER HYBRID AWD,Toyota Motor Corporation,hybrid,FE file ENG_RATED_HP,1.0,0.0
TYX,232,157,36.027,5000,265.0,54.3,Y,GRAND HIGHLANDER HYBRID AWD,Toyota Motor Corporation,hybrid,FE file ENG_RATED_HP,1.0,0.0
TYX,310,99,49.7852,3500,169.0,43.7,N,COROLLA HATCHBACK,Toyota Motor Corporation,gas_diesel,FE file ENG_RATED_HP,0.0,0.0
TYX,314,100,45.6858,3500,169.0,43.7,N,COROLLA HATCHBACK XSE,Toyota Motor Corporation,gas_diesel,FE file ENG_RATED_HP,0.0,0.0
TYX,315,46,31.6332,3500,300.0,45.6,N,GR COROLLA,Toyota Motor Corporation,gas_diesel,FE file ENG_RATED_HP,0.0,0.0
TYX,320,175,29.1551,3000,228.0,42.5,N,GR86,Toyota Motor Corporation,gas_diesel,FE file ENG_RATED_HP,0.0,0.0
TYX,320,176,32.1619,3000,228.0,42.5,N,GR86,Toyota Motor Corporation,gas_diesel,FE file ENG_RATED_HP,0.0,0.0
TYX,350,119,58.436,4000,184.0,49.2,Y,TOYOTA CROWN AWD,Toyota Motor Corporation,hybrid,FE file ENG_RATED_HP,1.0,0.0
TYX,350,129,42.2905,4500,264.0,49.2,Y,TOYOTA CROWN AWD,Toyota Motor Corporation,hybrid,FE file ENG_RATED_HP,1.0,0.0
TYX,11,107,28.7659,5000,416.0,54.8,N,LS 500,Toyota Motor Corporation,gas_diesel,FE file ENG_RATED_HP,0.0,0.0
TYX,12,108,27.5354,5000,416.0,54.8,N,LS 500 AWD,Toyota Motor Corporation,gas_diesel,FE file ENG_RATED_HP,0.0,0.0
TYX,14,90,32.9228,5500,295.0,54.8,Y,LS 500h AWD,Toyota Motor Corporation,hybrid,FE file ENG_RATED_HP,1.0,0.0
TYX,14,91,32.9228,5500,295.0,54.8,Y,LS 500h AWD,Toyota Motor Corporation,hybrid,FE file ENG_RATED_HP,1.0,0.0
TYX,30,69,58.8846,4000,143.0,44.0,Y,UX 250h,Toyota Motor Corporation,hybrid,FE file ENG_RATED_HP,1.0,0.0
TYX,32,70,55.472,4000,143.0,44.0,Y,UX 250h AWD,Toyota Motor Corporation,hybrid,FE file ENG_RATED_HP,1.0,0.0
TYX,35,83,33.9008,4000,301.0,49.6,N,ES 350,Toyota Motor Corporation,gas_diesel,FE file ENG_RATED_HP,0.0,0.0
TYX,37,93,59.9017,4000,176.0,49.6,Y,ES 300h,Toyota Motor Corporation,hybrid,FE file ENG_RATED_HP,1.0,0.0
TYX,38,92,38.4469,4000,202.0,49.6,N,ES 250 AWD,Toyota Motor Corporation,gas_diesel,FE file ENG_RATED_HP,0.0,0.0
TYX,39,84,33.2838,4000,301.0,49.3,N,ES 350 F SPORT,Toyota Motor Corporation,gas_diesel,FE file ENG_RATED_HP,0.0,0.0
TYX,40,28,23.8549,4500,471.0,50.5,N,LC 500,Toyota Motor Corporation,gas_diesel,FE file ENG_RATED_HP,0.0,0.0
TYX,42,27,23.1944,4500,471.0,50.5,N,LC 500 CONVERTIBLE,Toyota Motor Corporation,gas_diesel,FE file ENG_RATED_HP,0.0,0.0
TYX,45,3,39.5315,4500,295.0,50.5,Y,LC 500h,Toyota Motor Corporation,hybrid,FE file ENG_RATED_HP,1.0,0.0
TYX,50,72,30.209,4000,311.0,46.7,N,RC 350,Toyota Motor Corporation,gas_diesel,FE file ENG_RATED_HP,0.0,0.0
TYX,53,74,32.8965,4000,241.0,46.7,N,RC 300,Toyota Motor Corporation,gas_diesel,FE file ENG_RATED_HP,0.0,0.0
TYX,55,73,28.5805,4000,311.0,46.8,N,RC 350 AWD,Toyota Motor Corporation,gas_diesel,FE file ENG_RATED_HP,0.0,0.0
TYX,59,71,28.5805,4000,260.0,46.8,N,RC 300 AWD,Toyota Motor Corporation,gas_diesel,FE file ENG_RATED_HP,0.0,0.0
TYX,73,68,32.8965,4000,241.0,47.8,N,IS 300,Toyota Motor Corporation,gas_diesel,FE file ENG_RATED_HP,0.0,0.0
TYX,75,65,30.209,4000,311.0,47.3,N,IS 350,Toyota Motor Corporation,gas_diesel,FE file ENG_RATED_HP,0.0,0.0
TYX,77,66,28.5805,4000,311.0,47.4,N,IS 350 AWD,Toyota Motor Corporation,gas_diesel,FE file ENG_RATED_HP,0.0,0.0
TYX,79,64,28.5805,4000,260.0,47.8,N,IS 300 AWD,Toyota Motor Corporation,gas_diesel,FE file ENG_RATED_HP,0.0,0.0
TYX,87,67,25.2679,4000,472.0,47.4,N,IS 500,Toyota Motor Corporation,gas_diesel,FE file ENG_RATED_HP,0.0,0.0
TYX,89,85,24.707,4000,472.0,45.8,N,RC F,Toyota Motor Corporation,gas_diesel,FE file ENG_RATED_HP,0.0,0.0
TYX,93,30,30.9807,4500,275.0,54.2,N,TX 350,Toyota Motor Corporation,gas_diesel,FE file ENG_RATED_HP,0.0,0.0
TYX,94,31,29.9963,5000,275.0,54.2,N,TX 350 AWD,Toyota Motor Corporation,gas_diesel,FE file ENG_RATED_HP,0.0,0.0
TYX,95,29,36.9916,5000,271.0,54.5,Y,TX 500h AWD,Toyota Motor Corporation,hybrid,FE file ENG_RATED_HP,1.0,0.0
TYX,99,26,39.4897,5500,259.0,54.5,Y,TX 550h+ AWD,Toyota Motor Corporation,hybrid,FE file ENG_RATED_HP,1.0,0.0
TYX,107,136,24.0333,6000,409.0,51.4,N,LX 600,Toyota Motor Corporation,gas_diesel,FE file ENG_RATED_HP,0.0,0.0
TYX,110,153,22.5415,6000,349.0,51.1,N,GX 550,Toyota Motor Corporation,gas_diesel,FE file ENG_RATED_HP,0.0,0.0
TYX,140,62,33.0605,4500,275.0,50.9,N,RX 350,Toyota Motor Corporation,gas_diesel,FE file ENG_RATED_HP,0.0,0.0
TYX,145,63,31.3709,4500,275.0,50.9,N,RX 350 AWD,Toyota Motor Corporation,gas_diesel,FE file ENG_RATED_HP,0.0,0.0
TYX,147,174,48.6758,5000,180.0,50.9,Y,RX 450h+ AWD,Toyota Motor Corporation,hybrid,FE file ENG_RATED_HP,1.0,0.0
TYX,155,59,49.2269,4500,187.0,50.9,Y,RX 350h AWD,Toyota Motor Corporation,hybrid,FE file ENG_RATED_HP,1.0,0.0
TYX,157,169,37.1586,5000,271.0,51.0,Y,RX 500h AWD,Toyota Motor Corporation,hybrid,FE file ENG_RATED_HP,1.0,0.0
TYX,160,4,38.2701,4000,203.0,46.8,N,NX 250,Toyota Motor Corporation,gas_diesel,FE file ENG_RATED_HP,0.0,0.0
TYX,165,5,37.9108,4000,203.0,46.8,N,NX 250 AWD,Toyota Motor Corporation,gas_diesel,FE file ENG_RATED_HP,0.0,0.0
TYX,167,14,31.7001,4000,275.0,46.8,N,NX 350 AWD,Toyota Motor Corporation,gas_diesel,FE file ENG_RATED_HP,0.0,0.0
TYX,169,24,32.2179,4000,275.0,46.8,N,NX 350 AWD F SPORT,Toyota Motor Corporation,gas_diesel,FE file ENG_RATED_HP,0.0,0.0
TYX,170,6,48.6824,4500,181.0,46.8,Y,NX 450h+ AWD,Toyota Motor Corporation,hybrid,FE file ENG_RATED_HP,1.0,0.0
TYX,175,7,54.1029,4500,189.0,46.8,Y,NX 350h AWD,Toyota Motor Corporation,hybrid,FE file ENG_RATED_HP,1.0,0.0
VGA,141,141,42.6361,3500,158.0,44.8,N,Taos,"Volkswagen Group of America, Inc.",gas_diesel,FE file ENG_RATED_HP,0.0,0.0
VGA,142,142,36.3394,3500,158.0,44.9,N,Taos 4Motion,"Volkswagen Group of America, Inc.",gas_diesel,FE file ENG_RATED_HP,0.0,0.0
VGA,169,46,36.0918,4000,184.0,47.3,N,Tiguan S,"Volkswagen Group of America, Inc.",gas_diesel,FE file ENG_RATED_HP,0.0,0.0
VGA,170,47,34.5141,4000,184.0,47.3,N,Tiguan,"Volkswagen Group of America, Inc.",gas_diesel,FE file ENG_RATED_HP,0.0,0.0
VGA,175,48,33.1687,4000,184.0,47.1,N,Tiguan 4Motion,"Volkswagen Group of America, Inc.",gas_diesel,FE file ENG_RATED_HP,0.0,0.0
VGA,176,49,32.2905,4000,184.0,47.4,N,Tiguan R-Line 4Motion,"Volkswagen Group of America, Inc.",gas_diesel,FE file ENG_RATED_HP,0.0,0.0
VGA,180,2,29.6562,4500,269.0,54.8,N,Atlas,"Volkswagen Group of America, Inc.",gas_diesel,FE file ENG_RATED_HP,0.0,0.0
VGA,184,5,28.4969,4500,269.0,54.8,N,Atlas SE 4Motion,"Volkswagen Group of America, Inc.",gas_diesel,FE file ENG_RATED_HP,0.0,0.0
VGA,185,7,27.5017,5000,269.0,54.8,N,Atlas SEL 4Motion,"Volkswagen Group of America, Inc.",gas_diesel,FE file ENG_RATED_HP,0.0,0.0
VGA,186,4,26.5882,5000,269.0,54.8,N,Atlas 4Motion Peak Edition,"Volkswagen Group of America, Inc.",gas_diesel,FE file ENG_RATED_HP,0.0,0.0
VGA,190,3,29.6562,4500,269.0,54.8,N,Atlas Cross Sport,"Volkswagen Group of America, Inc.",gas_diesel,FE file ENG_RATED_HP,0.0,0.0
VGA,195,6,28.4969,4500,269.0,54.8,N,Atlas Cross Sport 4Motion,"Volkswagen Group of America, Inc.",gas_diesel,FE file ENG_RATED_HP,0.0,0.0
VGA,211,23,36.1431,3500,241.0,43.1,N,GTI,"Volkswagen Group of America, Inc.",gas_diesel,FE file ENG_RATED_HP,0.0,0.0
VGA,211,25,34.6517,3500,241.0,43.1,N,GTI,"Volkswagen Group of America, Inc.",gas_diesel,FE file ENG_RATED_HP,0.0,0.0
VGA,212,26,32.9964,3500,315.0,43.3,N,Golf R,"Volkswagen Group of America, Inc.",gas_diesel,FE file ENG_RATED_HP,0.0,0.0
VGA,212,27,28.893,3500,315.0,43.3,N,Golf R,"Volkswagen Group of America, Inc.",gas_diesel,FE file ENG_RATED_HP,0.0,0.0
VGA,221,42,39.4632,3500,228.0,44.5,N,GLI,"Volkswagen Group of America, Inc.",gas_diesel,FE file ENG_RATED_HP,0.0,0.0
VGA,221,63,37.5529,3500,228.0,44.5,N,GLI,"Volkswagen Group of America, Inc.",gas_diesel,FE file ENG_RATED_HP,0.0,0.0
VGA,222,29,46.1308,3000,158.0,44.4,N,Jetta,"Volkswagen Group of America, Inc.",gas_diesel,FE file ENG_RATED_HP,0.0,0.0
VGA,222,58,46.644,3000,158.0,44.4,N,Jetta,"Volkswagen Group of America, Inc.",gas_diesel,FE file ENG_RATED_HP,0.0,0.0
VGA,223,59,45.0417,3500,158.0,44.4,N,Jetta Sport/SE/SEL,"Volkswagen Group of America, Inc.",gas_diesel,FE file ENG_RATED_HP,0.0,0.0
VGA,15,1,28.5452,4000,401.0,44.2,N,RS 3,"Volkswagen Group of America, Inc.",gas_diesel,FE file ENG_RATED_HP,0.0,0.0
VGA,20,8,38.4819,4000,201.0,47.4,Y,A4 quattro,"Volkswagen Group of America, Inc.",hybrid,FE file ENG_RATED_HP,1.0,0.0
VGA,26,34,33.6474,4000,261.0,47.7,Y,A4 allroad quattro,"Volkswagen Group of America, Inc.",hybrid,FE file ENG_RATED_HP,1.0,0.0
VGA,27,30,35.449,4000,261.0,47.3,Y,A4 S line quattro,"Volkswagen Group of America, Inc.",hybrid,FE file ENG_RATED_HP,1.0,0.0
VGA,30,51,31.1745,4000,349.0,47.3,N,S4,"Volkswagen Group of America, Inc.",gas_diesel,FE file ENG_RATED_HP,0.0,0.0
VGA,41,9,38.4819,4000,201.0,48.0,Y,A5 Sportback quattro,"Volkswagen Group of America, Inc.",hybrid,FE file ENG_RATED_HP,1.0,0.0
VGA,42,52,31.1745,4000,349.0,46.7,N,S5 Coupe,"Volkswagen Group of America, Inc.",gas_diesel,FE file ENG_RATED_HP,0.0,0.0
VGA,43,19,26.7609,4000,444.0,47.4,N,RS 5 Coupe,"Volkswagen Group of America, Inc.",gas_diesel,FE file ENG_RATED_HP,0.0,0.0
VGA,44,53,30.4369,4000,349.0,47.7,N,S5 Sportback,"Volkswagen Group of America, Inc.",gas_diesel,FE file ENG_RATED_HP,0.0,0.0
VGA,45,31,35.449,4000,261.0,48.0,Y,A5 Sportback S line quattro,"Volkswagen Group of America, Inc.",hybrid,FE file ENG_RATED_HP,1.0,0.0
VGA,52,20,26.0296,4000,444.0,48.5,N,RS 5 Sportback,"Volkswagen Group of America, Inc.",gas_diesel,FE file ENG_RATED_HP,0.0,0.0
VGA,53,33,34.1468,4000,261.0,46.9,Y,A5 Cabriolet quattro,"Volkswagen Group of America, Inc.",hybrid,FE file ENG_RATED_HP,1.0,0.0
VGA,54,32,35.449,4000,261.0,46.9,Y,A5 Coupe quattro,"Volkswagen Group of America, Inc.",hybrid,FE file ENG_RATED_HP,1.0,0.0
VGA,56,54,29.3904,4500,349.0,46.7,N,S5 Cabriolet,"Volkswagen Group of America, Inc.",gas_diesel,FE file ENG_RATED_HP,0.0,0.0
VGA,62,62,32.9053,4000,184.0,45.3,N,Q3 quattro,"Volkswagen Group of America, Inc.",gas_diesel,FE file ENG_RATED_HP,0.0,0.0
VGA,63,39,30.5669,4000,228.0,45.3,N,Q3 S line quattro,"Volkswagen Group of America, Inc.",gas_diesel,FE file ENG_RATED_HP,0.0,0.0
VGA,64,11,34.7473,3500,201.0,43.5,Y,S3,"Volkswagen Group of America, Inc.",hybrid,FE file ENG_RATED_HP,1.0,0.0
VGA,67,37,43.6381,3500,201.0,43.3,Y,A3,"Volkswagen Group of America, Inc.",hybrid,FE file ENG_RATED_HP,1.0,0.0
VGA,68,38,40.4277,3500,201.0,43.3,Y,A3 quattro,"Volkswagen Group of America, Inc.",hybrid,FE file ENG_RATED_HP,1.0,0.0
VGA,69,65,28.4405,5000,444.0,51.6,Y,S7,"Volkswagen Group of America, Inc.",hybrid,FE file ENG_RATED_HP,1.0,0.0
VGA,70,55,32.8554,4500,335.0,51.5,Y,A7 quattro,"Volkswagen Group of America, Inc.",hybrid,FE file ENG_RATED_HP,1.0,0.0
VGA,73,61,20.8877,5500,621.0,52.4,Y,RS 7,"Volkswagen Group of America, Inc.",hybrid,FE file ENG_RATED_HP,1.0,0.0
VGA,75,35,34.572,4000,261.0,50.9,Y,A6 quattro,"Volkswagen Group of America, Inc.",hybrid,FE file ENG_RATED_HP,1.0,0.0
VGA,75,56,32.8554,4500,335.0,50.9,Y,A6 quattro,"Volkswagen Group of America, Inc.",hybrid,FE file ENG_RATED_HP,1.0,0.0
VGA,76,64,28.4405,4500,444.0,50.8,Y,S6,"Volkswagen Group of America, Inc.",hybrid,FE file ENG_RATED_HP,1.0,0.0
VGA,77,60,20.8877,5000,621.0,52.4,Y,RS 6 Avant,"Volkswagen Group of America, Inc.",hybrid,FE file ENG_RATED_HP,1.0,0.0
VGA,81,57,32.8554,4500,335.0,51.0,Y,A6 allroad quattro,"Volkswagen Group of America, Inc.",hybrid,FE file ENG_RATED_HP,1.0,0.0
VGA,94,45,28.6112,5000,335.0,54.5,Y,A8 quattro,"Volkswagen Group of America, Inc.",hybrid,FE file ENG_RATED_HP,1.0,0.0
VGA,97,66,23.5599,5500,563.0,52.4,Y,S8,"Volkswagen Group of America, Inc.",hybrid,FE file ENG_RATED_HP,1.0,0.0
VGA,320,36,26.9993,5000,335.0,54.3,Y,Q7 quattro,"Volkswagen Group of America, Inc.",hybrid,FE file ENG_RATED_HP,1.0,0.0
VGA,320,50,28.0854,5000,261.0,54.3,N,Q7 quattro,"Volkswagen Group of America, Inc.",gas_diesel,FE file ENG_RATED_HP,0.0,0.0
VGA,321,40,21.7085,5500,500.0,53.8,N,SQ7,"Volkswagen Group of America, Inc.",gas_diesel,FE file ENG_RATED_HP,0.0,0.0
VGA,330,10,34.3107,4000,201.0,49.1,Y,Q5 quattro,"Volkswagen Group of America, Inc.",hybrid,FE file ENG_RATED_HP,1.0,0.0
VGA,332,43,31.5181,4000,261.0,48.9,Y,Q5 S line quattro,"Volkswagen Group of America, Inc.",hybrid,FE file ENG_RATED_HP,1.0,0.0
VGA,333,44,31.5181,4500,261.0,48.9,Y,Q5 Sportback S line quattro,"Volkswagen Group of America, Inc.",hybrid,FE file ENG_RATED_HP,1.0,0.0
VGA,334,334,34.7761,5000,248.0,49.0,Y,Q5 Plug-In Hybrid quattro,"Volkswagen Group of America, Inc.",hybrid,FE file ENG_RATED_HP,1.0,0.0
VGA,335,12,27.1812,4500,349.0,49.1,N,SQ5,"Volkswagen Group of America, Inc.",gas_diesel,FE file ENG_RATED_HP,0.0,0.0
VGA,337,13,27.1812,4500,349.0,49.1,N,SQ5 Sportback,"Volkswagen Group of America, Inc.",gas_diesel,FE file ENG_RATED_HP,0.0,0.0
VGA,380,73,25.2121,5000,335.0,54.4,Y,Q8 quattro,"Volkswagen Group of America, Inc.",hybrid,FE file ENG_RATED_HP,1.0,0.0
VGA,381,67,22.0192,5500,500.0,54.4,N,SQ8,"Volkswagen Group of America, Inc.",gas_diesel,FE file ENG_RATED_HP,0.0,0.0
VGA,382,41,19.6395,6000,591.0,54.7,Y,RS Q8,"Volkswagen Group of America, Inc.",hybrid,FE file ENG_RATED_HP,1.0,0.0
VGA,32,600,27.2329,6000,456.0,54.7,Y,Bentayga Hybrid,"Volkswagen Group of America, Inc.",hybrid,FE file ENG_RATED_HP,1.0,0.0
VGA,33,77,20.8865,6000,542.0,54.7,N,Bentayga,"Volkswagen Group of America, Inc.",gas_diesel,FE file ENG_RATED_HP,0.0,0.0
VGA,35,70,18.6618,5500,650.0,51.1,N,Continental GT,"Volkswagen Group of America, Inc.",gas_diesel,FE file ENG_RATED_HP,0.0,0.0
VGA,35,74,21.9596,5000,542.0,51.1,N,Continental GT,"Volkswagen Group of America, Inc.",gas_diesel,FE file ENG_RATED_HP,0.0,0.0
VGA,40,72,18.4883,6000,626.0,57.3,N,Flying Spur,"Volkswagen Group of America, Inc.",gas_diesel,FE file ENG_RATED_HP,0.0,0.0
VGA,40,76,21.2589,5500,542.0,57.3,N,Flying Spur,"Volkswagen Group of America, Inc.",gas_diesel,FE file ENG_RATED_HP,0.0,0.0
VGA,46,71,17.9927,6000,650.0,51.1,N,Continental GTC,"Volkswagen Group of America, Inc.",gas_diesel,FE file ENG_RATED_HP,0.0,0.0
VGA,46,75,21.078,5500,542.0,51.1,N,Continental GTC,"Volkswagen Group of America, Inc.",gas_diesel,FE file ENG_RATED_HP,0.0,0.0
VGA,48,400,24.7921,6000,537.0,57.3,Y,Flying Spur Hybrid,"Volkswagen Group of America, Inc.",hybrid,FE file ENG_RATED_HP,1.0,0.0
VGA,71,78,20.8865,6000,542.0,58.0,N,Bentayga EWB,"Volkswagen Group of America, Inc.",gas_diesel,FE file ENG_RATED_HP,0.0,0.0
VGA,407,16,18.4649,3500,630.0,46.4,N,Huracan Coupe 2WD,"Volkswagen Group of America, Inc.",gas_diesel,FE file ENG_RATED_HP,0.0,0.0
VGA,410,21,20.4428,5500,591.0,55.0,N,Urus S,"Volkswagen Group of America, Inc.",gas_diesel,FE file ENG_RATED_HP,0.0,0.0
VGA,411,22,20.4428,5500,591.0,55.5,N,Urus Performante,"Volkswagen Group of America, Inc.",gas_diesel,FE file ENG_RATED_HP,0.0,0.0
VGA,427,14,18.4617,4000,630.0,46.4,N,Huracan Spyder,"Volkswagen Group of America, Inc.",gas_diesel,FE file ENG_RATED_HP,0.0,0.0
VGA,429,15,18.4617,4000,602.0,47.4,N,Huracan Sterrato,"Volkswagen Group of America, Inc.",gas_diesel,FE file ENG_RATED_HP,0.0,0.0
VGA,475,475,14.8533,4500,1001.0,51.2,Y,Revuelto,"Volkswagen Group of America, Inc.",hybrid,FE file ENG_RATED_HP,1.0,0.0
VGA,503,68,11.2434,4500,1600.0,49.8,N,Chiron Super Sport,"Volkswagen Group of America, Inc.",gas_diesel,FE file ENG_RATED_HP,0.0,0.0
VVX,205,205,40.4494,4000,247.0,49.4,Y,S60 B5,"Volvo Car USA,  LLC",hybrid,FE file ENG_RATED_HP,1.0,0.0
VVX,206,206,37.7509,4000,247.0,49.4,Y,S60 B5 AWD,"Volvo Car USA,  LLC",hybrid,FE file ENG_RATED_HP,1.0,0.0
VVX,209,209,42.2713,4500,312.0,49.4,Y,S60 T8 AWD Recharge,"Volvo Car USA,  LLC",hybrid,FE file ENG_RATED_HP,1.0,0.0
VVX,214,214,42.2713,4500,312.0,49.4,Y,V60 T8 AWD Recharge,"Volvo Car USA,  LLC",hybrid,FE file ENG_RATED_HP,1.0,0.0
VVX,217,217,33.8963,4500,295.0,53.2,Y,S90 B6 AWD,"Volvo Car USA,  LLC",hybrid,FE file ENG_RATED_HP,1.0,0.0
VVX,219,219,39.6475,5000,312.0,53.2,Y,S90 T8 AWD Recharge,"Volvo Car USA,  LLC",hybrid,FE file ENG_RATED_HP,1.0,0.0
VVX,220,220,32.8298,4500,295.0,52.1,Y,V90CC B6 AWD,"Volvo Car USA,  LLC",hybrid,FE file ENG_RATED_HP,1.0,0.0
VVX,222,222,32.6194,4500,247.0,50.9,Y,XC60 B5 AWD,"Volvo Car USA,  LLC",hybrid,FE file ENG_RATED_HP,1.0,0.0
VVX,226,226,37.5546,5000,312.0,50.9,Y,XC60 T8 AWD Recharge,"Volvo Car USA,  LLC",hybrid,FE file ENG_RATED_HP,1.0,0.0
VVX,232,232,35.7802,5500,312.0,53.7,Y,XC90 T8 AWD Recharge,"Volvo Car USA,  LLC",hybrid,FE file ENG_RATED_HP,1.0,0.0
VVX,240,240,35.0903,4000,247.0,46.8,Y,XC40 B5 AWD,"Volvo Car USA,  LLC",hybrid,FE file ENG_RATED_HP,1.0,0.0
VVX,241,241,35.5,4500,247.0,50.8,Y,V60CC B5 AWD,"Volvo Car USA,  LLC",hybrid,FE file ENG_RATED_HP,1.0,0.0
VVX,242,242,31.8594,5000,247.0,53.5,Y,XC90 B5 AWD,"Volvo Car USA,  LLC",hybrid,FE file ENG_RATED_HP,1.0,0.0
VVX,243,243,29.8831,5000,295.0,53.5,Y,XC90 B6 AWD,"Volvo Car USA,  LLC",hybrid,FE file ENG_RATED_HP,1.0,0.0
BGR,2,777,76.1047,5500,1839.0,50.2,N,Nevera,Bugatti Rimac LLC,bev,Test Car List: name+wt,0.0,1.0
BMX,366,450,127.9309,5000,536.0,49.1,N,i4 M50 Gran Coupe (19'' Wheels),BMW,bev,Test Car List: name,0.0,1.0
BMX,367,451,106.9255,5000,536.0,49.2,N,i4 M50 Gran Coupe (20'' Wheels),BMW,bev,Test Car List: name,0.0,1.0
BMX,368,440,155.6,5000,335.0,49.6,N,i4eDrive40GranCoupe(18'' Wheels),BMW,bev,Test Car List: name+wt,0.0,1.0
BMX,369,441,142.1641,5000,335.0,49.1,N,i4eDrive40GranCoupe(19'' Wheels),BMW,bev,Test Car List: name+wt,0.0,1.0
BMX,370,120,117.0099,6000,516.0,54.5,N,iX xDrive50 (20'' Wheels),BMW,bev,Test Car List: name+wt,0.0,1.0
BMX,371,121,117.0099,6000,516.0,54.0,N,iX xDrive50 (21'' Wheels),BMW,bev,Test Car List: name+wt,0.0,1.0
BMX,372,122,117.0099,6000,516.0,54.0,N,iX xDrive50 (22'' Wheels),BMW,bev,Test Car List: name+wt,0.0,1.0
BMX,377,131,109.0508,6000,532.0,54.1,N,iX M60 (21'' Wheels),BMW,bev,Test Car List: name+wt,0.0,1.0
BMX,378,132,109.0508,6000,532.0,54.0,N,iX M60 (22'' Wheels),BMW,bev,Test Car List: name+wt,0.0,1.0
BMX,388,721,124.1988,6500,536.0,57.3,N,i7 xDrive60 Sedan (21'' Wheels),BMW,bev,Test Car List: name+wt,0.0,1.0
BMX,389,720,118.148,6500,536.0,57.3,N,i7 xDrive60 Sedan (20'' Wheels),BMW,bev,Test Car List: name+wt,0.0,1.0
BMX,390,719,126.2009,6500,536.0,57.8,N,i7 xDrive60 Sedan (19'' Wheels),BMW,bev,Test Car List: name+wt,0.0,1.0
BMX,394,430,168.1524,4500,282.0,49.6,N,i4eDrive35GranCoupe(18'' Wheels),BMW,bev,Test Car List: name,0.0,1.0
BMX,395,431,152.9291,4500,282.0,49.1,N,i4eDrive35GranCoupe(19'' Wheels),BMW,bev,Test Car List: name,0.0,1.0
BMX,404,709,126.0609,6000,449.0,57.8,N,i7 eDrive50 Sedan (19'' Wheels),BMW,bev,Test Car List: name+wt,0.0,1.0
BMX,405,710,120.7561,6000,449.0,57.3,N,i7 eDrive50 Sedan (20'' Wheels),BMW,bev,Test Car List: name+wt,0.0,1.0
BMX,406,711,123.6231,6000,449.0,57.3,N,i7 eDrive50 Sedan (21'' Wheels),BMW,bev,Test Car List: name+wt,0.0,1.0
BMX,407,730,107.0054,6500,650.0,57.3,N,i7 M70 xDrive Sedan (20'' Wheels),BMW,bev,Test Car List: name+wt,0.0,1.0
BMX,408,731,113.4274,6500,650.0,57.3,N,i7 M70 xDrive Sedan (21'' Wheels),BMW,bev,Test Car List: name+wt,0.0,1.0
BMX,409,509,149.493,5000,335.0,52.9,N,i5 eDrive40 Sedan (19'' Wheels),BMW,bev,Test Car List: name,0.0,1.0
BMX,410,510,140.7557,5000,335.0,52.3,N,i5 eDrive40 Sedan (20'' Wheels),BMW,bev,Test Car List: name,0.0,1.0
BMX,411,511,136.5045,5000,335.0,52.2,N,i5 eDrive40 Sedan (21'' Wheels),BMW,bev,Test Car List: name,0.0,1.0
BMX,412,525,128.3127,5500,590.0,52.5,N,i5 M60 xDrive Sedan (19'' Wheels),BMW,bev,Test Car List: name+wt,0.0,1.0
BMX,413,526,125.9034,5500,590.0,52.6,N,i5 M60 xDrive Sedan (20'' Wheels),BMW,bev,Test Car List: name+wt,0.0,1.0
BMX,414,527,120.0033,5500,590.0,52.4,N,i5 M60 xDrive Sedan (21'' Wheels),BMW,bev,Test Car List: name+wt,0.0,1.0
BMX,415,445,148.4914,5000,396.0,49.6,N,i4 xDrive40 Gran Coupe (18'' Wheels),BMW,bev,Test Car List: name,0.0,1.0
BMX,416,446,134.7088,5000,396.0,49.0,N,i4 xDrive40 Gran Coupe (19'' Wheels),BMW,bev,Test Car List: name,0.0,1.0
BMX,299,92,156.769,3500,181.0,40.0,N,COOPER SE HARDTOP 2 DOOR,BMW,bev,Test Car List: tg+wt,0.0,1.0
CRX,270,7,139.4685,6000,670.0,58.2,N,Charger 2-Dr Daytona R/T AWD 18in,FCA US LLC,bev,Test Car List: tg+wt,0.0,1.0
CRX,271,8,139.4685,6000,670.0,58.2,N,Charger 2-Dr Daytona R/T AWD 20in Nexen,FCA US LLC,bev,Test Car List: name+wt,0.0,1.0
CRX,272,12,139.4685,6000,670.0,58.2,N,Charger 2-Dr Daytona R/T AWD 20in Goodyear,FCA US LLC,bev,Test Car List: tg+wt,0.0,1.0
CRX,275,13,111.0129,6000,670.0,56.6,N,Charger 2-Dr Daytona Scat Pack Track Pack AWD A/S,FCA US LLC,bev,Test Car List: name+wt,0.0,1.0
CRX,276,9,111.0129,6000,670.0,56.6,N,Charger 2-Dr Daytona Scat Pack Track Pack AWD,FCA US LLC,bev,Test Car List: tg+wt,0.0,1.0
CRX,580,10,139.0459,6000,670.0,50.2,N,Wagoneer S AWD (Falken tire),FCA US LLC,bev,Test Car List: name+wt,0.0,1.0
CRX,581,11,139.0459,6000,670.0,50.2,N,Wagoneer S AWD (Pirelli tire),FCA US LLC,bev,Test Car List: tg+wt,0.0,1.0
CRX,402,613,165.0059,3000,87.0,36.6,N,500e,FCA US LLC,bev,Test Car List: name,0.0,1.0
CRX,405,614,157.6998,3000,117.0,36.6,N,500e All Season,FCA US LLC,bev,Test Car List: name,0.0,1.0
FJX,42,81,155.6545,4500,158.0,49.2,N,SOLTERRA AWD,Subaru Corporation,bev,Test Car List: name,0.0,1.0
FJX,43,82,149.8719,4500,158.0,49.2,N,SOLTERRA LIMITED/TOURING AWD,Subaru Corporation,bev,Test Car List: name,0.0,1.0
FMX,3,167,122.2555,5000,480.0,52.2,N,MUSTANG MACH-E RALLY,Ford Motor Company,bev,Test Car List: tg,0.0,1.0
FMX,16,166,128.7676,5000,480.0,52.2,N,MUSTANG MACH-E GT,Ford Motor Company,bev,Test Car List: name,0.0,1.0
FMX,20,126,146.1579,5000,264.0,52.2,N,MUSTANG MACH-E RWD,Ford Motor Company,bev,Test Car List: name+wt,0.0,1.0
FMX,21,122,130.5136,5000,325.0,52.2,N,MUSTANG MACH-E AWD,Ford Motor Company,bev,Test Car List: tg,0.0,1.0
FMX,22,165,140.902,5000,290.0,52.2,N,MUSTANG MACH-E AWD EXTENDED,Ford Motor Company,bev,Test Car List: name+wt,0.0,1.0
FMX,23,168,151.2779,5000,290.0,52.2,N,MUSTANG MACH-E RWD EXTENDED,Ford Motor Company,bev,Test Car List: name+wt,0.0,1.0
FMX,112,137,100.4863,7000,420.0,69.1,N,F150 LIGHTNING EXTENDED RANGE 4WD,Ford Motor Company,bev,Test Car List: tg+wt,0.0,1.0
FMX,113,138,100.4863,7000,420.0,69.1,N,F150 LIGHTNING PRO EXT RANGE 4WD,Ford Motor Company,bev,Test Car List: tg+wt,0.0,1.0
FMX,116,43,97.6485,6500,426.0,69.1,N,F150 PICKUP LIGHTNING 4WD,Ford Motor Company,bev,Test Car List: tg+wt,0.0,1.0
FMX,117,207,94.909,7000,420.0,69.1,N,F150 LIGHTNING PLATINUM 4WD,Ford Motor Company,bev,Test Car List: tg+wt,0.0,1.0
GMX,579,182,125.8612,6000,340.0,56.0,N,LYRIQ,General Motors LLC,bev,Test Car List: name+wt,0.0,1.0
GMX,580,180,126.7739,6000,500.0,56.0,N,LYRIQ AWD,General Motors LLC,bev,Test Car List: name+wt,0.0,1.0
GMX,18,505,90.1979,9000,510.0,69.8,N,SILVERADO EV,General Motors LLC,bev,Test Car List: name+wt,0.0,1.0
GMX,18,506,95.2813,8500,505.0,69.8,N,SILVERADO EV,General Motors LLC,bev,Test Car List: name+wt,0.0,1.0
GMX,501,183,136.7153,5500,295.0,56.2,N,BLAZER EV AWD,General Motors LLC,bev,Test Car List: name+wt,0.0,1.0
GMX,501,262,111.4785,6000,500.0,56.2,N,BLAZER EV AWD,General Motors LLC,bev,Test Car List: name+wt,0.0,1.0
GMX,950,234,131.4461,5500,340.0,56.0,N,BLAZER EV RWD,General Motors LLC,bev,Test Car List: name+wt,0.0,1.0
GMX,983,239,154.8413,5000,212.0,51.5,N,EQUINOX EV FWD,General Motors LLC,bev,Test Car List: name,0.0,1.0
GMX,984,625,137.0831,5000,288.0,51.5,N,EQUINOX EV AWD,General Motors LLC,bev,Test Car List: name,0.0,1.0
GMX,977,501,75.9329,9000,574.0,64.8,N,HUMMER EV SUV,General Motors LLC,bev,Test Car List: name+wt,0.0,1.0
GMX,977,517,72.9792,9000,574.0,64.8,N,HUMMER EV SUV,General Motors LLC,bev,Test Car List: name+wt,0.0,1.0
GMX,978,502,75.9329,9000,574.0,69.3,N,HUMMER EV PICKUP,General Motors LLC,bev,Test Car List: name,0.0,1.0
GMX,978,518,74.7647,8500,574.0,69.3,N,HUMMER EV PICKUP,General Motors LLC,bev,Test Car List: name+wt,0.0,1.0
GMX,979,503,76.3939,9000,804.0,64.8,N,HUMMER EV SUV MT TIRES,General Motors LLC,bev,Test Car List: tg+wt,0.0,1.0
GMX,979,516,67.1096,9000,574.0,64.8,N,HUMMER EV SUV MT TIRES,General Motors LLC,bev,Test Car List: tg+wt,0.0,1.0
GMX,980,504,76.3939,9000,804.0,69.3,N,HUMMER EV PICKUP MT TIRES,General Motors LLC,bev,Test Car List: tg+wt,0.0,1.0
GMX,980,515,67.1096,9000,574.0,69.3,N,HUMMER EV PICKUP MT TIRES,General Motors LLC,bev,Test Car List: tg+wt,0.0,1.0
HNX,801,712,135.5285,5500,288.0,56.2,N,Prologue AWD,"American Honda Motor Co., Inc.",bev,Test Car List: name+wt,0.0,1.0
HNX,801,713,130.9832,5500,288.0,56.2,N,Prologue AWD,"American Honda Motor Co., Inc.",bev,Test Car List: name+wt,0.0,1.0
HNX,802,711,141.7513,5000,212.0,56.2,N,Prologue FWD,"American Honda Motor Co., Inc.",bev,Test Car List: name,0.0,1.0
HNX,901,722,124.6684,6000,500.0,56.0,N,ZDX AWD,"American Honda Motor Co., Inc.",bev,Test Car List: name+wt,0.0,1.0
HNX,902,721,128.6146,6000,340.0,56.0,N,ZDX RWD,"American Honda Motor Co., Inc.",bev,Test Car List: name+wt,0.0,1.0
HNX,903,723,111.924,6500,500.0,56.0,N,ZDX AWD Type S,"American Honda Motor Co., Inc.",bev,Test Car List: name+wt,0.0,1.0
HYX,100,33,141.5319,4500,320.0,52.8,N,Ioniq 5 Long range AWD,Hyundai Motor Company,bev,Test Car List: tg,0.0,1.0
HYX,101,34,165.0634,4500,225.0,53.1,N,Ioniq 5 Long range RWD,Hyundai Motor Company,bev,Test Car List: tg+wt,0.0,1.0
HYX,102,35,159.0468,4000,167.0,53.1,N,Ioniq 5 Standard range RWD,Hyundai Motor Company,bev,Test Car List: tg,0.0,1.0
HYX,103,73,101.3116,5000,225.0,53.1,N,Ioniq 5 Robo taxi,Hyundai Motor Company,bev,Test Car List: name,0.0,1.0
HYX,151,71,168.7541,4000,133.0,45.7,N,Kona Electric Standard Range,Hyundai Motor Company,bev,Test Car List: name,0.0,1.0
HYX,152,72,165.5635,4000,201.0,45.7,N,Kona Electric Long Range,Hyundai Motor Company,bev,Test Car List: name+wt,0.0,1.0
HYX,251,60,191.4125,4500,225.0,52.1,N,Ioniq 6 Long range RWD (18'' Wheels),Hyundai Motor Company,bev,Test Car List: name+wt,0.0,1.0
HYX,252,61,161.7349,4500,225.0,51.9,N,Ioniq 6 Long range RWD (20'' Wheels),Hyundai Motor Company,bev,Test Car List: name+wt,0.0,1.0
HYX,253,62,176.8451,4500,321.0,52.1,N,Ioniq 6 Long range AWD (18'' Wheels),Hyundai Motor Company,bev,Test Car List: name,0.0,1.0
HYX,254,63,148.0618,4500,321.0,51.9,N,Ioniq 6 Long range AWD (20'' Wheels),Hyundai Motor Company,bev,Test Car List: name,0.0,1.0
HYX,255,59,198.5885,4000,149.0,52.1,N,Ioniq 6 Standard Range RWD,Hyundai Motor Company,bev,Test Car List: name,0.0,1.0
HYX,194,5,143.6889,5000,182.0,52.9,N,Electrified G80,Hyundai Motor Company,bev,Test Car List: name,0.0,1.0
HYX,200,1,167.1626,4500,225.0,51.1,N,GV60 Standard,Hyundai Motor Company,bev,Test Car List: name,0.0,1.0
HYX,201,2,145.2961,5000,314.0,51.1,N,GV60 Advanced (19'' Wheels),Hyundai Motor Company,bev,Test Car List: name+wt,0.0,1.0
HYX,202,3,135.6385,5000,314.0,50.9,N,GV60 Advanced (20'' Wheels),Hyundai Motor Company,bev,Test Car List: name+wt,0.0,1.0
HYX,203,4,130.7212,5000,430.0,50.9,N,GV60 Performance,Hyundai Motor Company,bev,Test Car List: name,0.0,1.0
HYX,352,68,129.5868,5000,430.0,51.1,N,Electrified GV70,Hyundai Motor Company,bev,Test Car List: name,0.0,1.0
JLX,11,591,112.875,5000,400.0,52.6,N,I-PACE EV400 (20 inch tires),Jaguar Land Rover Limited,bev,Test Car List: name,0.0,1.0
JLX,12,592,113.5787,5000,400.0,53.1,N,I-PACE EV400 SDS,Jaguar Land Rover Limited,bev,Test Car List: tg,0.0,1.0
JLX,18,593,106.1105,5000,400.0,52.8,N,I-PACE EV400 (22 inch tire),Jaguar Land Rover Limited,bev,Test Car List: tg,0.0,1.0
KMX,200,30,164.6079,4000,201.0,46.1,N,Niro Electric,Kia Corporation,bev,Test Car List: name+wt,0.0,1.0
KMX,500,34,155.0249,4500,320.0,51.1,N,EV6 Long Range AWD (19'' Wheels),Kia Corporation,bev,Test Car List: tg,0.0,1.0
KMX,501,33,123.8778,5000,577.0,50.9,N,EV6 AWD GT,Kia Corporation,bev,Test Car List: name+wt,0.0,1.0
KMX,502,35,140.5857,5000,320.0,50.9,N,EV6 Long Range AWD (20'' Wheels),Kia Corporation,bev,Test Car List: tg+wt,0.0,1.0
KMX,503,36,170.0765,4000,167.0,51.1,N,EV6 Standard Range RWD,Kia Corporation,bev,Test Car List: name,0.0,1.0
KMX,504,37,171.7429,4500,225.0,51.1,N,EV6 Long Range RWD,Kia Corporation,bev,Test Car List: name+wt,0.0,1.0
KMX,900,43,131.018,5500,215.0,56.9,N,EV9 Standard Range RWD,Kia Corporation,bev,Test Car List: name+wt,0.0,1.0
KMX,901,44,132.0186,5500,200.0,56.9,N,EV9 Long Range RWD,Kia Corporation,bev,Test Car List: name+wt,0.0,1.0
KMX,902,45,122.7169,6000,378.0,56.9,N,EV9 Long Range AWD,Kia Corporation,bev,Test Car List: name+wt,0.0,1.0
KMX,903,46,119.6905,6000,378.0,56.6,N,EV9 Long Range AWD GT-Line,Kia Corporation,bev,Test Car List: name+wt,0.0,1.0
LMU,1,1,144.9629,5500,1234.0,53.7,N,Air Sapphire AWD,"Lucid USA, Inc.",bev,Test Car List: name+wt,0.0,1.0
LMU,2,2,188.4432,4500,430.0,53.3,N,Air Pure RWD w/19&quot; wheels,"Lucid USA, Inc.",bev,Test Car List: tg,0.0,1.0
LMU,3,3,178.8656,4500,430.0,53.1,N,Air Pure RWD w/20&quot; wheels,"Lucid USA, Inc.",bev,Test Car List: tg,0.0,1.0
LMU,4,4,180.562,5000,719.5,53.3,N,Air Touring AWD w/19&quot; wheels,"Lucid USA, Inc.",bev,Test Car List: tg,0.0,1.0
LMU,5,5,166.4589,5000,719.5,53.1,N,Air Touring AWD w/20&quot; wheels,"Lucid USA, Inc.",bev,Test Car List: tg,0.0,1.0
LMU,6,6,159.6148,5000,719.5,53.1,N,Air Touring AWD w/21&quot; wheels,"Lucid USA, Inc.",bev,Test Car List: tg,0.0,1.0
LMU,7,7,153.3477,5500,819.0,53.1,N,Air G Touring XR AWD w/21&quot; wheels,"Lucid USA, Inc.",bev,Test Car List: tg+wt,0.0,1.0
LMU,8,8,160.0455,5500,819.0,53.1,N,Air G Touring XR AWD w/20&quot; wheels,"Lucid USA, Inc.",bev,Test Car List: tg+wt,0.0,1.0
LMU,9,9,174.7996,5500,819.0,53.3,N,Air G Touring XR AWD w/19&quot; wheels,"Lucid USA, Inc.",bev,Test Car List: tg+wt,0.0,1.0
MAX,72,72,117.8,5000,751.0,52.1,N,Granturismo Folgore,"Maserati North America, Inc.",bev,Test Car List: name,0.0,1.0
MAX,75,75,110.199,5500,751.0,52.2,N,Grancabrio Folgore,"Maserati North America, Inc.",bev,Test Car List: name+wt,0.0,1.0
MBX,900,900,114.4873,6500,649.0,57.2,N,AMG EQS 4MATIC+,Mercedes Benz,bev,Test Car List: name+wt,0.0,1.0
MBX,901,901,137.8888,6000,355.0,57.7,N,EQS 450+,Mercedes Benz,bev,Test Car List: name+wt,0.0,1.0
MBX,902,902,132.544,6000,516.0,57.7,N,EQS 580 4MATIC,Mercedes Benz,bev,Test Car List: name+wt,0.0,1.0
MBX,903,903,119.1435,6500,355.0,57.8,N,EQS 450+ (SUV),Mercedes Benz,bev,Test Car List: name+wt,0.0,1.0
MBX,905,905,129.3568,6000,355.0,57.7,N,EQS 450 4MATIC,Mercedes Benz,bev,Test Car List: name+wt,0.0,1.0
MBX,906,906,153.0072,5000,188.0,48.4,N,EQB 250+,Mercedes Benz,bev,Test Car List: name+wt,0.0,1.0
MBX,907,907,120.788,5000,225.0,48.4,N,EQB 300 4MATIC,Mercedes Benz,bev,Test Car List: name,0.0,1.0
MBX,908,908,123.4585,5000,288.0,48.3,N,EQB 350 4MATIC,Mercedes Benz,bev,Test Car List: name,0.0,1.0
MBX,909,909,99.9694,6000,617.0,54.7,N,AMG EQE 4MATIC+,Mercedes Benz,bev,Test Car List: name+wt,0.0,1.0
MBX,910,910,138.9648,5500,288.0,54.7,N,EQE 350+,Mercedes Benz,bev,Test Car List: name+wt,0.0,1.0
MBX,911,911,128.1431,6000,288.0,54.7,N,EQE 350 4MATIC,Mercedes Benz,bev,Test Car List: name+wt,0.0,1.0
MBX,912,912,123.7899,6000,402.0,54.7,N,EQE 500 4MATIC,Mercedes Benz,bev,Test Car List: name+wt,0.0,1.0
MBX,913,913,116.8937,6000,402.0,53.9,N,EQE 500 4MATIC (SUV),Mercedes Benz,bev,Test Car List: name+wt,0.0,1.0
MBX,915,915,133.4702,5500,288.0,53.9,N,EQE 350+ (SUV),Mercedes Benz,bev,Test Car List: name+wt,0.0,1.0
MBX,916,916,119.1268,6000,288.0,53.9,N,EQE 350 4MATIC (SUV),Mercedes Benz,bev,Test Car List: name+wt,0.0,1.0
MBX,917,917,113.9518,6500,355.0,57.8,N,EQS 450 4MATIC (SUV),Mercedes Benz,bev,Test Car List: name+wt,0.0,1.0
MBX,918,918,116.313,6500,536.0,57.8,N,EQS 580 4MATIC (SUV),Mercedes Benz,bev,Test Car List: name+wt,0.0,1.0
MBX,920,920,105.0979,7000,649.0,52.2,N,EQS 680 4MATIC Maybach (SUV),Mercedes Benz,bev,Test Car List: name+wt,0.0,1.0
MBX,922,922,104.3985,6000,617.0,54.0,N,AMG EQE 4MATIC+ (SUV),Mercedes Benz,bev,Test Car List: name+wt,0.0,1.0
NSX,25,902,158.2507,4000,147.0,45.0,N,LEAF,"Nissan Motor Co., Ltd.",bev,Test Car List: name,0.0,1.0
NSX,27,904,156.4206,4000,214.0,44.7,N,LEAF SV,"Nissan Motor Co., Ltd.",bev,Test Car List: tg,0.0,1.0
NSX,80,1,144.7798,4500,214.0,49.0,N,ARIYA ENGAGE FWD 63kWh,"Nissan Motor Co., Ltd.",bev,Test Car List: tg,0.0,1.0
NSX,81,2,136.4258,5000,335.0,49.0,N,ARIYA ENGAGE e-4ORCE 63kWh,"Nissan Motor Co., Ltd.",bev,Test Car List: tg+wt,0.0,1.0
NSX,82,3,147.1991,4500,239.0,49.0,N,ARIYA VENTURE+ FWD 87kWh,"Nissan Motor Co., Ltd.",bev,Test Car List: tg,0.0,1.0
NSX,84,5,131.4178,5000,389.0,49.0,N,ARIYA ENGAGE+/EVOLVE+ e-4ORCE 87kWh,"Nissan Motor Co., Ltd.",bev,Test Car List: tg,0.0,1.0
NSX,85,6,128.7505,5000,389.0,49.0,N,ARIYA PLATINUM+ e-4ORCE 87kWh 19in. Wheels,"Nissan Motor Co., Ltd.",bev,Test Car List: tg,0.0,1.0
NSX,86,7,123.9715,5500,389.0,48.7,N,ARIYA PLATINUM+ e-4ORCE 87kWh 20in. Wheels,"Nissan Motor Co., Ltd.",bev,Test Car List: tg+wt,0.0,1.0
NSX,89,4,140.0824,5000,239.0,49.0,N,ARIYA EVOLVE+/EMPOWER+ FWD 87kWh,"Nissan Motor Co., Ltd.",bev,Test Car List: tg+wt,0.0,1.0
PRX,330,330,139.7157,5500,382.0,52.7,N,Macan 4 Electric,Porsche AG,bev,Test Car List: name+wt,0.0,1.0
PRX,341,341,130.4393,6000,576.0,52.7,N,Macan Turbo Electric,Porsche AG,bev,Test Car List: name+wt,0.0,1.0
PRX,701,701,118.3828,5000,321.0,53.3,N,Taycan Performance Battery,Porsche AG,bev,Test Car List: name,0.0,1.0
PRX,705,705,114.6139,5500,375.0,53.3,N,Taycan 4 Cross Turismo,Porsche AG,bev,Test Car List: name+wt,0.0,1.0
PRX,721,721,113.8795,5500,482.0,53.3,N,Taycan 4S Perf Battery Plus,Porsche AG,bev,Test Car List: name+wt,0.0,1.0
PRX,725,725,112.5348,5500,482.0,53.3,N,Taycan 4S Cross Turismo,Porsche AG,bev,Test Car List: name+wt,0.0,1.0
PRX,740,740,115.1536,5500,616.0,52.6,N,Taycan Turbo,Porsche AG,bev,Test Car List: name+wt,0.0,1.0
PRX,745,745,115.659,5500,616.0,52.9,N,Taycan Turbo Cross Turismo,Porsche AG,bev,Test Car List: name+wt,0.0,1.0
PRX,755,755,108.1503,5500,616.0,52.5,N,Taycan Turbo S Cross Turismo,Porsche AG,bev,Test Car List: name+wt,0.0,1.0
PRX,770,770,118.3203,5500,693.0,52.2,N,Taycan GTS,Porsche AG,bev,Test Car List: name+wt,0.0,1.0
RIV,520,3,88.4337,7000,872.0,57.3,N,R1S Quad Large (20in),Rivian Automotive LLC,bev,Test Car List: tg+wt,0.0,1.0
RIV,521,2,97.7272,7000,872.0,57.3,N,R1S Quad Large (21in),Rivian Automotive LLC,bev,Test Car List: tg+wt,0.0,1.0
RIV,522,5,93.8442,7000,872.0,57.3,N,R1S Quad Large (22in),Rivian Automotive LLC,bev,Test Car List: tg+wt,0.0,1.0
RIV,530,18,97.2903,7500,665.0,57.3,N,R1S All-Terrain Dual Large (20in),Rivian Automotive LLC,bev,Test Car List: tg+wt,0.0,1.0
RIV,531,12,110.2763,7000,665.0,57.3,N,R1S Dual Large (21in),Rivian Automotive LLC,bev,Test Car List: tg+wt,0.0,1.0
RIV,532,13,106.2078,7000,665.0,57.3,N,R1S Dual Large (22in),Rivian Automotive LLC,bev,Test Car List: tg+wt,0.0,1.0
RIV,540,24,97.2903,7500,665.0,57.3,N,R1S All-Terrain Performance Dual Large (20in),Rivian Automotive LLC,bev,Test Car List: tg+wt,0.0,1.0
RIV,541,22,110.2763,7000,665.0,57.3,N,R1S Performance Dual Large (21in),Rivian Automotive LLC,bev,Test Car List: tg+wt,0.0,1.0
RIV,542,21,106.2078,7000,665.0,57.3,N,R1S Performance Dual Large (22in),Rivian Automotive LLC,bev,Test Car List: tg+wt,0.0,1.0
RIV,547,8,83.7576,7500,872.0,57.3,N,R1S All-Terrain Quad Large (20in),Rivian Automotive LLC,bev,Test Car List: tg+wt,0.0,1.0
RIV,550,33,104.3925,7500,665.0,57.3,N,R1S All-Terrain Dual Max (20in),Rivian Automotive LLC,bev,Test Car List: tg+wt,0.0,1.0
RIV,551,37,115.3272,7000,665.0,57.3,N,R1S Dual Max (21in),Rivian Automotive LLC,bev,Test Car List: tg+wt,0.0,1.0
RIV,552,41,107.2768,7000,665.0,57.3,N,R1S Dual Max (22in),Rivian Automotive LLC,bev,Test Car List: tg+wt,0.0,1.0
RIV,560,34,104.3925,7500,665.0,57.3,N,R1S All-Terrain Performance Dual Max (20in),Rivian Automotive LLC,bev,Test Car List: tg+wt,0.0,1.0
RIV,561,38,115.3272,7000,665.0,57.3,N,R1S Performance Dual Max (21in),Rivian Automotive LLC,bev,Test Car List: tg+wt,0.0,1.0
RIV,562,42,107.2768,7000,665.0,57.3,N,R1S Performance Dual Max (22in),Rivian Automotive LLC,bev,Test Car List: tg+wt,0.0,1.0
RIV,571,45,106.5169,7000,665.0,57.3,N,R1S Dual Standard (21in),Rivian Automotive LLC,bev,Test Car List: name+wt,0.0,1.0
RIV,572,46,100.2478,7000,665.0,57.3,N,R1S Dual Standard (22in),Rivian Automotive LLC,bev,Test Car List: tg+wt,0.0,1.0
RIV,580,49,93.2323,7500,665.0,57.3,N,R1S All-Terrain Dual Standard Plus (20in),Rivian Automotive LLC,bev,Test Car List: name+wt,0.0,1.0
RIV,581,53,109.9173,7000,665.0,57.3,N,R1S Dual Standard Plus (21in),Rivian Automotive LLC,bev,Test Car List: tg+wt,0.0,1.0
RIV,582,57,103.0073,7000,665.0,57.3,N,R1S Dual Standard Plus (22in),Rivian Automotive LLC,bev,Test Car List: tg+wt,0.0,1.0
RIV,590,50,93.2323,7500,665.0,57.3,N,R1S AT Performance Dual Standard Plus (20in),Rivian Automotive LLC,bev,Test Car List: tg+wt,0.0,1.0
RIV,591,54,109.9173,7000,665.0,57.3,N,R1S Performance Dual Standard Plus (21in),Rivian Automotive LLC,bev,Test Car List: name+wt,0.0,1.0
RIV,592,58,103.0073,7000,665.0,57.3,N,R1S Performance Dual Standard (22in),Rivian Automotive LLC,bev,Test Car List: tg+wt,0.0,1.0
RIV,720,4,88.4337,7000,872.0,64.2,N,R1T Quad Large (20in),Rivian Automotive LLC,bev,Test Car List: tg+wt,0.0,1.0
RIV,721,1,98.5468,7000,872.0,64.2,N,R1T Quad Large (21in),Rivian Automotive LLC,bev,Test Car List: tg+wt,0.0,1.0
RIV,722,6,93.8442,7000,872.0,64.2,N,R1T Quad Large (22in),Rivian Automotive LLC,bev,Test Car List: tg+wt,0.0,1.0
RIV,730,17,97.2903,7500,665.0,64.2,N,R1T All-Terrain Dual Large (20in),Rivian Automotive LLC,bev,Test Car List: tg+wt,0.0,1.0
RIV,731,11,110.2763,7000,665.0,64.2,N,R1T Dual Large (21in),Rivian Automotive LLC,bev,Test Car List: tg+wt,0.0,1.0
RIV,732,14,104.9994,7000,665.0,64.2,N,R1T Dual Large (22in),Rivian Automotive LLC,bev,Test Car List: tg+wt,0.0,1.0
RIV,740,25,97.2903,7500,665.0,64.2,N,R1T All-Terrain Performance Dual Large (20in),Rivian Automotive LLC,bev,Test Car List: tg+wt,0.0,1.0
RIV,741,23,110.2763,7000,665.0,64.2,N,R1T Performance Dual Large (21in),Rivian Automotive LLC,bev,Test Car List: tg+wt,0.0,1.0
RIV,742,20,104.9994,7000,665.0,64.2,N,R1T Performance Dual Large (22in),Rivian Automotive LLC,bev,Test Car List: tg+wt,0.0,1.0
RIV,747,7,83.7576,7500,872.0,64.2,N,R1T All-Terrain Quad Large (20in),Rivian Automotive LLC,bev,Test Car List: tg+wt,0.0,1.0
RIV,750,31,104.3925,7500,665.0,64.2,N,R1T All-Terrain Dual Max (20in),Rivian Automotive LLC,bev,Test Car List: tg+wt,0.0,1.0
RIV,751,35,118.5893,7000,665.0,64.2,N,R1T Dual Max (21in),Rivian Automotive LLC,bev,Test Car List: tg+wt,0.0,1.0
RIV,752,39,107.2768,7000,665.0,64.2,N,R1T Dual Max (22in),Rivian Automotive LLC,bev,Test Car List: tg+wt,0.0,1.0
RIV,760,32,104.3925,7500,665.0,64.2,N,R1T All-Terrain Performance Dual Max (20in),Rivian Automotive LLC,bev,Test Car List: tg+wt,0.0,1.0
RIV,761,36,118.5893,7000,665.0,64.2,N,R1T Performance Dual Max (21in),Rivian Automotive LLC,bev,Test Car List: tg+wt,0.0,1.0
RIV,762,40,107.2768,7000,665.0,64.2,N,R1T Performance Dual Max (22in),Rivian Automotive LLC,bev,Test Car List: tg+wt,0.0,1.0
RIV,771,43,106.5169,7000,665.0,64.2,N,R1T Dual Standard (21in),Rivian Automotive LLC,bev,Test Car List: tg+wt,0.0,1.0
RIV,772,44,100.2478,7000,665.0,64.2,N,R1T Dual Standard (22in),Rivian Automotive LLC,bev,Test Car List: name+wt,0.0,1.0
RIV,780,47,93.2323,7500,665.0,64.2,N,R1T All-Terrain Dual Standard Plus (20in),Rivian Automotive LLC,bev,Test Car List: tg+wt,0.0,1.0
RIV,781,51,109.9173,7000,665.0,64.2,N,R1T Dual Standard Plus (21in),Rivian Automotive LLC,bev,Test Car List: tg+wt,0.0,1.0
RIV,782,55,103.0073,7000,665.0,64.2,N,R1T Dual Standard Plus (22in),Rivian Automotive LLC,bev,Test Car List: tg+wt,0.0,1.0
RIV,790,48,93.2323,7500,665.0,64.2,N,R1T AT Performance Dual Standard Plus (20in),Rivian Automotive LLC,bev,Test Car List: tg+wt,0.0,1.0
RIV,791,52,109.9173,7000,665.0,64.2,N,R1T Performance Dual Standard Plus (21in),Rivian Automotive LLC,bev,Test Car List: tg+wt,0.0,1.0
RIV,792,56,103.0073,7000,665.0,64.2,N,R1T Performance Dual Standard Plus (22in),Rivian Automotive LLC,bev,Test Car List: tg+wt,0.0,1.0
RRG,26,17,110.321,6500,577.0,58.6,N,Spectre (22'' Wheels),Rolls-Royce Motor Cars Limited,bev,Test Car List: name+wt,0.0,1.0
RRG,27,18,100.6545,7000,577.0,58.8,N,Spectre (23'' Wheels),Rolls-Royce Motor Cars Limited,bev,Test Car List: name+wt,0.0,1.0
RRG,29,26,99.7323,7000,650.0,58.8,N,Black Badge Spectre (23'' Wheels),Rolls-Royce Motor Cars Limited,bev,Test Car List: name+wt,0.0,1.0
TSL,41,41,171.9299,4500,272.0,51.1,N,Model Y RWD,"Tesla, Inc.",bev,Test Car List: name+wt,0.0,1.0
TSL,42,42,171.5898,4500,296.0,51.1,N,Model Y Long Range RWD,"Tesla, Inc.",bev,Test Car List: name+wt,0.0,1.0
TSL,45,45,159.4878,4500,390.0,51.1,N,Model Y Long Range AWD,"Tesla, Inc.",bev,Test Car List: name,0.0,1.0
TSL,46,46,165.615,4500,421.0,51.1,N,Model Y Long Range AWD-I,"Tesla, Inc.",bev,Test Car List: tg,0.0,1.0
TSL,47,47,148.5556,4500,452.0,51.3,N,Model Y Performance AWD,"Tesla, Inc.",bev,Test Car List: name,0.0,1.0
TSL,58,58,173.5314,4500,658.0,54.4,N,Model S,"Tesla, Inc.",bev,Test Car List: tg,0.0,1.0
TSL,59,59,128.26172164866068,5000,1006.0,54.4,N,Model S Plaid (21&quot; Wheels),"Tesla, Inc.",bev,Test Car List: tg+wt,0.0,1.0
TSL,60,60,147.5059,5000,1006.0,54.4,N,Model S Plaid (19&quot; Wheels),"Tesla, Inc.",bev,Test Car List: tg+wt,0.0,1.0
TSL,73,73,140.598,5500,658.0,55.0,N,Model X,"Tesla, Inc.",bev,Test Car List: tg+wt,0.0,1.0
TSL,74,74,126.3145,5500,925.0,55.0,N,Model X Plaid (22&quot; Wheels),"Tesla, Inc.",bev,Test Car List: tg+wt,0.0,1.0
TSL,76,76,134.086,5500,925.0,55.0,N,Model X Plaid (20&quot; Wheels),"Tesla, Inc.",bev,Test Car List: tg+wt,0.0,1.0
TSL,80,31,159.2154,4000,257.0,49.2,N,Model 3 RWD,"Tesla, Inc.",bev,Test Car List: name,0.0,1.0
TSL,81,32,195.4153,4000,302.0,49.2,N,Model 3 Long Range RWD,"Tesla, Inc.",bev,Test Car List: name,0.0,1.0
TSL,92,35,186.367,4000,370.0,49.2,N,Model 3 Long Range AWD,"Tesla, Inc.",bev,Test Car List: name,0.0,1.0
TSL,93,36,182.5546,4000,397.0,49.2,N,Model 3 Long Range AWD-E,"Tesla, Inc.",bev,Test Car List: name,0.0,1.0
TSL,95,38,150.924,4000,510.0,48.9,N,Model 3 Performance AWD,"Tesla, Inc.",bev,Test Car List: name,0.0,1.0
TYX,210,8,170.0394,4500,98.0,49.2,N,bZ4X,Toyota Motor Corporation,bev,Test Car List: name+wt,0.0,1.0
TYX,212,10,159.763,4500,98.0,49.2,N,bZ4X LIMITED,Toyota Motor Corporation,bev,Test Car List: name,0.0,1.0
TYX,215,9,155.4526,4500,158.0,49.2,N,bZ4X AWD,Toyota Motor Corporation,bev,Test Car List: name,0.0,1.0
TYX,217,13,152.8377,4500,158.0,49.2,N,bZ4X LIMITED AWD,Toyota Motor Corporation,bev,Test Car List: name,0.0,1.0
TYX,90,163,154.614,5000,177.0,49.6,N,RZ 450e AWD (18inch Wheels),Toyota Motor Corporation,bev,Test Car List: tg+wt,0.0,1.0
TYX,91,162,179.9444,4500,98.0,49.6,N,RZ 300e (18inch Wheels),Toyota Motor Corporation,bev,Test Car List: name+wt,0.0,1.0
TYX,92,165,137.1255,5000,177.0,49.6,N,RZ 450e AWD (20inch Wheels),Toyota Motor Corporation,bev,Test Car List: tg+wt,0.0,1.0
TYX,96,164,152.9184,4500,98.0,49.6,N,RZ 300e (20inch Wheels),Toyota Motor Corporation,bev,Test Car List: name,0.0,1.0
VGA,306,306,146.0485,5000,335.0,47.0,N,ID.4 AWD Pro S,"Volkswagen Group of America, Inc.",bev,Test Car List: tg,0.0,1.0
VGA,307,307,161.6696,5000,210.0,46.9,N,ID.4 Pro S,"Volkswagen Group of America, Inc.",bev,Test Car List: tg+wt,0.0,1.0
VGA,308,308,146.0485,5000,335.0,46.8,N,ID.4 AWD Pro,"Volkswagen Group of America, Inc.",bev,Test Car List: name,0.0,1.0
VGA,309,309,161.6696,5000,210.0,46.8,N,ID.4 Pro,"Volkswagen Group of America, Inc.",bev,Test Car List: name+wt,0.0,1.0
VGA,310,310,152.5547,4500,201.0,46.8,N,ID.4 S,"Volkswagen Group of America, Inc.",bev,Test Car List: name,0.0,1.0
VGA,311,311,152.5547,4500,201.0,46.8,N,ID.4,"Volkswagen Group of America, Inc.",bev,Test Car List: name+wt,0.0,1.0
VGA,349,349,114.3447,6000,402.0,52.1,N,Q8 Sportback e-tron ultra quattro,"Volkswagen Group of America, Inc.",bev,Test Car List: name+wt,0.0,1.0
VGA,350,350,107.3165,6000,402.0,52.0,N,Q8 e-tron quattro,"Volkswagen Group of America, Inc.",bev,Test Car List: name+wt,0.0,1.0
VGA,351,351,114.0957,6000,402.0,52.0,N,Q8 Sportback e-tron quattro,"Volkswagen Group of America, Inc.",bev,Test Car List: name+wt,0.0,1.0
VGA,352,352,120.5874,5500,469.0,52.6,N,e-tron GT,"Volkswagen Group of America, Inc.",bev,Test Car List: name+wt,0.0,1.0
VGA,353,353,120.5874,5500,590.0,52.6,N,RS e-tron GT,"Volkswagen Group of America, Inc.",bev,Test Car List: name+wt,0.0,1.0
VGA,354,354,95.3375,6500,496.0,53.1,N,SQ8 e-tron (20 in. wheels),"Volkswagen Group of America, Inc.",bev,Test Car List: tg+wt,0.0,1.0
VGA,355,355,95.3375,6500,496.0,53.1,N,SQ8 Sportback e-tron (20 in.wheels),"Volkswagen Group of America, Inc.",bev,Test Car List: tg+wt,0.0,1.0
VGA,356,356,81.6063,6500,496.0,52.8,N,SQ8 e-tron (21/22 in.wheels),"Volkswagen Group of America, Inc.",bev,Test Car List: tg+wt,0.0,1.0
VGA,357,357,81.6063,6500,496.0,52.8,N,SQ8 Sportback e-tron (21/22 in.wheels),"Volkswagen Group of America, Inc.",bev,Test Car List: tg+wt,0.0,1.0
VGA,358,358,132.2793,5000,335.0,47.0,N,Q4 50 e-tron quattro,"Volkswagen Group of America, Inc.",bev,Test Car List: tg,0.0,1.0
VGA,359,359,135.4365,5000,335.0,47.0,N,Q4 Sportback 50 e-tron quattro,"Volkswagen Group of America, Inc.",bev,Test Car List: tg,0.0,1.0
VGA,360,360,147.26379027853633,5000,201.0,46.9,N,Q4 40 e-tron,"Volkswagen Group of America, Inc.",bev,Test Car List: tg+wt,0.0,1.0
VGA,362,362,142.7504,5000,335.0,46.9,N,Q4 55 e-tron quattro,"Volkswagen Group of America, Inc.",bev,Test Car List: name,0.0,1.0
VGA,363,363,142.7504,5000,335.0,47.0,N,Q4 Sportback 55 e-tron quattro,"Volkswagen Group of America, Inc.",bev,Test Car List: name,0.0,1.0
VTP,1,3,101.7005,5500,348.0,52.7,N,VF 8 Eco,VinFast Trading and Production Joint Stock Company,bev,Test Car List: name+wt,0.0,1.0
VTP,2,4,62.3061,6000,402.0,52.7,N,VF 8 Plus,VinFast Trading and Production Joint Stock Company,bev,Test Car List: name+wt,0.0,1.0
VTP,3,1,101.8049,6500,402.0,58.6,N,VF 9 Eco,VinFast Trading and Production Joint Stock Company,bev,Test Car List: name+wt,0.0,1.0
VTP,4,2,96.7352,7000,402.0,58.6,N,VF 9 Plus,VinFast Trading and Production Joint Stock Company,bev,Test Car List: name+wt,0.0,1.0
VVX,246,246,135.0447,5000,402.0,46.8,N,XC40 Recharge Twin,"Volvo Car USA,  LLC",bev,Test Car List: name+wt,0.0,1.0
VVX,247,247,135.045,5000,402.0,46.8,N,C40 Recharge twin,"Volvo Car USA,  LLC",bev,Test Car List: name+wt,0.0,1.0
VVX,251,251,148.8024,4500,248.0,46.8,N,XC40 Recharge,"Volvo Car USA,  LLC",bev,Test Car List: name,0.0,1.0
VVX,252,252,152.8434,4500,248.0,46.8,N,C40 Recharge,"Volvo Car USA,  LLC",bev,Test Car List: name,0.0,1.0
VVX,248,248,144.104,5000,402.0,47.0,N,Polestar 2 Dual Motor (19 Inch Wheels),"Volvo Car USA,  LLC",bev,Test Car List: tg+wt,0.0,1.0
VVX,249,249,144.104,5000,402.0,47.0,N,Polestar 2 Dual Motor Performance Pack,"Volvo Car USA,  LLC",bev,Test Car List: tg+wt,0.0,1.0
VVX,250,250,159.6008,4500,348.5,47.0,N,Polestar 2 Single Motor (19 Inch Wheels),"Volvo Car USA,  LLC",bev,Test Car List: tg,0.0,1.0
VVX,257,257,144.104,5000,402.0,47.0,N,Polestar 2 Dual Motor (20 Inch Wheels),"Volvo Car USA,  LLC",bev,Test Car List: tg+wt,0.0,1.0
VVX,258,258,159.6008,4500,348.5,47.0,N,Polestar 2 Single Motor (20 Inch Wheels),"Volvo Car USA,  LLC",bev,Test Car List: tg,0.0,1.0
